player_id,player_name,minutes,goals,assists,goals_per_90,assists_per_90,date,market_value_in_eur,date_of_birth,position,current_club_name,current_club_domestic_competition_id,age,actual_value_m,clean_name,birth_year,Born,position_group,xG,xAG,PrgC,PrgP,PrgR,Sh,club,league,xG_per_90,xAG_per_90,PrgC_per_90,PrgP_per_90,PrgR_per_90,Sh_per_90,predicted_value_m,value_gap_m,undervaluation_pct
346853,Romano Schmid,2846,5,5,0.1581166549543218,0.1581166549543218,2025-06-05,17000000.0,2000-01-27,Midfield,SV Werder Bremen,L1,25.423682409308693,17.0,romano schmid,2000,2000.0,Midfield,4.3,6.2,107,279,201,47,SV Werder Bremen,Bundesliga,0.1359803232607168,0.1960646521433591,3.3836964160224876,8.82290934645116,6.356289529163739,1.4862965565706254,83.36213696488697,66.36213696488697,390.3655115581587
532826,Mason Greenwood,2818,21,6,0.6706884315117104,0.1916252661462029,2025-06-03,40000000.0,2001-10-01,Attack,Olympique Marseille,FR1,23.745379876796715,40.0,mason greenwood,2001,2001.0,Attack,16.3,5.7,126,157,295,111,Olympique Marseille,Ligue 1,0.5205819730305181,0.18204400283889283,4.024130589070262,5.014194464158978,9.421575585521646,3.5450674237047552,96.74929501979499,56.749295019794985,141.87323754948747
592979,Himad Abdelli,2849,6,1,0.1895401895401895,0.0315900315900315,2025-06-03,7000000.0,1999-11-17,Midfield,Olympique Marseille,FR1,25.61806981519507,7.0,himad abdelli,1999,1999.0,Midfield,6.4,3.2,107,207,111,35,Olympique Marseille,Ligue 1,0.2021762021762022,0.1010881010881011,3.38013338013338,6.53913653913654,3.5064935064935066,1.1056511056511056,57.55482620620121,50.55482620620121,722.2118029457316
148455,Mohamed Salah,3380,29,18,0.772189349112426,0.4792899408284023,2025-05-30,50000000.0,1992-06-15,Attack,Liverpool FC,GB1,33.040383299110196,50.0,mohamed salah,1992,1992.0,Attack,25.2,14.2,154,144,488,121,Liverpool FC,Premier League,0.6710059171597632,0.37810650887573966,4.100591715976331,3.834319526627219,12.994082840236688,3.22189349112426,94.86744067044069,44.867440670440686,89.73488134088137
395236,Yacine Adli,1208,4,6,0.2980132450331126,0.4470198675496689,2025-06-17,11000000.0,2000-07-29,Midfield,Al-Shabab Club,SA1,24.919917864476385,11.0,yacine adli,2000,2000.0,Midfield,1.0,2.4,24,103,30,14,Al-Shabab Club,,0.07450331125827815,0.17880794701986755,1.7880794701986755,7.673841059602649,2.2350993377483444,1.0430463576158941,55.713039192289166,44.713039192289166,406.48217447535603
192565,Leroy Sané,1634,11,6,0.605875152998776,0.3304773561811505,2025-06-05,32000000.0,1996-01-11,Attack,Galatasaray,TR1,29.46748802190281,32.0,leroy sane,1996,1996.0,Attack,10.2,5.5,75,64,266,67,Galatasaray,,0.5618115055079559,0.302937576499388,4.130966952264382,3.5250917992656055,14.651162790697676,3.6903304773561807,74.23417520442518,42.234175204425185,131.9817975138287
708265,Bradley Barcola,2193,14,11,0.5745554035567715,0.4514363885088919,2025-06-03,70000000.0,2002-09-02,Attack,Paris Saint-Germain,FR1,22.82546201232033,70.0,bradley barcola,2002,2002.0,Attack,13.4,10.1,137,96,374,74,Paris Saint-Germain,Ligue 1,0.5499316005471956,0.41450068399452805,5.622435020519836,3.9398084815321477,15.348837209302326,3.036935704514364,109.43902873977876,39.43902873977876,56.34146962825538
918969,Lamine Camara,2065,2,7,0.0871670702179176,0.3050847457627118,2025-06-03,22000000.0,2004-01-01,Midfield,AS Monaco,FR1,21.49486652977413,22.0,lamine camara,2004,2004.0,Midfield,2.3,4.4,25,141,46,26,AS Monaco,Ligue 1,0.10024213075060531,0.1917675544794189,1.089588377723971,6.145278450363197,2.0048426150121066,1.1331719128329298,58.388291726791735,36.388291726791735,165.40132603087153
554903,Mateo Retegui,2404,25,8,0.9359400998336106,0.2995008319467554,2025-06-17,45000000.0,1999-04-29,Attack,Al-Qadsiah Saudi Football Club,SA1,26.171115674195757,45.0,mateo retegui,1999,1999.0,Attack,18.9,4.9,21,46,199,99,Al-Qadsiah Saudi Football Club,,0.7075707154742096,0.1834442595673877,0.7861896838602329,1.7221297836938436,7.450083194675541,3.706322795341098,78.72076851851851,33.72076851851851,74.93504115226337
368482,Riccardo Orsolini,1886,15,5,0.7158006362672321,0.2386002120890774,2025-06-17,25000000.0,1997-01-24,Attack,Bologna Football Club 1909,IT1,28.42984257357974,25.0,riccardo orsolini,1997,1997.0,Attack,10.1,3.7,61,69,186,72,Bologna Football Club 1909,Serie A,0.48197242841993637,0.17656415694591732,2.9109225874867444,3.292682926829268,8.87592788971368,3.435843054082715,58.634783127058085,33.634783127058085,134.53913250823234
346567,Luca Pellegrini,1058,0,6,0.0,0.5103969754253308,2025-06-17,3000000.0,1999-03-07,Defender,Società Sportiva Lazio S.p.A.,IT1,26.316221765913756,3.0,luca pellegrini,1999,1999.0,Defender,0.7,1.8,21,72,61,13,Società Sportiva Lazio S.p.A.,Serie A,0.05954631379962192,0.15311909262759926,1.7863894139886578,6.12476370510397,5.189035916824197,1.10586011342155,35.66280822603322,32.66280822603322,1088.7602742011074
540941,Mikkel Damsgaard,2930,2,11,0.0614334470989761,0.3378839590443686,2025-05-30,28000000.0,2000-07-03,Midfield,Brentford FC,GB1,24.99110198494182,28.0,mikkel damsgaard,2000,2000.0,Midfield,2.8,8.4,73,234,137,35,Brentford FC,Premier League,0.08600682593856654,0.25802047781569964,2.242320819112628,7.187713310580205,4.208191126279863,1.075085324232082,60.06541003441008,32.06541003441008,114.51932155146456
341227,Juan Miranda,2277,0,6,0.0,0.2371541501976284,2025-06-17,15000000.0,2000-01-19,Defender,Bologna Football Club 1909,IT1,25.44558521560575,15.0,juan miranda,2000,2000.0,Defender,0.7,6.1,34,163,88,22,Bologna Football Club 1909,Serie A,0.02766798418972332,0.24110671936758893,1.3438735177865613,6.442687747035573,3.4782608695652173,0.8695652173913043,46.868178330928316,31.868178330928316,212.45452220618878
355861,Arnaut Danjuma,1538,4,0,0.2340702210663199,0.0,2025-06-09,4000000.0,1997-01-31,Attack,Valencia CF,ES1,28.410677618069816,4.0,arnaut danjuma,1997,1997.0,Attack,4.4,1.7,95,42,202,36,Valencia CF,La Liga,0.2574772431729519,0.09947984395318596,5.559167750325098,2.457737321196359,11.820546163849153,2.1066319895968793,35.615289823139825,31.615289823139825,790.3822455784956
434433,Nikola Krstović,3070,11,5,0.3224755700325732,0.1465798045602606,2025-06-17,15000000.0,2000-04-05,Attack,US Lecce,IT1,25.234770704996578,15.0,nikola krstovic,2000,2000.0,Attack,12.1,2.9,42,56,149,134,US Lecce,Serie A,0.3547231270358306,0.08501628664495114,1.231270358306189,1.6416938110749184,4.368078175895765,3.9283387622149837,46.558586229511235,31.558586229511235,210.39057486340823
566723,Michael Olise,2347,12,18,0.4601619088197699,0.6902428632296549,2025-06-05,100000000.0,2001-12-12,Attack,Bayern Munich,L1,23.548254620123203,100.0,michael olise,2001,2001.0,Attack,9.7,12.0,119,184,381,86,Bayern Munich,Bundesliga,0.371964209629314,0.4601619088197699,4.563272262462719,7.055815935236472,14.610140605027695,3.2978270132083507,129.9269402356902,29.92694023569021,29.926940235690207
783094,Benjamin Bouchouari,1775,1,0,0.0507042253521126,0.0,2025-06-03,5000000.0,2001-11-13,Midfield,Trabzonspor,TR1,23.627652292950035,5.0,benjamin bouchouari,2001,2001.0,Midfield,0.6,0.9,48,133,54,16,Trabzonspor,,0.030422535211267605,0.045633802816901416,2.4338028169014088,6.743661971830986,2.7380281690140844,0.8112676056338028,34.83827547730047,29.83827547730047,596.7655095460094
392569,Gabriele Zappa,3062,2,0,0.0587851077726975,0.0,2025-06-17,4000000.0,1999-12-22,Defender,Cagliari Calcio,IT1,25.522245037645447,4.0,gabriele zappa,1999,1999.0,Defender,0.9,3.6,57,146,82,11,Cagliari Calcio,Serie A,0.026453298497713912,0.10581319399085565,1.6753755715218812,4.291312867406924,2.410189418680601,0.3233180927498367,32.67555309320311,28.675553093203114,716.8888273300778
395237,Maxence Caqueret,1670,2,3,0.1077844311377245,0.1616766467065868,2025-06-17,16000000.0,2000-02-15,Midfield,Como 1907,IT1,25.371663244353183,16.0,maxence caqueret,2000,2000.0,Midfield,1.5,1.9,29,126,61,15,Como 1907,Serie A,0.08083832335329341,0.10239520958083831,1.562874251497006,6.790419161676646,3.287425149700599,0.8083832335329341,44.50184008584008,28.50184008584008,178.1365005365005
435772,Charles De Ketelaere,2080,7,8,0.3028846153846154,0.3461538461538461,2025-06-17,35000000.0,2001-03-10,Midfield,Atalanta BC,IT1,24.306639288158795,35.0,charles de ketelaere,2001,2001.0,Midfield,7.3,6.0,108,140,211,48,Atalanta BC,Serie A,0.3158653846153846,0.25961538461538464,4.673076923076923,6.0576923076923075,9.129807692307692,2.076923076923077,63.02284096921603,28.022840969216027,80.06525991204579
38253,Robert Lewandowski,2682,27,2,0.9060402684563758,0.0671140939597315,2025-06-09,12000000.0,1988-08-21,Attack,FC Barcelona,ES1,36.85694729637235,12.0,robert lewandowski,1988,1988.0,Attack,27.1,2.3,27,48,164,111,FC Barcelona,La Liga,0.9093959731543625,0.07718120805369127,0.9060402684563758,1.610738255033557,5.503355704697986,3.7248322147651005,39.88562048137049,27.885620481370488,232.38017067808738
729814,Georges Mikautadze,1434,11,6,0.6903765690376569,0.3765690376569037,2025-06-03,22000000.0,2000-10-31,Attack,Villarreal CF,ES1,24.66255989048597,22.0,georges mikautadze,2000,2000.0,Attack,10.3,4.3,37,54,140,52,Villarreal CF,La Liga,0.6464435146443516,0.26987447698744765,2.3221757322175733,3.389121338912134,8.786610878661088,3.2635983263598325,49.75106613756611,27.751066137566113,126.14120971620962
391004,Jonas Wind,1971,9,3,0.410958904109589,0.136986301369863,2025-06-05,12000000.0,1999-02-07,Attack,VfL Wolfsburg,L1,26.392881587953458,12.0,jonas wind,1999,1999.0,Attack,5.7,4.2,17,100,94,38,VfL Wolfsburg,Bundesliga,0.2602739726027397,0.1917808219178082,0.776255707762557,4.5662100456621,4.292237442922374,1.735159817351598,38.98935730750734,26.98935730750734,224.9113108958945
427572,Zuriko Davitashvili,2763,9,8,0.2931596091205212,0.260586319218241,2025-06-03,10000000.0,2001-02-15,Attack,AS Saint-Étienne,FR1,24.369609856262834,10.0,zuriko davitashvili,2001,2001.0,Attack,8.1,4.7,95,73,224,68,AS Saint-Étienne,Ligue 1,0.26384364820846906,0.15309446254071662,3.0944625407166124,2.3778501628664497,7.296416938110749,2.214983713355049,36.89809969937469,26.89809969937469,268.9809969937469
242273,Pedro Chirivella,2363,0,2,0.0,0.0761743546339399,2025-06-03,5000000.0,1997-05-23,Midfield,Panathinaikos Athlitikos Omilos,GR1,28.10403832991102,5.0,pedro chirivella,1997,1997.0,Midfield,0.5,1.8,16,170,25,8,Panathinaikos Athlitikos Omilos,,0.01904358865848498,0.06855691917054592,0.6093948370715193,6.474820143884892,0.9521794329242489,0.30469741853575966,31.36299573112073,26.36299573112073,527.2599146224146
634131,Aimar Oroz,2983,5,4,0.150854844116661,0.1206838752933288,2025-06-09,15000000.0,2001-11-27,Midfield,CA Osasuna,ES1,23.589322381930184,15.0,aimar oroz,2001,2001.0,Midfield,4.2,2.9,74,163,142,47,CA Osasuna,La Liga,0.12671806905799532,0.08749580958766343,2.232651692926584,4.917867918203151,4.284277572913175,1.418035534696614,41.03610185185184,26.03610185185184,173.57401234567894
465830,Mattéo Guendouzi,3275,1,3,0.0274809160305343,0.082442748091603,2025-06-17,32000000.0,1999-04-14,Midfield,Società Sportiva Lazio S.p.A.,IT1,26.21218343600274,32.0,matteo guendouzi,1999,1999.0,Midfield,1.4,3.2,89,316,64,27,Società Sportiva Lazio S.p.A.,Serie A,0.03847328244274809,0.08793893129770994,2.445801526717557,8.683969465648856,1.7587786259541984,0.7419847328244276,57.41042015392013,25.41042015392013,79.4075629810004
745200,Maghnes Akliouche,2408,5,10,0.1868770764119601,0.3737541528239202,2025-06-03,45000000.0,2002-02-25,Attack,AS Monaco,FR1,23.342915811088297,45.0,maghnes akliouche,2002,2002.0,Attack,9.2,7.3,127,173,226,61,AS Monaco,Ligue 1,0.3438538205980066,0.2728405315614618,4.746677740863787,6.46594684385382,8.446843853820598,2.2799003322259135,70.40780254930262,25.407802549302616,56.4617834428947
569598,Youssouf Fofana,2510,1,6,0.0358565737051792,0.2151394422310756,2025-06-17,30000000.0,1999-01-10,Midfield,AC Milan,IT1,26.469541409993155,30.0,youssouf fofana,1999,1999.0,Midfield,1.3,3.4,44,176,32,36,AC Milan,Serie A,0.04661354581673306,0.12191235059760956,1.5776892430278886,6.310756972111554,1.1474103585657371,1.2908366533864541,55.153922503422486,25.153922503422486,83.84640834474162
569140,Lassine Sinayoko,2307,5,9,0.1950585175552665,0.3511053315994799,2025-06-03,4000000.0,1999-12-08,Attack,AJ Auxerre,FR1,25.560574948665295,4.0,lassine sinayoko,1999,1999.0,Attack,6.5,5.5,53,62,193,60,AJ Auxerre,Ligue 1,0.2535760728218466,0.21456436931079323,2.0676202860858255,2.4187256176853054,7.529258777633291,2.3407022106631987,28.163482239057224,24.163482239057224,604.0870559764306
826224,Arnau Martínez,2627,2,2,0.0685192234488009,0.0685192234488009,2025-06-09,10000000.0,2003-04-25,Defender,Girona FC,ES1,22.18206707734429,10.0,arnau martinez,2003,2003.0,Defender,1.2,2.2,41,162,102,19,Girona FC,La Liga,0.041111534069280545,0.07537114579368101,1.4046440807004188,5.550057099352874,3.4944803958888464,0.6509326227636087,34.113457539682535,24.113457539682535,241.13457539682534
955281,Nhoa Sangui,1148,0,2,0.0,0.156794425087108,2025-06-03,2500000.0,2006-02-27,Defender,Paris FC,FR1,19.33744010951403,2.5,nhoa sangui,2006,2006.0,Defender,0.1,0.5,21,45,53,3,Paris FC,Ligue 1,0.0078397212543554,0.039198606271777,1.646341463414634,3.52787456445993,4.155052264808362,0.23519163763066203,26.28473887686389,23.78473887686389,951.3895550745556
540536,Carlos Vicente,3098,5,5,0.1452550032278889,0.1452550032278889,2024-06-07,4000000.0,1999-04-23,Attack,Deportivo Alavés,ES1,26.187542778918548,4.0,carlos vicente,1999,1999.0,Attack,3.5,5.4,104,68,226,35,Deportivo Alavés,La Liga,0.10167850225952228,0.15687540348612009,3.0213040671400906,1.9754680438992898,6.565526145900581,1.0167850225952226,27.589560052910056,23.589560052910056,589.7390013227514
711969,Lorenz Assignon,2363,3,4,0.1142615319509098,0.1523487092678798,2025-06-03,9000000.0,2000-06-22,Defender,VfB Stuttgart,L1,25.021218343600275,9.0,lorenz assignon,2000,2000.0,Defender,2.2,3.5,98,116,206,22,VfB Stuttgart,Bundesliga,0.08379179009733391,0.13330512060939484,3.732543377063055,4.418112568768515,7.845958527295811,0.837917900973339,32.06057912457912,23.06057912457912,256.228656939768
401922,Samuel Chukwueze,918,3,2,0.2941176470588235,0.196078431372549,2025-06-17,10000000.0,1999-05-22,Attack,AC Milan,IT1,26.10814510609172,10.0,samuel chukwueze,1999,1999.0,Attack,2.7,3.0,48,36,116,32,AC Milan,Serie A,0.26470588235294124,0.29411764705882354,4.705882352941177,3.5294117647058822,11.372549019607844,3.1372549019607847,32.77264401339401,22.772644013394007,227.72644013394006
749552,Alieu Fadera,1649,1,4,0.0545785324439054,0.2183141297756216,2025-06-17,4500000.0,2001-11-03,Attack,US Sassuolo,IT1,23.65503080082135,4.5,alieu fadera,2001,2001.0,Attack,1.7,4.0,74,36,160,28,US Sassuolo,Serie A,0.09278350515463918,0.2183141297756216,4.038811400848999,1.9648271679805942,8.732565191024865,1.528198908429351,27.236823848373838,22.736823848373838,505.26275218608527
585959,Arnaud Kalimuendo,2591,17,4,0.5905055962948669,0.138942493245851,2025-06-03,22000000.0,2002-01-20,Attack,Eintracht Frankfurt,L1,23.44147843942505,22.0,arnaud kalimuendo,2002,2002.0,Attack,14.9,2.0,50,72,167,68,Eintracht Frankfurt,Bundesliga,0.5175607873407951,0.06947124662292552,1.7367811655731378,2.5009648784253184,5.80084909301428,2.3620223851794675,44.67610773948274,22.676107739482738,103.07321699764881
528833,Lazar Samardžić,1149,2,1,0.1566579634464752,0.0783289817232376,2025-06-17,17000000.0,2002-02-24,Midfield,Atalanta BC,IT1,23.345653661875428,17.0,lazar samardzic,2002,2002.0,Midfield,2.0,2.9,54,92,99,33,Atalanta BC,Serie A,0.1566579634464752,0.22715404699738903,4.2297650130548305,7.2062663185378595,7.754569190600522,2.584856396866841,39.46287551337549,22.462875513375486,132.1345618433852
495667,Lucas Da Cunha,2625,3,2,0.1028571428571428,0.0685714285714285,2025-06-17,10000000.0,2001-06-09,Midfield,Como 1907,IT1,24.057494866529773,10.0,lucas da cunha,2001,2001.0,Midfield,2.0,3.8,63,154,85,37,Como 1907,Serie A,0.06857142857142857,0.13028571428571428,2.16,5.28,2.914285714285714,1.2685714285714285,32.13933245550747,22.13933245550747,221.3933245550747
507486,Simon Sohm,3000,4,0,0.12,0.0,2025-06-17,5000000.0,2001-04-11,Midfield,Bologna Football Club 1909,IT1,24.21902806297057,5.0,simon sohm,2001,2001.0,Midfield,3.1,2.1,69,140,67,34,Bologna Football Club 1909,Serie A,0.093,0.063,2.07,4.2,2.0100000000000002,1.02,27.0708102087727,22.0708102087727,441.41620417545397
471055,Marvin Pieringer,2225,7,5,0.2831460674157303,0.2022471910112359,2025-06-05,5500000.0,1999-10-04,Attack,1. Fußballclub Heidenheim 1846,L1,25.738535249828885,5.5,marvin pieringer,1999,1999.0,Attack,8.9,4.0,23,59,115,57,1. Fußballclub Heidenheim 1846,Bundesliga,0.36,0.16179775280898878,0.9303370786516854,2.3865168539325845,4.651685393258426,2.30561797752809,27.567666551966557,22.067666551966557,401.23030094484653
1178474,Amadou Koné,1301,0,0,0.0,0.0,2025-06-03,4000000.0,2005-05-14,Midfield,Neom Sports Club,SA1,20.128678986995208,4.0,amadou kone,2005,2005.0,Midfield,0.5,0.3,19,68,12,14,Neom Sports Club,,0.034588777863182166,0.0207532667179093,1.3143735588009224,4.704073789392775,0.830130668716372,0.9684857801691007,25.894027352277334,21.894027352277334,547.3506838069334
466802,Adrián Bernabé,1461,1,1,0.0616016427104722,0.0616016427104722,2025-06-17,15000000.0,2001-05-26,Midfield,Parma Calcio 1913,IT1,24.095824777549623,15.0,adrian bernabe,2001,2001.0,Midfield,1.3,1.1,37,115,20,27,Parma Calcio 1913,Serie A,0.08008213552361397,0.06776180698151951,2.2792607802874745,7.084188911704312,1.2320328542094456,1.6632443531827514,36.75082181337183,21.75082181337183,145.0054787558122
715628,Damián Rodríguez,924,0,0,0.0,0.0,2024-06-07,500000.0,2003-03-17,Midfield,Celta de Vigo,ES1,22.288843258042437,0.5,damian rodriguez,2003,2003.0,Midfield,0.1,0.8,8,71,12,4,Celta de Vigo,La Liga,0.00974025974025974,0.07792207792207792,0.7792207792207793,6.915584415584415,1.168831168831169,0.38961038961038963,21.88824986772486,21.38824986772486,4277.6499735449715
445126,Emanuele Valeri,2879,2,6,0.0625217089267106,0.1875651267801319,2025-06-17,3000000.0,1998-12-07,Defender,Parma Calcio 1913,IT1,26.562628336755647,3.0,emanuele valeri,1998,1998.0,Defender,1.8,4.7,79,93,109,26,Parma Calcio 1913,Serie A,0.0562695380340396,0.14692601597777005,2.4696075026050712,2.9072594650920456,3.407433136505731,0.8127822160472387,24.153670672845678,21.153670672845678,705.1223557615226
46413,Ante Budimir,2967,21,4,0.6370070778564206,0.121334681496461,2025-06-09,5000000.0,1991-07-22,Attack,CA Osasuna,ES1,33.94113620807666,5.0,ante budimir,1991,1991.0,Attack,18.3,1.7,23,24,134,91,CA Osasuna,La Liga,0.5551061678463094,0.05156723963599595,0.6976744186046512,0.7280080889787665,4.064711830131445,2.7603640040444892,25.86034055759055,20.86034055759055,417.206811151811
85288,Isco,1552,9,8,0.5219072164948454,0.4639175257731959,2025-06-09,6000000.0,1992-04-21,Midfield,Real Betis Balompié,ES1,33.190965092402465,6.0,isco,1992,1992.0,Midfield,8.6,4.4,38,152,112,38,Real Betis Balompié,La Liga,0.4987113402061855,0.25515463917525777,2.2036082474226806,8.814432989690722,6.494845360824741,2.2036082474226806,26.725384367484367,20.725384367484367,345.42307279140607
405397,Keito Nakamura,2662,11,2,0.371900826446281,0.067618332081142,2025-06-03,8000000.0,2000-07-28,Attack,Stade Reims,FR1,24.922655715263517,8.0,keito nakamura,2000,2000.0,Attack,9.1,2.9,90,82,197,84,Stade Reims,Ligue 1,0.3076634109691961,0.0980465815176559,3.04282494365139,2.772351615326822,6.660405709992487,2.839969947407964,28.633765452140445,20.633765452140445,257.9220681517556
342226,Irvin Cardona,1646,6,4,0.3280680437424058,0.2187120291616038,2025-06-03,2500000.0,1997-08-08,Attack,AS Saint-Étienne,FR1,27.89322381930185,2.5,irvin cardona,1997,1997.0,Attack,5.6,2.0,44,47,178,33,AS Saint-Étienne,Ligue 1,0.30619684082624543,0.10935601458080194,2.405832320777643,2.569866342648846,9.732685297691372,1.8043742405832321,23.055090059940063,20.555090059940063,822.2036023976026
764859,Williot Swedberg,1347,4,5,0.2672605790645879,0.3340757238307349,2025-06-09,5000000.0,2004-02-01,Attack,Celta de Vigo,ES1,21.409993155373034,5.0,williot swedberg,2004,2004.0,Attack,5.2,2.6,34,28,116,32,Celta de Vigo,La Liga,0.34743875278396436,0.17371937639198218,2.271714922048998,1.8708240534521159,7.750556792873051,2.1380846325167036,25.278297122322112,20.278297122322112,405.5659424464422
288230,Ousmane Dembélé,1736,21,8,1.0887096774193548,0.4147465437788018,2025-06-03,90000000.0,1997-05-15,Attack,Paris Saint-Germain,FR1,28.125941136208077,90.0,ousmane dembele,1997,1997.0,Attack,16.6,8.2,127,137,252,96,Paris Saint-Germain,Ligue 1,0.860599078341014,0.42511520737327185,6.5841013824884795,7.102534562211982,13.06451612903226,4.976958525345623,109.92256697931698,19.922566979316983,22.136185532574427
453870,Benedict Hollerbach,2555,9,4,0.3170254403131116,0.1409001956947162,2025-06-05,12000000.0,2001-05-17,Attack,1.FSV Mainz 05,L1,24.12046543463381,12.0,benedict hollerbach,2001,2001.0,Attack,7.0,1.6,103,68,214,76,1.FSV Mainz 05,Bundesliga,0.24657534246575344,0.0563600782778865,3.6281800391389436,2.395303326810176,7.538160469667319,2.6771037181996085,31.826364189514184,19.826364189514184,165.21970157928487
616631,Matteo Ruggeri,1749,0,3,0.0,0.1543739279588336,2025-06-17,16000000.0,2002-07-11,Defender,Atlético de Madrid,ES1,22.97056810403833,16.0,matteo ruggeri,2002,2002.0,Defender,0.2,2.0,60,114,104,3,Atlético de Madrid,La Liga,0.010291595197255575,0.10291595197255575,3.0874785591766725,5.866209262435677,5.351629502572899,0.15437392795883362,35.81428184223185,19.81428184223185,123.83926151394905
125103,Marvin Ducksch,2435,8,9,0.2956878850102669,0.3326488706365503,2025-06-05,6000000.0,1994-03-07,Attack,SV Werder Bremen,L1,31.315537303216978,6.0,marvin ducksch,1994,1994.0,Attack,10.1,8.5,26,86,166,70,SV Werder Bremen,Bundesliga,0.37330595482546197,0.3141683778234086,0.9609856262833676,3.1786447638603694,6.13552361396304,2.5872689938398357,25.613502848077843,19.613502848077843,326.8917141346307
345911,Ladislav Krejci,2439,2,1,0.07380073800738,0.03690036900369,2025-06-09,12000000.0,1999-04-20,Defender,Girona FC,ES1,26.195756331279945,12.0,ladislav krejci,1999,1999.0,Defender,1.7,0.3,29,144,6,18,Girona FC,La Liga,0.06273062730627306,0.01107011070110701,1.070110701107011,5.313653136531365,0.22140221402214022,0.6642066420664207,31.55327045639544,19.55327045639544,162.94392046996197
636093,Carlos Domínguez,1180,0,0,0.0,0.0,2025-06-09,3000000.0,2001-02-11,Defender,Celta de Vigo,ES1,24.38056125941136,3.0,carlos dominguez,2001,2001.0,Defender,0.2,0.1,15,66,4,3,Celta de Vigo,La Liga,0.015254237288135594,0.007627118644067797,1.1440677966101696,5.033898305084746,0.30508474576271183,0.22881355932203387,22.54984787157288,19.54984787157288,651.661595719096
430280,Hans Nicolussi Caviglia,2870,4,3,0.1254355400696864,0.0940766550522648,2025-06-17,8500000.0,2000-06-18,Midfield,ACF Fiorentina,IT1,25.032169746748803,8.5,hans nicolussi caviglia,2000,2000.0,Midfield,2.4,2.1,20,140,22,53,ACF Fiorentina,Serie A,0.07526132404181185,0.06585365853658537,0.627177700348432,4.390243902439025,0.6898954703832753,1.6620209059233448,28.048068418618428,19.548068418618428,229.977275513158
246968,Ayoze Pérez,1976,19,2,0.8653846153846154,0.0910931174089068,2025-06-09,10000000.0,1993-07-29,Attack,Villarreal CF,ES1,31.920602327173167,10.0,ayoze perez,1993,1993.0,Attack,12.7,3.0,59,73,124,75,Villarreal CF,La Liga,0.5784412955465587,0.13663967611336034,2.687246963562753,3.3248987854251015,5.647773279352227,3.415991902834008,29.40610865615867,19.40610865615867,194.0610865615867
711980,Guéla Doué,2716,1,2,0.0331369661266568,0.0662739322533137,2025-06-03,18000000.0,2002-10-17,Defender,RC Strasbourg Alsace,FR1,22.702258726899384,18.0,guela doue,2002,2002.0,Defender,0.8,0.7,51,173,54,18,RC Strasbourg Alsace,Ligue 1,0.02650957290132548,0.023195876288659795,1.6899852724594993,5.732695139911634,1.7893961708394697,0.5964653902798233,37.38373436748436,19.383734367484358,107.68741315269088
358008,Gianluca Gaetano,998,2,4,0.1803607214428857,0.3607214428857715,2025-06-17,4000000.0,2000-05-05,Midfield,Cagliari Calcio,IT1,25.152635181382617,4.0,gianluca gaetano,2000,2000.0,Midfield,4.9,2.2,11,41,82,30,Cagliari Calcio,Serie A,0.44188376753507014,0.19839679358717438,0.9919839679358718,3.697394789579158,7.394789579158316,2.7054108216432864,23.196319480519474,19.196319480519474,479.90798701298684
576314,Jan Paul van Hecke,2961,1,1,0.0303951367781155,0.0303951367781155,2025-05-30,32000000.0,2000-06-08,Defender,Brighton & Hove Albion,GB1,25.05954825462012,32.0,jan paul van hecke,2000,2000.0,Defender,1.3,1.5,55,228,5,17,Brighton & Hove Albion,Premier League,0.03951367781155016,0.04559270516717326,1.6717325227963526,6.930091185410335,0.1519756838905775,0.5167173252279635,51.15644901394902,19.15644901394902,59.863903168590696
937941,Thierno Barry,2325,11,4,0.4258064516129032,0.1548387096774193,2025-06-09,20000000.0,2002-10-21,Attack,Everton FC,GB1,22.691307323750856,20.0,thierno barry,2002,2002.0,Attack,12.5,2.9,44,27,124,71,Everton FC,Premier League,0.4838709677419355,0.11225806451612903,1.7032258064516128,1.0451612903225806,4.800000000000001,2.7483870967741937,39.14984295334294,19.14984295334294,95.7492147667147
243714,Kingsley Coman,1280,5,4,0.3515625,0.28125,2025-06-05,30000000.0,1996-06-13,Attack,Al-Nassr Football Club,SA1,29.045859000684462,30.0,kingsley coman,1996,1996.0,Attack,4.3,3.3,66,45,215,44,Al-Nassr Football Club,,0.30234375,0.23203124999999997,4.640625,3.1640625,15.1171875,3.0937500000000004,49.07994334646836,19.07994334646836,63.59981115489454
652275,Hákon Arnar Haraldsson,1766,5,3,0.2548131370328426,0.1528878822197055,2025-06-03,18000000.0,2003-04-10,Midfield,LOSC Lille,FR1,22.223134839151268,18.0,hakon arnar haraldsson,2003,2003.0,Midfield,3.8,2.8,52,102,143,35,LOSC Lille,Ligue 1,0.19365798414496033,0.14269535673839184,2.6500566251415627,5.198187995469988,7.287655719139298,1.783691959229898,37.050241101491096,19.050241101491096,105.83467278606165
223967,Konrad Laimer,1697,2,3,0.1060695344725987,0.159104301708898,2025-06-05,25000000.0,1997-05-27,Defender,Bayern Munich,L1,28.093086926762492,25.0,konrad laimer,1997,1997.0,Defender,2.1,2.7,87,141,113,18,Bayern Munich,Bundesliga,0.11137301119622865,0.14319387153800828,4.614024749558044,7.477902180318208,5.992928697701827,0.9546258102533883,44.028523857623874,19.028523857623874,76.1140954304955
398065,Harvey Barnes,1754,9,5,0.4618015963511973,0.2565564424173318,2025-05-30,35000000.0,1997-12-09,Attack,Newcastle United,GB1,27.5564681724846,35.0,harvey barnes,1997,1997.0,Attack,7.2,4.0,93,83,192,63,Newcastle United,Premier League,0.36944127708095786,0.20524515393386544,4.771949828962372,4.258836944127708,9.851767388825541,3.232611174458381,53.959154882154856,18.959154882154856,54.16901394901388
1068110,Rabby Nzingoula,1695,1,0,0.0530973451327433,0.0,2025-06-03,2500000.0,2005-11-25,Midfield,RC Strasbourg Alsace,FR1,19.59479808350445,2.5,rabby nzingoula,2005,2005.0,Midfield,1.0,1.6,25,40,38,19,RC Strasbourg Alsace,Ligue 1,0.05309734513274336,0.08495575221238938,1.3274336283185841,2.1238938053097343,2.017699115044248,1.008849557522124,21.291368831168825,18.791368831168825,751.654753246753
339314,Deniz Undav,1729,9,3,0.4684788895315211,0.1561596298438403,2025-06-05,20000000.0,1996-07-19,Attack,VfB Stuttgart,L1,28.947296372347708,20.0,deniz undav,1996,1996.0,Attack,11.7,3.6,31,70,141,75,VfB Stuttgart,Bundesliga,0.6090225563909775,0.18739155581260847,1.6136495083863507,3.6437246963562755,7.339502602660497,3.9039907460960097,38.73472216209715,18.73472216209715,93.67361081048575
543727,Botond Balogh,2053,0,1,0.0,0.0438382854359473,2025-06-17,2400000.0,2002-06-06,Defender,Kocaelispor,TR1,23.066392881587955,2.4,botond balogh,2002,2002.0,Defender,0.4,0.1,7,37,1,3,Kocaelispor,,0.01753531417437896,0.00438382854359474,0.30686799805163173,1.6220165611300534,0.043838285435947394,0.13151485630784218,21.036377813852827,18.636377813852828,776.5157422438679
671594,Kamory Doumbia,1319,3,2,0.2047005307050796,0.136467020470053,2025-06-03,4000000.0,2003-02-18,Midfield,Stade Brestois 29,FR1,22.362765229295004,4.0,kamory doumbia,2003,2003.0,Midfield,2.7,1.2,17,72,54,22,Stade Brestois 29,Ligue 1,0.18423047763457165,0.08188021228203184,1.159969673995451,4.912812736921911,3.6846095526914326,1.501137225170584,22.310986267436274,18.310986267436274,457.77465668590685
412932,Myron Boadu,1043,9,1,0.7766059443911794,0.0862895493767977,2025-06-05,7000000.0,2001-01-14,Attack,PSV Eindhoven,NL1,24.45722108145106,7.0,myron boadu,2001,2001.0,Attack,7.7,1.1,12,18,70,27,PSV Eindhoven,,0.6644295302013423,0.09491850431447747,1.0354745925215725,1.5532118887823587,6.040268456375839,2.329817833173538,25.288012999038013,18.288012999038013,261.25732855768587
466794,Eric García,1557,2,3,0.1156069364161849,0.1734104046242774,2025-06-09,18000000.0,2001-01-09,Defender,FC Barcelona,ES1,24.470910335386723,18.0,eric garcia,2001,2001.0,Defender,2.3,0.8,18,109,22,14,FC Barcelona,La Liga,0.1329479768786127,0.046242774566473986,1.0404624277456647,6.300578034682081,1.2716763005780347,0.8092485549132947,35.993125144300166,17.993125144300166,99.96180635722314
385105,Gabriel Suazo,2161,0,6,0.0,0.2498843128181397,2025-06-03,4000000.0,1997-08-09,Defender,Sevilla FC,ES1,27.890485968514717,4.0,gabriel suazo,1997,1997.0,Defender,0.8,3.8,42,109,118,7,Sevilla FC,La Liga,0.033317908375751965,0.15826006478482185,1.7491901897269784,4.539565016196206,4.914391485423415,0.2915316982878297,21.86881196118695,17.86881196118695,446.72029902967375
500689,Evann Guessand,2575,12,9,0.4194174757281553,0.3145631067961165,2025-06-03,25000000.0,2001-07-01,Attack,Crystal Palace,GB1,23.99726214921287,25.0,evann guessand,2001,2001.0,Attack,9.2,5.4,87,79,162,63,Crystal Palace,Premier League,0.3215533980582524,0.1887378640776699,3.040776699029126,2.761165048543689,5.662135922330098,2.201941747572816,42.86234251859252,17.86234251859252,71.44937007437008
541555,Enzo Boyomo,3258,2,0,0.0552486187845303,0.0,2025-06-09,20000000.0,2001-10-07,Defender,CA Osasuna,ES1,23.72895277207392,20.0,enzo boyomo,2001,2001.0,Defender,1.6,0.9,17,118,7,14,CA Osasuna,La Liga,0.044198895027624314,0.024861878453038676,0.46961325966850825,3.2596685082872927,0.19337016574585636,0.3867403314917127,37.839035086210096,17.839035086210096,89.19517543105047
181378,Gaëtan Laborde,1839,11,4,0.5383360522022839,0.1957585644371941,2024-06-03,10000000.0,1994-05-03,Attack,OGC Nice,FR1,31.159479808350444,10.0,gaetan laborde,1994,1994.0,Attack,11.7,3.5,30,40,131,70,OGC Nice,Ligue 1,0.5725938009787928,0.17128874388254486,1.468189233278956,1.9575856443719415,6.411092985318107,3.425774877650897,27.741758585858587,17.741758585858587,177.41758585858588
655012,Lucas Stassin,1868,12,5,0.5781584582441114,0.240899357601713,2025-06-03,18000000.0,2004-11-29,Attack,AS Saint-Étienne,FR1,20.583162217659137,18.0,lucas stassin,2004,2004.0,Attack,7.0,3.4,26,35,149,44,AS Saint-Étienne,Ligue 1,0.3372591006423983,0.16381156316916487,1.2526766595289078,1.6862955032119913,7.1788008565310495,2.119914346895075,35.66872433677431,17.66872433677431,98.15957964874617
296428,Timon Weiner,2250,0,0,0.0,0.0,2025-06-05,1000000.0,1999-01-18,Goalkeeper,Holstein Kiel,L1,26.4476386036961,1.0,timon weiner,1999,1999.0,Goalkeeper,0.0,0.0,0,0,0,0,Holstein Kiel,Bundesliga,0.0,0.0,0.0,0.0,0.0,0.0,18.63806825581825,17.63806825581825,1763.806825581825
288225,Ludovic Blas,2302,6,9,0.2345786272806255,0.3518679409209383,2025-06-03,18000000.0,1997-12-31,Midfield,Stade Rennais FC,FR1,27.496235455167692,18.0,ludovic blas,1997,1997.0,Midfield,5.0,4.6,83,116,184,57,Stade Rennais FC,Ligue 1,0.1954821894005213,0.17984361424847958,3.2450043440486533,4.535186794092094,7.1937445699391835,2.228496959165943,35.199075739075745,17.199075739075745,95.55042077264304
341278,Iván Martín,2043,1,1,0.0440528634361233,0.0440528634361233,2025-06-09,6000000.0,1999-02-14,Midfield,Girona FC,ES1,26.373716632443532,6.0,ivan martin,1999,1999.0,Midfield,1.8,1.9,57,131,76,11,Girona FC,La Liga,0.07929515418502203,0.08370044052863436,2.511013215859031,5.770925110132159,3.3480176211453743,0.4845814977973568,23.19757041847041,17.19757041847041,286.62617364117347
931160,Djaoui Cissé,1130,1,0,0.079646017699115,0.0,2025-06-03,8000000.0,2004-01-31,Midfield,Stade Rennais FC,FR1,21.412731006160165,8.0,djaoui cisse,2004,2004.0,Midfield,0.4,0.2,16,84,14,15,Stade Rennais FC,Ligue 1,0.03185840707964602,0.01592920353982301,1.2743362831858407,6.6902654867256635,1.1150442477876106,1.1946902654867257,25.164122100122093,17.164122100122093,214.55152625152616
550580,Shuto Machino,1959,11,3,0.5053598774885145,0.1378254211332312,2025-06-05,5000000.0,1999-09-30,Attack,Borussia Mönchengladbach,L1,25.749486652977417,5.0,shuto machino,1999,1999.0,Attack,6.5,3.0,30,59,108,49,Borussia Mönchengladbach,Bundesliga,0.2986217457886677,0.13782542113323124,1.3782542113323124,2.7105666156202144,4.961715160796325,2.25114854517611,21.648594836644833,16.648594836644833,332.97189673289665
527966,Andrei Rațiu,3067,2,3,0.058689272905119,0.0880339093576785,2025-06-09,12000000.0,1998-06-20,Defender,Rayo Vallecano,ES1,27.028062970568104,12.0,andrei ratiu,1998,1998.0,Defender,1.8,5.7,122,145,167,31,Rayo Vallecano,La Liga,0.052820345614607106,0.16726442777958916,3.5800456472122595,4.254972285621128,4.900554287577437,0.9096837300293446,28.506686556961558,16.506686556961558,137.55572130801298
351955,Federico Baschirotto,3420,2,0,0.0526315789473684,0.0,2025-06-17,3600000.0,1996-09-20,Defender,US Cremonese,IT1,28.774811772758383,3.6,federico baschirotto,1996,1996.0,Defender,1.2,0.2,13,71,5,22,US Cremonese,Serie A,0.031578947368421054,0.005263157894736842,0.34210526315789475,1.868421052631579,0.13157894736842105,0.5789473684210527,20.004344107744103,16.4043441077441,455.6762252151139
432092,Roberto Piccoli,3145,10,3,0.2861685214626391,0.0858505564387917,2025-06-17,12000000.0,2001-01-27,Attack,ACF Fiorentina,IT1,24.421629021218344,12.0,roberto piccoli,2001,2001.0,Attack,12.7,0.9,30,37,165,97,ACF Fiorentina,Serie A,0.36343402225755167,0.02575516693163752,0.8585055643879173,1.0588235294117647,4.721780604133546,2.7758346581875992,28.189071021571024,16.189071021571024,134.90892517975854
596153,Justin Njinmah,945,3,4,0.2857142857142857,0.380952380952381,2025-06-05,7000000.0,2000-11-15,Attack,SV Werder Bremen,L1,24.621492128678987,7.0,justin njinmah,2000,2000.0,Attack,3.7,1.6,33,23,103,31,SV Werder Bremen,Bundesliga,0.35238095238095235,0.1523809523809524,3.142857142857143,2.1904761904761907,9.809523809523808,2.952380952380952,23.14963771783772,16.14963771783772,230.70911025482457
503160,Paul Nebel,2349,10,6,0.3831417624521073,0.2298850574712644,2025-06-05,24000000.0,2002-10-10,Midfield,1.FSV Mainz 05,L1,22.72142368240931,24.0,paul nebel,2002,2002.0,Midfield,5.8,4.1,67,91,219,44,1.FSV Mainz 05,Bundesliga,0.2222222222222222,0.15708812260536398,2.5670498084291187,3.486590038314176,8.39080459770115,1.6858237547892718,40.02803348965849,16.02803348965849,66.78347287357704
503987,Noni Madueke,2047,7,4,0.3077674645823156,0.175867122618466,2025-05-30,40000000.0,2002-03-10,Attack,Arsenal FC,GB1,23.307323750855577,40.0,noni madueke,2002,2002.0,Attack,9.6,4.2,154,69,226,80,Arsenal FC,Premier League,0.4220810942843185,0.18466047874938935,6.7708842208109425,3.033707865168539,9.936492427943332,3.517342452369321,55.99005952380953,15.990059523809528,39.975148809523816
423444,Fran Beltrán,2428,2,1,0.0741350906095551,0.0370675453047775,2025-06-09,8000000.0,1999-02-03,Midfield,Girona FC,ES1,26.403832991101982,8.0,fran beltran,1999,1999.0,Midfield,1.0,1.8,28,152,29,23,Girona FC,La Liga,0.03706754530477759,0.06672158154859967,1.0378912685337727,5.634266886326194,1.0749588138385502,0.8525535420098846,23.893477397602396,15.893477397602396,198.66846747002995
580657,Osame Sahraoui,1285,3,3,0.2101167315175097,0.2101167315175097,2025-06-03,12000000.0,2001-06-11,Attack,LOSC Lille,FR1,24.05201916495551,12.0,osame sahraoui,2001,2001.0,Attack,2.9,3.6,69,89,159,23,LOSC Lille,Ligue 1,0.20311284046692607,0.25214007782101167,4.832684824902723,6.233463035019455,11.136186770428015,1.610894941634241,27.875831033781026,15.875831033781026,132.29859194817521
524925,Modibo Sagnan,2117,2,0,0.0850259801606046,0.0,2025-06-03,3000000.0,1999-04-14,Defender,Caykur Rizespor,TR1,26.21218343600274,3.0,modibo sagnan,1999,1999.0,Defender,0.7,0.6,13,51,3,11,Caykur Rizespor,,0.02975909305621162,0.025507794048181386,0.55266887104393,2.168162494095418,0.12753897024090696,0.46764289088332545,18.72368487253487,15.723684872534871,524.1228290844957
316934,Nikola Moro,1213,0,2,0.0,0.1483924154987634,2025-06-17,4500000.0,1998-03-12,Midfield,Bologna Football Club 1909,IT1,27.301848049281315,4.5,nikola moro,1998,1998.0,Midfield,0.5,0.8,17,93,21,14,Bologna Football Club 1909,Serie A,0.03709810387469085,0.05935696619950536,1.261335531739489,6.900247320692498,1.5581203627370155,1.0387469084913439,20.208281332556336,15.708281332556336,349.07291850125193
583699,Andrej Ilic,943,7,0,0.6680805938494168,0.0,2025-06-05,4000000.0,2000-04-03,Attack,1.FC Union Berlin,L1,25.240246406570844,4.0,andrej ilic,2000,2000.0,Attack,4.9,0.3,5,13,59,27,1.FC Union Berlin,Bundesliga,0.46765641569459176,0.02863202545068929,0.47720042417815484,1.2407211028632026,5.630965005302227,2.576882290562036,19.69145771265771,15.691457712657709,392.28644281644273
569384,Lucien Agoumé,2117,1,3,0.0425129900803023,0.1275389702409069,2025-06-09,8000000.0,2002-02-09,Midfield,Sevilla FC,ES1,23.38672142368241,8.0,lucien agoume,2002,2002.0,Midfield,0.9,2.5,29,135,23,10,Sevilla FC,La Liga,0.038261691072272085,0.10628247520075579,1.2328767123287672,5.739253660840812,0.9777987718469532,0.42512990080302315,23.65365562770563,15.653655627705628,195.67069534632034
855015,Farès Chaïbi,1008,1,3,0.0892857142857142,0.2678571428571428,2025-06-05,9000000.0,2002-11-28,Midfield,Eintracht Frankfurt,L1,22.587268993839835,9.0,fares chaibi,2002,2002.0,Midfield,2.6,2.9,20,52,73,25,Eintracht Frankfurt,Bundesliga,0.23214285714285715,0.2589285714285714,1.7857142857142856,4.642857142857142,6.517857142857143,2.232142857142857,24.548341209716195,15.548341209716195,172.7593467746244
948273,Mario Martín,1750,0,1,0.0,0.0514285714285714,2025-06-09,1500000.0,2004-03-05,Midfield,Getafe CF,ES1,21.319644079397673,1.5,mario martin,2004,2004.0,Midfield,1.8,1.4,18,66,22,28,Getafe CF,La Liga,0.09257142857142857,0.072,0.9257142857142857,3.394285714285714,1.1314285714285715,1.44,17.047270187220192,15.547270187220192,1036.4846791480127
581357,Jan Schöppner,2688,4,2,0.1339285714285714,0.0669642857142857,2025-06-05,4000000.0,1999-06-12,Midfield,1. Fußballclub Heidenheim 1846,L1,26.050650239561943,4.0,jan schoppner,1999,1999.0,Midfield,3.9,3.4,35,107,48,41,1. Fußballclub Heidenheim 1846,Bundesliga,0.13058035714285715,0.11383928571428573,1.171875,3.5825892857142856,1.607142857142857,1.3727678571428572,19.487898578273573,15.487898578273573,387.1974644568393
746910,Mohamed Amoura,2486,10,12,0.3620273531777956,0.4344328238133547,2025-06-05,32000000.0,2000-05-09,Attack,VfL Wolfsburg,L1,25.14168377823409,32.0,mohamed amoura,2000,2000.0,Attack,8.7,4.0,81,61,244,73,VfL Wolfsburg,Bundesliga,0.3149637972646822,0.14481094127111827,2.932421560740145,2.2083668543845536,8.833467417538214,2.642799678197908,47.46383012358012,15.463830123580117,48.324469136187865
642002,Balthazar Pierret,1726,0,0,0.0,0.0,2023-06-16,900000.0,2000-05-15,Midfield,US Lecce,IT1,25.125256673511295,0.9,balthazar pierret,2000,2000.0,Midfield,0.2,0.4,13,82,13,6,US Lecce,Serie A,0.010428736964078795,0.02085747392815759,0.6778679026651216,4.275782155272306,0.6778679026651216,0.3128621089223638,16.187219802419815,15.287219802419814,1698.5799780466461
27992,Luka Modrić,1820,2,6,0.0989010989010989,0.2967032967032967,2025-06-09,4000000.0,1985-09-09,Midfield,AC Milan,IT1,39.80561259411362,4.0,luka modric,1985,1985.0,Midfield,1.6,7.0,62,208,63,22,AC Milan,Serie A,0.07912087912087912,0.34615384615384615,3.0659340659340657,10.285714285714285,3.1153846153846154,1.087912087912088,19.1642287999038,15.1642287999038,379.105719997595
336960,Giuseppe Pezzella,2888,0,4,0.0,0.1246537396121883,2025-06-17,2500000.0,1997-11-29,Defender,US Cremonese,IT1,27.58384668035592,2.5,giuseppe pezzella,1997,1997.0,Defender,0.6,4.6,77,80,143,15,US Cremonese,Serie A,0.018698060941828253,0.1433518005540166,2.399584487534626,2.493074792243767,4.456371191135734,0.46745152354570635,17.452318500943495,14.952318500943495,598.0927400377399
565821,Mika Biereth,1239,13,2,0.9443099273607748,0.1452784503631961,2025-06-03,30000000.0,2003-02-08,Attack,AS Monaco,FR1,22.390143737166323,30.0,mika biereth,2003,2003.0,Attack,11.3,4.5,14,24,110,40,AS Monaco,Ligue 1,0.8208232445520581,0.3268765133171913,1.0169491525423728,1.7433414043583535,7.990314769975787,2.905569007263922,44.93773452473454,14.937734524734537,49.79244841578179
806168,Paul Joly,1001,0,1,0.0,0.0899100899100899,2023-06-16,1200000.0,2000-06-07,Defender,AJ Auxerre,FR1,25.062286105407257,1.2,paul joly,2000,2000.0,Defender,0.6,1.3,28,51,61,10,AJ Auxerre,Ligue 1,0.053946053946053944,0.11688311688311688,2.5174825174825175,4.585414585414585,5.484515484515485,0.8991008991008991,16.13141577681577,14.931415776815772,1244.284648067981
861410,Arda Güler,1249,3,5,0.2161729383506805,0.3602882305844676,2025-06-09,45000000.0,2005-02-25,Midfield,Real Madrid,ES1,20.34223134839151,45.0,arda guler,2005,2005.0,Midfield,3.3,4.5,34,93,86,39,Real Madrid,La Liga,0.2377902321857486,0.32425940752602084,2.4499599679743795,6.7013610888710975,6.196957566052841,2.810248198558847,59.91023094035595,14.910230940355952,33.13384653412434
413843,Keven Schlotterbeck,1298,3,1,0.2080123266563944,0.0693374422187981,2025-06-05,6000000.0,1997-04-28,Defender,FC Augsburg,L1,28.17248459958932,6.0,keven schlotterbeck,1997,1997.0,Defender,0.8,0.6,3,59,2,12,FC Augsburg,Bundesliga,0.05546995377503852,0.041602465331278884,0.20801232665639446,4.090909090909091,0.13867488443759632,0.8320493066255779,20.861017051467048,14.861017051467048,247.6836175244508
261504,Aleix García,1452,3,4,0.1859504132231405,0.2479338842975206,2025-06-05,20000000.0,1997-06-28,Midfield,Bayer 04 Leverkusen,L1,28.005475701574262,20.0,aleix garcia,1997,1997.0,Midfield,1.0,4.9,27,120,47,15,Bayer 04 Leverkusen,Bundesliga,0.06198347107438017,0.30371900826446285,1.6735537190082646,7.43801652892562,2.9132231404958677,0.9297520661157025,34.68630309505311,14.686303095053113,73.43151547526557
425400,Farid El Melali,1903,2,7,0.094587493431424,0.3310562270099842,2023-10-27,800000.0,1997-07-13,Attack,Angers SCO,FR1,27.964407939767284,0.8,farid el melali,1997,1997.0,Attack,3.6,3.1,62,43,113,46,Angers SCO,Ligue 1,0.1702574881765633,0.14661061481870732,2.9322122963741464,2.0336311087756176,5.34419337887546,2.1755123489227537,15.345186409886407,14.545186409886407,1818.1483012358008
251878,Aarón Martín,3088,0,8,0.0,0.233160621761658,2025-06-17,6500000.0,1997-04-22,Defender,Genoa CFC,IT1,28.188911704312115,6.5,aaron martin,1997,1997.0,Defender,0.9,5.5,50,90,108,16,Genoa CFC,Serie A,0.02623056994818653,0.1602979274611399,1.4572538860103625,2.623056994818653,3.1476683937823835,0.46632124352331605,21.01573647186146,14.515736471861459,223.31902264402243
724520,Abde Ezzalzouli,1995,2,3,0.0902255639097744,0.1353383458646616,2025-06-09,12000000.0,2001-12-17,Attack,Real Betis Balompié,ES1,23.534565366187543,12.0,abde ezzalzouli,2001,2001.0,Attack,8.0,2.0,117,68,215,61,Real Betis Balompié,La Liga,0.3609022556390977,0.09022556390977443,5.2781954887218046,3.067669172932331,9.699248120300751,2.7518796992481205,26.507020226070217,14.507020226070217,120.89183521725182
646402,Abner,1091,1,1,0.0824931255728689,0.0824931255728689,2025-06-03,7000000.0,2000-05-27,Defender,Olympique Lyon,FR1,25.09240246406571,7.0,abner,2000,2000.0,Defender,0.6,1.1,31,66,55,7,Olympique Lyon,Ligue 1,0.04949587534372136,0.09074243813015584,2.557286892758937,5.44454628780935,4.5371219065077915,0.5774518790100825,21.458254268879273,14.458254268879273,206.5464895554182
265078,Patrick Cutrone,2056,7,5,0.306420233463035,0.2188715953307393,2025-06-17,6000000.0,1998-01-03,Attack,Como 1907,IT1,27.488021902806295,6.0,patrick cutrone,1998,1998.0,Attack,7.1,2.1,53,31,155,69,Como 1907,Serie A,0.3107976653696498,0.09192607003891051,2.3200389105058363,1.3570038910505837,6.785019455252918,3.0204280155642023,20.439329040404047,14.439329040404047,240.65548400673413
563963,Mohammed Salisu,1021,1,0,0.0881488736532811,0.0,2025-06-03,12000000.0,1999-04-17,Defender,AS Monaco,FR1,26.203969883641346,12.0,mohammed salisu,1999,1999.0,Defender,0.8,0.1,8,68,3,8,AS Monaco,Ligue 1,0.07051909892262488,0.00881488736532811,0.7051909892262488,5.994123408423115,0.2644466209598433,0.7051909892262488,26.285348709623708,14.285348709623708,119.04457258019757
1124005,Christantus Uche,2504,4,6,0.1437699680511182,0.2156549520766773,2025-06-09,15000000.0,2003-05-19,Attack,Getafe CF,ES1,22.116358658453116,15.0,christantus uche,2003,2003.0,Attack,3.8,2.9,43,49,148,50,Getafe CF,La Liga,0.1365814696485623,0.1042332268370607,1.5455271565495208,1.761182108626198,5.319488817891374,1.7971246006389776,29.243186026936012,14.243186026936012,94.95457351290675
339816,Tete Morente,2029,3,2,0.1330704780680138,0.0887136520453425,2025-06-17,2000000.0,1996-12-04,Attack,US Lecce,IT1,28.569472963723477,2.0,tete morente,1996,1996.0,Attack,2.9,1.6,48,102,144,41,US Lecce,Serie A,0.1286347954657467,0.07097092163627403,2.129127649088221,4.524396254312469,6.387382947264662,1.8186298669295218,16.17427901912902,14.17427901912902,708.7139509564511
72047,Iago Aspas,1744,10,5,0.5160550458715597,0.2580275229357798,2025-06-09,2000000.0,1987-08-01,Attack,Celta de Vigo,ES1,37.91375770020534,2.0,iago aspas,1987,1987.0,Attack,8.7,4.6,50,132,143,46,Celta de Vigo,La Liga,0.4489678899082568,0.2373853211009174,2.5802752293577984,6.8119266055045875,7.379587155963303,2.3738532110091746,16.162922306397302,14.162922306397302,708.1461153198651
418651,Yahia Fofana,2970,0,0,0.0,0.0,2025-06-03,7000000.0,2000-08-21,Goalkeeper,Caykur Rizespor,TR1,24.856947296372347,7.0,yahia fofana,2000,2000.0,Goalkeeper,0.0,0.1,0,0,0,0,Caykur Rizespor,,0.0,0.0030303030303030307,0.0,0.0,0.0,0.0,21.069622174122173,14.069622174122173,200.99460248745964
88755,Kevin De Bruyne,1705,4,7,0.2111436950146627,0.3695014662756598,2025-05-30,20000000.0,1991-06-28,Midfield,SSC Napoli,IT1,34.00684462696783,20.0,kevin de bruyne,1991,1991.0,Midfield,5.1,8.0,51,157,150,57,SSC Napoli,Serie A,0.26920821114369503,0.4222873900293255,2.69208211143695,8.287390029325513,7.9178885630498534,3.0087976539589443,33.933714665889674,13.933714665889674,69.66857332944836
597659,Charlie Cresswell,2593,3,1,0.1041264944080216,0.0347088314693405,2025-06-03,10000000.0,2002-08-17,Defender,FC Toulouse,FR1,22.869267624914443,10.0,charlie cresswell,2002,2002.0,Defender,3.3,1.7,8,69,13,32,FC Toulouse,Ligue 1,0.11453914384882374,0.0590050134978789,0.2776706517547243,2.3949093713844967,0.4512148091014269,1.110682607018897,23.916843614718623,13.916843614718623,139.16843614718624
289835,Jens Stage,2210,10,5,0.4072398190045249,0.2036199095022624,2025-06-05,14000000.0,1996-11-08,Midfield,SV Werder Bremen,L1,28.640657084188913,14.0,jens stage,1996,1996.0,Midfield,7.2,2.8,28,104,89,44,SV Werder Bremen,Bundesliga,0.29321266968325793,0.11402714932126697,1.1402714932126696,4.235294117647059,3.624434389140272,1.7918552036199094,27.908675805675806,13.908675805675806,99.34768432625576
495722,Devis Vásquez,2880,0,0,0.0,0.0,2025-06-17,2000000.0,1998-05-12,Goalkeeper,Associazione Sportiva Roma,IT1,27.134839151266256,2.0,devis vasquez,1998,1998.0,Goalkeeper,0.0,0.0,0,0,0,0,Associazione Sportiva Roma,Serie A,0.0,0.0,0.0,0.0,0.0,0.0,15.892226865726865,13.892226865726865,694.6113432863433
546926,Jay Idzes,3128,1,0,0.028772378516624,0.0,2025-06-17,7500000.0,2000-06-02,Defender,US Sassuolo,IT1,25.075975359342916,7.5,jay idzes,2000,2000.0,Defender,1.8,0.7,15,84,15,15,US Sassuolo,Serie A,0.05179028132992328,0.02014066496163683,0.43158567774936063,2.4168797953964196,0.43158567774936063,0.43158567774936063,21.272806813556823,13.772806813556823,183.63742418075765
185077,Vincenzo Grifo,2455,8,11,0.2932790224032586,0.4032586558044806,2025-06-05,6000000.0,1993-04-07,Attack,SC Freiburg,L1,32.2299794661191,6.0,vincenzo grifo,1993,1993.0,Attack,7.9,6.9,58,128,147,63,SC Freiburg,Bundesliga,0.2896130346232179,0.2529531568228106,2.1262729124236253,4.692464358452138,5.389002036659877,2.309572301425662,19.772263101713104,13.772263101713104,229.53771836188506
278531,Sebastiano Luperto,3240,1,3,0.0277777777777777,0.0833333333333333,2025-06-17,4000000.0,1996-09-06,Defender,US Cremonese,IT1,28.81314168377823,4.0,sebastiano luperto,1996,1996.0,Defender,2.2,1.3,22,96,11,21,US Cremonese,Serie A,0.061111111111111116,0.036111111111111115,0.6111111111111112,2.666666666666667,0.3055555555555556,0.5833333333333334,17.76674436026936,13.76674436026936,344.168609006734
880245,Mateus Fernandes,2922,2,4,0.0616016427104722,0.1232032854209445,2025-05-30,15000000.0,2004-07-10,Midfield,West Ham United,GB1,20.971937029431896,15.0,mateus fernandes,2004,2004.0,Midfield,4.0,3.0,76,145,108,42,West Ham United,Premier League,0.12320328542094455,0.09240246406570843,2.340862422997947,4.46611909650924,3.326488706365503,1.2936344969199178,28.655202320827307,13.655202320827307,91.03468213884871
451906,David Nemeth,2142,0,1,0.0,0.042016806722689,2025-06-05,4000000.0,2001-03-18,Defender,FC St. Pauli,L1,24.28473648186174,4.0,david nemeth,2001,2001.0,Defender,0.2,0.1,14,65,5,5,FC St. Pauli,Bundesliga,0.008403361344537816,0.004201680672268908,0.5882352941176471,2.73109243697479,0.21008403361344538,0.21008403361344538,17.647357900432894,13.647357900432894,341.18394751082235
274862,Moses Simon,2625,8,10,0.2742857142857143,0.3428571428571428,2025-06-03,12000000.0,1995-07-12,Attack,Paris FC,FR1,29.968514715947983,12.0,moses simon,1995,1995.0,Attack,5.8,6.7,147,59,222,40,Paris FC,Ligue 1,0.19885714285714287,0.2297142857142857,5.04,2.0228571428571427,7.611428571428572,1.3714285714285714,25.63030172605172,13.63030172605172,113.58584771709765
159471,Serge Gnabry,1236,7,5,0.5097087378640777,0.3640776699029125,2025-06-05,22000000.0,1995-07-14,Attack,Bayern Munich,L1,29.963039014373717,22.0,serge gnabry,1995,1995.0,Attack,7.5,5.1,44,48,149,48,Bayern Munich,Bundesliga,0.5461165048543689,0.3713592233009708,3.203883495145631,3.495145631067961,10.849514563106796,3.495145631067961,35.601159932659954,13.601159932659954,61.82345423936343
475416,Sorba Thomas,1326,1,3,0.0678733031674208,0.2036199095022624,2025-06-03,3500000.0,1999-01-25,Attack,Stoke City,GB1,26.428473648186177,3.5,sorba thomas,1999,1999.0,Attack,1.5,3.7,41,34,93,9,Stoke City,Premier League,0.10180995475113123,0.251131221719457,2.7828054298642533,2.3076923076923075,6.3122171945701355,0.6108597285067874,16.866336035261025,13.366336035261025,381.89531529317213
743496,Kévin Danois,1459,0,0,0.0,0.0,2025-06-03,8000000.0,2004-06-28,Midfield,AJ Auxerre,FR1,21.00479123887748,8.0,kevin danois,2004,2004.0,Midfield,1.5,2.2,19,95,50,17,AJ Auxerre,Ligue 1,0.09252912954078135,0.135709389993146,1.1720356408498973,5.860178204249486,3.084304318026045,1.0486634681288554,21.23957092352092,13.239570923520919,165.49463654401148
500067,Chidera Ejuke,957,2,1,0.1880877742946708,0.0940438871473354,2025-06-09,4000000.0,1998-01-02,Attack,Sevilla FC,ES1,27.49075975359343,4.0,chidera ejuke,1998,1998.0,Attack,1.1,1.9,75,38,101,20,Sevilla FC,La Liga,0.10344827586206898,0.1786833855799373,7.053291536050157,3.573667711598746,9.498432601880879,1.8808777429467085,17.11661033041032,13.116610330410321,327.91525826025804
249565,Youri Tielemans,3032,3,7,0.0890501319261213,0.2077836411609498,2025-05-30,38000000.0,1997-05-07,Midfield,Aston Villa,GB1,28.147843942505133,38.0,youri tielemans,1997,1997.0,Midfield,3.3,7.0,39,235,48,40,Aston Villa,Premier League,0.0979551451187335,0.20778364116094988,1.1576517150395778,6.975593667546174,1.424802110817942,1.187335092348285,51.055536411736384,13.055536411736384,34.35667476772733
340353,Maduka Okoye,2250,0,0,0.0,0.0,2025-06-17,7500000.0,1999-08-28,Goalkeeper,Udinese Calcio,IT1,25.83983572895277,7.5,maduka okoye,1999,1999.0,Goalkeeper,0.0,0.0,0,1,0,0,Udinese Calcio,Serie A,0.0,0.0,0.0,0.04,0.0,0.0,20.506449893624882,13.006449893624882,173.41933191499842
660860,Diego Coppola,2926,2,0,0.0615174299384825,0.0,2025-06-17,10000000.0,2003-12-28,Defender,Paris FC,FR1,21.505817932922657,10.0,diego coppola,2003,2003.0,Defender,0.7,0.1,4,48,3,10,Paris FC,Ligue 1,0.021531100478468897,0.003075871496924129,0.12303485987696515,1.4764183185235817,0.09227614490772386,0.30758714969241285,22.912275673400682,12.912275673400682,129.12275673400683
280575,Elvis Rexhbecaj,1792,1,1,0.0502232142857142,0.0502232142857142,2025-06-05,3500000.0,1997-11-01,Midfield,FC Augsburg,L1,27.66050650239562,3.5,elvis rexhbecaj,1997,1997.0,Midfield,1.4,1.1,31,94,82,29,FC Augsburg,Bundesliga,0.0703125,0.055245535714285726,1.556919642857143,4.720982142857143,4.118303571428571,1.4564732142857144,16.396223679098686,12.896223679098686,368.46353368853386
527698,Kike Pérez,2318,3,1,0.1164797238999137,0.0388265746333045,2025-06-17,2800000.0,1997-02-14,Midfield,Venezia FC,IT1,28.372347707049965,2.8,kike perez,1997,1997.0,Midfield,3.0,2.2,37,127,59,33,Venezia FC,Serie A,0.1164797238999137,0.08541846419327007,1.4365832614322693,4.930974978429681,2.2907679033649697,1.281276962899051,15.669161253561267,12.869161253561266,459.61290191290243
471890,Max Geschwill,1285,1,2,0.0700389105058365,0.1400778210116731,2025-06-05,1500000.0,2001-07-07,Defender,Holstein Kiel,L1,23.980835044490075,1.5,max geschwill,2001,2001.0,Defender,0.9,0.8,6,58,16,9,Holstein Kiel,Bundesliga,0.06303501945525292,0.05603112840466926,0.42023346303501946,4.062256809338521,1.1206225680933852,0.6303501945525292,14.332319576719572,12.832319576719572,855.4879717813047
340853,Javi Sánchez,2031,2,0,0.0886262924667651,0.0,2025-06-09,1500000.0,1997-03-14,Defender,FC Arouca,PO1,28.295687885010267,1.5,javi sanchez,1997,1997.0,Defender,0.5,0.3,4,34,4,11,FC Arouca,,0.022156573116691287,0.01329394387001477,0.1772525849335303,1.5066469719350073,0.1772525849335303,0.4874446085672083,14.31571563251563,12.81571563251563,854.3810421677086
535955,Nuno Tavares,1702,0,8,0.0,0.4230317273795534,2025-06-17,25000000.0,2000-01-26,Defender,Società Sportiva Lazio S.p.A.,IT1,25.426420260095824,25.0,nuno tavares,2000,2000.0,Defender,1.1,4.8,98,111,100,28,Società Sportiva Lazio S.p.A.,Serie A,0.058166862514688604,0.25381903642773207,5.18213866039953,5.869565217391304,5.287896592244419,1.4806110458284372,37.80874254449253,12.808742544492532,51.234970177970126
857818,Yáser Asprilla,1402,3,1,0.1925820256776034,0.0641940085592011,2025-06-09,15000000.0,2003-11-19,Attack,Girona FC,ES1,21.61259411362081,15.0,yaser asprilla,2003,2003.0,Attack,2.1,2.8,72,77,140,38,Girona FC,La Liga,0.13480741797432239,0.17974322396576317,4.621968616262482,4.942938659058488,8.98716119828816,2.4393723252496433,27.724103018278015,12.724103018278015,84.82735345518677
388165,Yoane Wissa,2929,19,5,0.5838170023898942,0.1536360532604984,2025-05-30,32000000.0,1996-09-03,Attack,Newcastle United,GB1,28.82135523613963,32.0,yoane wissa,1996,1996.0,Attack,18.5,2.6,60,67,154,90,Newcastle United,Premier League,0.5684533970638443,0.0798907476954592,1.8436326391259816,2.0587231136906796,4.731990440423353,2.7654489586889723,44.72385816960817,12.723858169608171,39.76205678002553
273669,Adrian Beck,1597,4,1,0.2254226675015654,0.0563556668753913,2025-06-05,2000000.0,1997-06-09,Midfield,1. Fußballclub Heidenheim 1846,L1,28.057494866529773,2.0,adrian beck,1997,1997.0,Midfield,3.3,1.2,37,69,83,39,1. Fußballclub Heidenheim 1846,Bundesliga,0.1859737006887915,0.06762680025046963,2.0851596743894802,3.8885410144020036,4.677520350657483,2.1978710081402633,14.67126453823954,12.67126453823954,633.563226911977
453016,Anthony Caci,2705,1,7,0.033271719038817,0.232902033271719,2025-06-05,12000000.0,1997-07-01,Defender,1.FSV Mainz 05,L1,27.99726214921287,12.0,anthony caci,1997,1997.0,Defender,3.1,6.6,45,133,152,32,1.FSV Mainz 05,Bundesliga,0.10314232902033271,0.2195933456561922,1.497227356746765,4.425138632162662,5.057301293900185,1.064695009242144,24.644027902652898,12.644027902652898,105.36689918877416
485960,Lilian Brassier,2016,1,1,0.0446428571428571,0.0446428571428571,2025-06-03,10000000.0,1999-11-02,Defender,Stade Rennais FC,FR1,25.659137577002053,10.0,lilian brassier,1999,1999.0,Defender,1.7,0.3,32,115,19,19,Stade Rennais FC,Ligue 1,0.07589285714285714,0.013392857142857142,1.4285714285714284,5.133928571428571,0.8482142857142857,0.8482142857142857,22.56483158785658,12.564831587856581,125.64831587856582
702441,Sinaly Diomandé,1945,3,2,0.1388174807197943,0.0925449871465295,2025-06-03,5000000.0,2001-04-09,Defender,AJ Auxerre,FR1,24.22450376454483,5.0,sinaly diomande,2001,2001.0,Defender,1.1,0.6,8,72,8,9,AJ Auxerre,Ligue 1,0.05089974293059126,0.02776349614395887,0.37017994858611825,3.3316195372750643,0.37017994858611825,0.41645244215938304,17.418411664261665,12.418411664261665,248.36823328523332
823231,Dango Ouattara,2011,7,4,0.313276976628543,0.1790154152163103,2025-05-30,28000000.0,2002-02-11,Attack,Brentford FC,GB1,23.381245722108144,28.0,dango ouattara,2002,2002.0,Attack,8.4,5.5,79,43,191,62,Brentford FC,Premier League,0.3759323719542516,0.24614619592242667,3.5355544505221284,1.9244157135753357,8.547986076578816,2.7747389358528096,40.390459956709975,12.390459956709975,44.25164270253563
543771,Kristjan Asllani,983,2,2,0.1831129196337741,0.1831129196337741,2025-06-17,13000000.0,2002-03-09,Midfield,Torino FC,IT1,23.310061601642712,13.0,kristjan asllani,2002,2002.0,Midfield,2.5,1.9,7,55,20,14,Torino FC,Serie A,0.2288911495422177,0.17395727365208544,0.6408952187182095,5.03560528992879,1.8311291963377416,1.281790437436419,25.37640694675695,12.376406946756951,95.20313035966885
455181,Jorge de Frutos,2513,6,3,0.2148826104257859,0.1074413052128929,2025-06-09,4000000.0,1997-02-20,Attack,Rayo Vallecano,ES1,28.355920602327178,4.0,jorge de frutos,1997,1997.0,Attack,6.3,3.4,77,44,201,52,Rayo Vallecano,La Liga,0.22562674094707522,0.12176681257461201,2.7576601671309193,1.5758058097890968,7.1985674492638285,1.862315957023478,16.37550063732564,12.37550063732564,309.387515933141
486049,Jérémy Doku,1514,3,6,0.178335535006605,0.35667107001321,2025-05-30,50000000.0,2002-05-27,Attack,Manchester City,GB1,23.09377138945927,50.0,jeremy doku,2002,2002.0,Attack,1.3,4.8,213,69,286,29,Manchester City,Premier League,0.07727873183619552,0.285336856010568,12.661822985468957,4.101717305151915,17.00132100396301,1.7239101717305152,62.34108547008548,12.341085470085481,24.682170940170963
453376,Joseph Okumu,1699,1,0,0.0529723366686286,0.0,2024-06-03,9000000.0,1997-05-26,Defender,Stade Reims,FR1,28.095824777549623,9.0,joseph okumu,1997,1997.0,Defender,1.0,0.1,18,116,1,12,Stade Reims,Ligue 1,0.052972336668628606,0.005297233666862861,0.9535020600353148,6.144791053560919,0.052972336668628606,0.6356680400235433,21.332696086321093,12.332696086321093,137.02995651467882
892221,Hugo Sotelo,1256,0,0,0.0,0.0,2025-06-09,4000000.0,2003-12-19,Midfield,Celta de Vigo,ES1,21.530458590006845,4.0,hugo sotelo,2003,2003.0,Midfield,0.2,1.7,21,83,38,4,Celta de Vigo,La Liga,0.014331210191082805,0.12181528662420381,1.5047770700636942,5.947452229299363,2.7229299363057327,0.28662420382165604,16.30424853294853,12.304248532948531,307.6062133237133
348795,Giovani Lo Celso,1454,8,3,0.4951856946354883,0.185694635488308,2025-06-09,15000000.0,1996-04-09,Midfield,Real Betis Balompié,ES1,29.22381930184805,15.0,giovani lo celso,1996,1996.0,Midfield,4.8,4.9,26,132,66,31,Real Betis Balompié,La Liga,0.29711141678129294,0.3033012379642366,1.609353507565337,8.170563961485557,4.085281980742779,1.9188445667125171,27.290808501683507,12.290808501683507,81.93872334455672
232454,Nadiem Amiri,2484,7,5,0.2536231884057971,0.181159420289855,2025-06-05,20000000.0,1996-10-27,Midfield,1.FSV Mainz 05,L1,28.673511293634498,20.0,nadiem amiri,1996,1996.0,Midfield,5.5,6.6,50,204,64,60,1.FSV Mainz 05,Bundesliga,0.19927536231884058,0.23913043478260868,1.8115942028985506,7.391304347826087,2.318840579710145,2.1739130434782608,32.27110488307988,12.271104883079879,61.3555244153994
408471,Javi Puado,2989,12,4,0.3613248578119772,0.120441619270659,2025-06-09,10000000.0,1998-05-25,Attack,RCD Espanyol Barcelona,ES1,27.09924709103354,10.0,javi puado,1998,1998.0,Attack,11.6,3.0,73,75,113,66,RCD Espanyol Barcelona,La Liga,0.34928069588491134,0.09033121445299432,2.198059551689528,2.2582803613248577,3.4024757443961193,1.9872867179658749,22.260826238576236,12.260826238576236,122.60826238576237
268429,Sandi Lovrić,2328,2,4,0.0773195876288659,0.1546391752577319,2025-06-17,8500000.0,1998-03-28,Midfield,Hellas Verona,IT1,27.2580424366872,8.5,sandi lovric,1998,1998.0,Midfield,2.6,3.4,60,120,71,49,Hellas Verona,Serie A,0.10051546391752576,0.13144329896907217,2.319587628865979,4.639175257731958,2.7448453608247423,1.8943298969072166,20.73662201687203,12.23662201687203,143.96025902202388
807128,Saïdou Sow,1819,1,1,0.0494777350192413,0.0494777350192413,2025-06-03,6000000.0,2002-07-04,Defender,FC Nantes,FR1,22.989733059548257,6.0,saidou sow,2002,2002.0,Defender,0.8999999999999999,0.6000000000000001,2,31,2,9,FC Nantes,Ligue 1,0.044529961517317196,0.02968664101154481,0.09895547003848269,1.5338097855964816,0.09895547003848269,0.44529961517317207,18.224088300588306,12.224088300588306,203.73480500980511
906160,Saba Goglichidze,2547,0,1,0.0,0.0353356890459364,2025-06-17,8000000.0,2004-06-25,Defender,Udinese Calcio,IT1,21.01300479123888,8.0,saba goglichidze,2004,2004.0,Defender,0.3,0.3,12,45,9,6,Udinese Calcio,Serie A,0.01060070671378092,0.01060070671378092,0.4240282685512367,1.5901060070671378,0.31802120141342755,0.21201413427561835,20.201063848188856,12.201063848188856,152.5132981023607
265088,Manuel Locatelli,2833,2,2,0.063536886692552,0.063536886692552,2025-06-17,30000000.0,1998-01-08,Midfield,Juventus FC,IT1,27.474332648870636,30.0,manuel locatelli,1998,1998.0,Midfield,1.8,2.5,33,294,33,24,Juventus FC,Serie A,0.05718319802329686,0.07942110836569008,1.048358630427109,9.339922343805155,1.048358630427109,0.7624426403106248,42.195015079365064,12.195015079365064,40.65005026455022
429259,Mark McKenzie,2497,1,1,0.0360432519022827,0.0360432519022827,2025-06-03,6000000.0,1999-02-25,Defender,FC Toulouse,FR1,26.34360027378508,6.0,mark mckenzie,1999,1999.0,Defender,1.4,0.5,10,97,5,8,FC Toulouse,Ligue 1,0.05046055266319583,0.01802162595114137,0.3604325190228274,3.4961954345214257,0.1802162595114137,0.2883460152182619,18.11824442594443,12.118244425944429,201.97074043240715
485963,Pape Gueye,2230,4,0,0.1614349775784753,0.0,2025-06-09,15000000.0,1999-01-24,Midfield,Villarreal CF,ES1,26.431211498973305,15.0,pape gueye,1999,1999.0,Midfield,3.4,1.1,36,156,69,55,Villarreal CF,La Liga,0.13721973094170403,0.04439461883408072,1.452914798206278,6.295964125560538,2.7847533632286994,2.219730941704036,27.10335776538277,12.103357765382771,80.68905176921848
237662,Breel Embolo,1844,6,5,0.2928416485900217,0.2440347071583514,2025-06-03,12000000.0,1997-02-14,Attack,Stade Rennais FC,FR1,28.372347707049965,12.0,breel embolo,1997,1997.0,Attack,10.8,5.6,22,55,140,51,Stade Rennais FC,Ligue 1,0.5271149674620391,0.27331887201735355,1.0737527114967462,2.684381778741866,6.832971800433839,2.4891540130151846,23.859736556036548,11.859736556036548,98.83113796697124
543666,Stefano Turati,2677,0,0,0.0,0.0,2025-06-17,6500000.0,2001-09-05,Goalkeeper,US Sassuolo,IT1,23.81656399726215,6.5,stefano turati,2001,2001.0,Goalkeeper,0.0,0.0,0,0,0,0,US Sassuolo,Serie A,0.0,0.0,0.0,0.0,0.0,0.0,18.348163083213084,11.848163083213084,182.27943204943207
490417,Ibrahima Niane,934,3,1,0.2890792291220557,0.0963597430406852,2023-10-27,2000000.0,1999-03-11,Attack,Angers SCO,FR1,26.305270362765228,2.0,ibrahima niane,1999,1999.0,Attack,5.7,1.0,19,9,50,29,Angers SCO,Ligue 1,0.5492505353319058,0.09635974304068523,1.8308351177730193,0.867237687366167,4.817987152034261,2.7944325481798713,13.756750264550265,11.756750264550265,587.8375132275132
413262,Dani Raba,1890,8,5,0.380952380952381,0.238095238095238,2025-06-09,2500000.0,1995-10-29,Attack,Valencia CF,ES1,29.67008898015058,2.5,dani raba,1995,1995.0,Attack,7.5,5.3,42,69,101,39,Valencia CF,La Liga,0.3571428571428571,0.2523809523809524,2.0,3.285714285714286,4.809523809523809,1.8571428571428572,14.227611197136197,11.727611197136197,469.1044478854478
1006411,Jaydee Canvot,1105,0,0,0.0,0.0,2025-06-03,4000000.0,2006-07-29,Defender,Crystal Palace,GB1,18.921286789869953,4.0,jaydee canvot,2006,2006.0,Defender,0.2,0.7,9,41,0,5,Crystal Palace,Premier League,0.016289592760180997,0.05701357466063348,0.7330316742081449,3.339366515837104,0.0,0.40723981900452494,15.633889466089455,11.633889466089455,290.84723665223635
632896,Alejandro Francés,1176,0,0,0.0,0.0,2025-06-09,2000000.0,2002-08-01,Defender,Girona FC,ES1,22.913073237508556,2.0,alejandro frances,2002,2002.0,Defender,0.2,0.3,18,63,21,6,Girona FC,La Liga,0.015306122448979593,0.022959183673469385,1.3775510204081631,4.821428571428571,1.607142857142857,0.4591836734693877,13.571618400118398,11.571618400118398,578.5809200059199
552057,Adam Hlozek,1875,8,3,0.384,0.144,2025-06-05,18000000.0,2002-07-25,Attack,TSG 1899 Hoffenheim,L1,22.93223819301848,18.0,adam hlozek,2002,2002.0,Attack,5.6,3.5,54,68,102,59,TSG 1899 Hoffenheim,Bundesliga,0.2688,0.168,2.592,3.2640000000000002,4.896,2.832,29.53334258056757,11.53334258056757,64.07412544759761
170911,Donovan Léon,2880,0,2,0.0,0.0625,2025-06-03,1000000.0,1992-11-03,Goalkeeper,AJ Auxerre,FR1,32.65434633812457,1.0,donovan leon,1992,1992.0,Goalkeeper,0.0,0.4,0,1,0,0,AJ Auxerre,Ligue 1,0.0,0.0125,0.0,0.03125,0.0,0.0,12.513241737891738,11.513241737891738,1151.3241737891738
328609,Derek Cornelius,1423,0,0,0.0,0.0,2025-06-03,5000000.0,1997-11-25,Defender,Olympique Marseille,FR1,27.59479808350445,5.0,derek cornelius,1997,1997.0,Defender,0.9,0.1,10,68,11,9,Olympique Marseille,Ligue 1,0.056921995783555876,0.006324666198172874,0.6324666198172874,4.300773014757554,0.6957132817990161,0.5692199578355587,16.482374584674588,11.482374584674588,229.64749169349176
569366,Enzo Millot,1851,6,5,0.2917341977309562,0.2431118314424635,2025-06-05,35000000.0,2002-07-17,Midfield,Al-Ahli Saudi Football Club,SA1,22.954140999315538,35.0,enzo millot,2002,2002.0,Midfield,7.6,3.1,44,118,123,43,Al-Ahli Saudi Football Club,,0.36952998379254454,0.15072933549432738,2.1393841166936793,5.7374392220421395,5.980551053484604,2.0907617504051865,46.467175555000544,11.467175555000544,32.76335872857298
386455,Riccardo Sottil,947,1,2,0.0950369588173178,0.1900739176346357,2025-06-17,5000000.0,1999-06-03,Attack,US Lecce,IT1,26.075290896646138,5.0,riccardo sottil,1999,1999.0,Attack,1.1,1.2,82,21,114,24,US Lecce,Serie A,0.10454065469904963,0.1140443505807814,7.793030623020063,1.995776135163675,10.834213305174234,2.2808870116156283,16.457188009213,11.457188009212999,229.14376018426
848509,Jackson Tchatchoua,3170,2,3,0.056782334384858,0.085173501577287,2025-06-17,8000000.0,2001-09-14,Defender,Wolverhampton Wanderers,GB1,23.79192334017796,8.0,jackson tchatchoua,2001,2001.0,Defender,1.6,2.8,88,72,163,18,Wolverhampton Wanderers,Premier League,0.045425867507886436,0.07949526813880126,2.498422712933754,2.0441640378548898,4.62776025236593,0.5110410094637224,19.381603553853555,11.381603553853555,142.27004442316945
592534,Nicolai Remberg,2412,0,1,0.0,0.0373134328358209,2025-06-05,3000000.0,2000-06-19,Midfield,Hamburger SV,L1,25.02943189596167,3.0,nicolai remberg,2000,2000.0,Midfield,1.5,0.8,25,80,31,24,Hamburger SV,Bundesliga,0.055970149253731345,0.029850746268656716,0.9328358208955223,2.985074626865672,1.1567164179104479,0.8955223880597015,14.372194123469125,11.372194123469125,379.07313744897084
763182,Josué Casimir,2006,4,6,0.1794616151545363,0.2691924227318046,2025-06-03,4000000.0,2001-09-24,Attack,AJ Auxerre,FR1,23.76454483230664,4.0,josue casimir,2001,2001.0,Attack,3.3,3.4,71,41,151,27,AJ Auxerre,Ligue 1,0.14805583250249252,0.15254237288135591,3.185443668993021,1.8394815553339978,6.774675972083749,1.2113659022931205,15.365931998556995,11.365931998556995,284.1482999639249
384593,Alexis Claude-Maurice,2125,9,3,0.3811764705882353,0.1270588235294117,2025-06-05,12000000.0,1998-06-06,Midfield,FC Augsburg,L1,27.066392881587955,12.0,alexis claudemaurice,1998,1998.0,Midfield,4.7,1.2,59,61,102,59,FC Augsburg,Bundesliga,0.1990588235294118,0.0508235294117647,2.498823529411765,2.583529411764706,4.32,2.498823529411765,23.3348667933918,11.3348667933918,94.457223278265
487850,Oladapo Afolayan,1638,3,2,0.1648351648351648,0.1098901098901098,2023-06-28,1000000.0,1997-09-11,Attack,FC St. Pauli,L1,27.800136892539356,1.0,oladapo afolayan,1997,1998.0,Attack,3.1,3.8,53,32,108,38,FC St. Pauli,Bundesliga,0.17032967032967034,0.2087912087912088,2.9120879120879124,1.7582417582417582,5.934065934065934,2.087912087912088,12.31544848762348,11.31544848762348,1131.544848762348
284010,Robin Hack,2188,4,8,0.1645338208409506,0.3290676416819013,2025-06-05,12000000.0,1998-08-27,Attack,Borussia Mönchengladbach,L1,26.84188911704312,12.0,robin hack,1998,1998.0,Attack,5.4,3.6,51,95,141,59,Borussia Mönchengladbach,Bundesliga,0.2221206581352834,0.1480804387568556,2.097806215722121,3.907678244972578,5.79981718464351,2.426873857404022,23.285575589225584,11.285575589225584,94.04646324354653
633454,Alexander Bernhardsson,1271,7,3,0.4956726986624705,0.2124311565696302,2025-06-05,3000000.0,1998-09-08,Attack,Holstein Kiel,L1,26.809034907597535,3.0,alexander bernhardsson,1998,1998.0,Attack,4.1,1.3,25,33,72,27,Holstein Kiel,Bundesliga,0.29032258064516125,0.0920535011801731,1.7702596380802518,2.336742722265932,5.098347757671125,1.911880409126672,14.153169555785356,11.153169555785356,371.77231852617854
457673,Gabriel Strefezza,2635,6,4,0.2049335863377609,0.1366223908918406,2025-06-17,6000000.0,1997-04-18,Attack,Olympiakos Syndesmos Filathlon Peiraios,GR1,28.199863107460644,6.0,gabriel strefezza,1997,1997.0,Attack,3.7,3.9,80,106,190,58,Olympiakos Syndesmos Filathlon Peiraios,,0.12637571157495256,0.1332068311195446,2.732447817836812,3.620493358633776,6.4895635673624295,1.9810246679316887,17.139661506086508,11.139661506086508,185.6610251014418
363057,Pedro Díaz,1205,3,0,0.2240663900414937,0.0,2025-06-09,3000000.0,1998-06-05,Midfield,Rayo Vallecano,ES1,27.069130732375086,3.0,pedro diaz,1998,1998.0,Midfield,2.4,2.1,27,62,49,31,Rayo Vallecano,La Liga,0.17925311203319502,0.15684647302904564,2.016597510373444,4.630705394190871,3.6597510373443987,2.3153526970954355,14.115595834720834,11.115595834720834,370.5198611573611
341713,Diego Conde,1963,0,1,0.0,0.0458481915435557,2025-06-09,7500000.0,1998-10-28,Goalkeeper,Villarreal CF,ES1,26.67214236824093,7.5,diego conde,1998,1998.0,Goalkeeper,0.0,0.2,0,0,0,0,Villarreal CF,La Liga,0.0,0.009169638308711156,0.0,0.0,0.0,0.0,18.561921767121763,11.061921767121763,147.4922902282902
460651,Antoine Makoumbou,2164,0,3,0.0,0.1247689463955637,2025-06-17,3500000.0,1998-07-18,Midfield,Samsunspor,TR1,26.951403148528406,3.5,antoine makoumbou,1998,1998.0,Midfield,0.3,0.9,11,92,14,7,Samsunspor,,0.012476894639556375,0.03743068391866913,0.45748613678373384,3.826247689463955,0.5822550831792976,0.2911275415896488,14.555247053872051,11.055247053872051,315.8642015392015
357047,Gautier Larsonneur,3033,0,0,0.0,0.0,2025-06-03,3000000.0,1997-02-23,Goalkeeper,AS Saint-Étienne,FR1,28.347707049965777,3.0,gautier larsonneur,1997,1997.0,Goalkeeper,0.0,0.0,0,0,0,0,AS Saint-Étienne,Ligue 1,0.0,0.0,0.0,0.0,0.0,0.0,14.028564959114952,11.028564959114952,367.6188319704984
667517,Jordan James,1181,0,1,0.0,0.0762066045723962,2025-06-03,8000000.0,2004-07-02,Midfield,Stade Rennais FC,FR1,20.993839835728952,8.0,jordan james,2004,2004.0,Midfield,0.9,1.9,21,67,15,17,Stade Rennais FC,Ligue 1,0.06858594411515664,0.14479254868755292,1.6003386960203219,5.10584250635055,1.1430990685859441,1.2955122777307366,19.010012722462726,11.010012722462726,137.62515903078406
674612,Youssouf Ndayishimiye,1934,3,0,0.139607032057911,0.0,2025-06-03,12000000.0,1998-10-27,Defender,OGC Nice,FR1,26.67488021902806,12.0,youssouf ndayishimiye,1998,1998.0,Defender,0.9,0.2,17,86,9,11,OGC Nice,Ligue 1,0.04188210961737332,0.009307135470527405,0.7911065149948293,4.002068252326784,0.4188210961737332,0.5118924508790073,22.99018744496245,10.990187444962451,91.5848953746871
380598,Santi Comesaña,2565,4,2,0.1403508771929824,0.0701754385964912,2025-06-09,8000000.0,1996-10-05,Midfield,Villarreal CF,ES1,28.733744010951405,8.0,santi comesana,1996,1996.0,Midfield,4.6,2.0,39,154,58,39,Villarreal CF,La Liga,0.1614035087719298,0.07017543859649122,1.368421052631579,5.4035087719298245,2.0350877192982457,1.368421052631579,18.962118420468425,10.962118420468425,137.02648025585532
568698,Issa Soumaré,1904,5,4,0.236344537815126,0.1890756302521008,2025-06-03,2000000.0,2000-10-10,Attack,Le Havre AC,FR1,24.720054757015745,2.0,issa soumare,2000,2000.0,Attack,3.8,3.1,61,45,144,43,Le Havre AC,Ligue 1,0.17962184873949577,0.14653361344537816,2.883403361344538,2.1271008403361344,6.80672268907563,2.032563025210084,12.920285202760207,10.920285202760207,546.0142601380103
193033,Tim Kleindienst,2745,16,9,0.5245901639344263,0.2950819672131147,2025-06-05,17000000.0,1995-08-31,Attack,Borussia Mönchengladbach,L1,29.831622176591377,17.0,tim kleindienst,1995,1995.0,Attack,13.6,6.2,45,63,145,73,Borussia Mönchengladbach,Bundesliga,0.4459016393442623,0.20327868852459016,1.4754098360655739,2.0655737704918034,4.754098360655738,2.3934426229508197,27.91941150793649,10.919411507936491,64.23183239962643
467632,Cristian Cásseres Jr.,2706,1,3,0.0332594235033259,0.0997782705099778,2025-06-03,6000000.0,2000-01-20,Midfield,FC Toulouse,FR1,25.44284736481862,6.0,cristian casseres jr,2000,2000.0,Midfield,1.0,2.6,31,128,46,17,FC Toulouse,Ligue 1,0.03325942350332594,0.08647450110864745,1.0310421286031042,4.25720620842572,1.5299334811529932,0.565410199556541,16.85974176934177,10.85974176934177,180.99569615569618
282660,Maximilian Mittelstädt,2476,1,8,0.0363489499192245,0.2907915993537964,2025-06-05,20000000.0,1997-03-18,Defender,VfB Stuttgart,L1,28.28473648186174,20.0,maximilian mittelstadt,1997,1997.0,Defender,0.9,4.7,62,182,155,21,VfB Stuttgart,Bundesliga,0.0327140549273021,0.17084006462035542,2.2536348949919227,6.61550888529887,5.6340872374798066,0.7633279483037158,30.814469980019968,10.814469980019968,54.07234990009984
982855,Reda Belahyane,1851,0,2,0.0,0.0972447325769854,2025-06-17,10000000.0,2004-06-01,Midfield,Società Sportiva Lazio S.p.A.,IT1,21.078713210130047,10.0,reda belahyane,2004,2004.0,Midfield,0.2,1.0,26,83,14,6,Società Sportiva Lazio S.p.A.,Serie A,0.009724473257698542,0.04862236628849271,1.2641815235008105,4.035656401944895,0.6807131280388979,0.2917341977309562,20.79620086580088,10.79620086580088,107.9620086580088
199369,Sandro Ramírez,2046,9,3,0.3958944281524927,0.1319648093841642,2024-06-07,1500000.0,1995-07-09,Attack,UD Las Palmas,ES1,29.976728268309376,1.5,sandro ramirez,1995,1995.0,Attack,4.1,3.4,52,52,121,51,UD Las Palmas,La Liga,0.18035190615835775,0.1495601173020528,2.2873900293255134,2.2873900293255134,5.322580645161291,2.2434017595307916,12.260368141118148,10.760368141118148,717.3578760745432
766583,Kike Salas,2237,3,2,0.1206973625391149,0.0804649083594099,2025-06-09,8000000.0,2002-04-23,Defender,Sevilla FC,ES1,23.18685831622177,8.0,kike salas,2002,2002.0,Defender,1.9,0.6,7,59,18,23,Sevilla FC,La Liga,0.07644166294143942,0.024139472507822977,0.28162717925793473,2.373714796602593,0.7241841752346893,0.9253464461332142,18.755107522107526,10.755107522107526,134.43884402634407
901019,Neil El Aynaoui,1587,8,1,0.4536862003780718,0.0567107750472589,2025-06-03,15000000.0,2001-07-02,Midfield,Associazione Sportiva Roma,IT1,23.994524298425738,15.0,neil el aynaoui,2001,2001.0,Midfield,4.0,2.0,11,75,29,16,Associazione Sportiva Roma,Serie A,0.22684310018903592,0.11342155009451796,0.6238185255198487,4.253308128544424,1.6446124763705103,0.9073724007561437,25.751390593665597,10.751390593665597,71.67593729110399
646733,Jim Allevinah,1766,1,4,0.0509626274065685,0.203850509626274,2025-06-03,1500000.0,1995-02-27,Attack,Angers SCO,FR1,30.338124572210816,1.5,jim allevinah,1995,1995.0,Attack,4.2,2.5,57,48,99,35,Angers SCO,Ligue 1,0.2140430351075878,0.1274065685164213,2.9048697621744055,2.446206115515289,5.045300113250283,1.783691959229898,12.23261408406408,10.73261408406408,715.507605604272
493702,Mattia Viti,2577,1,0,0.0349243306169965,0.0,2024-06-05,5000000.0,2002-01-24,Defender,ACF Fiorentina,IT1,23.430527036276523,5.0,mattia viti,2002,2002.0,Defender,0.8,0.2,17,86,10,11,ACF Fiorentina,Serie A,0.027939464493597205,0.006984866123399301,0.5937136204889406,3.0034924330616994,0.3492433061699651,0.3841676367869616,15.707812274707864,10.707812274707864,214.15624549415728
538918,Sebastiano Esposito,2344,8,1,0.3071672354948805,0.03839590443686,2025-06-17,8500000.0,2002-07-02,Attack,Cagliari Calcio,IT1,22.99520876112252,8.5,sebastiano esposito,2002,2002.0,Attack,5.7,2.1,31,93,106,59,Cagliari Calcio,Serie A,0.21885665529010243,0.08063139931740615,1.1902730375426622,3.5708191126279862,4.0699658703071675,2.265358361774744,19.200761516261515,10.700761516261515,125.89131195601783
713644,Bryan Zaragoza,1852,1,6,0.0485961123110151,0.2915766738660907,2025-06-09,12000000.0,2001-09-09,Attack,Associazione Sportiva Roma,IT1,23.805612594113622,12.0,bryan zaragoza,2001,2001.0,Attack,2.7,3.2,105,50,140,42,Associazione Sportiva Roma,Serie A,0.13120950323974084,0.1555075593952484,5.102591792656588,2.4298056155507557,6.8034557235421165,2.041036717062635,22.69469304584304,10.694693045843039,89.12244204869198
284595,Tommaso Augello,2715,0,7,0.0,0.2320441988950276,2025-06-17,1800000.0,1994-08-30,Defender,Cagliari Calcio,IT1,30.833675564681723,1.8,tommaso augello,1994,1994.0,Defender,0.3,4.6,58,118,113,8,Cagliari Calcio,Serie A,0.009944751381215469,0.15248618784530385,1.9226519337016574,3.9116022099447516,3.74585635359116,0.26519337016574585,12.470296164021166,10.670296164021165,592.7942313345092
566574,Kirian Rodríguez,1770,0,3,0.0,0.1525423728813559,2025-06-09,1000000.0,1996-03-05,Midfield,UD Las Palmas,ES1,29.319644079397673,1.0,kirian rodriguez,1996,1996.0,Midfield,1.6,1.5,25,128,39,21,UD Las Palmas,La Liga,0.08135593220338984,0.07627118644067796,1.271186440677966,6.508474576271187,1.9830508474576272,1.0677966101694916,11.658699652199646,10.658699652199646,1065.8699652199646
485583,Ki-Jana Hoever,2139,1,2,0.0420757363253856,0.0841514726507713,2025-06-03,5000000.0,2002-01-18,Defender,Wolverhampton Wanderers,GB1,23.446954140999317,5.0,kijana hoever,2002,2002.0,Defender,0.5,2.7,59,79,128,10,Wolverhampton Wanderers,Premier League,0.021037868162692847,0.11360448807854137,2.482468443197756,3.32398316970547,5.385694249649369,0.42075736325385693,15.643964033189038,10.643964033189038,212.87928066378075
465967,Ander Guevara,1944,0,1,0.0,0.0462962962962963,2025-06-09,3500000.0,1997-07-07,Midfield,Deportivo Alavés,ES1,27.980835044490075,3.5,ander guevara,1997,1997.0,Midfield,0.9,0.6,14,112,19,12,Deportivo Alavés,La Liga,0.04166666666666667,0.027777777777777776,0.6481481481481481,5.185185185185185,0.8796296296296297,0.5555555555555556,14.117079535279533,10.617079535279533,303.34512957941524
905997,Pablo Durán,1394,4,4,0.2582496413199426,0.2582496413199426,2025-06-09,3500000.0,2001-05-25,Attack,Celta de Vigo,ES1,24.09856262833675,3.5,pablo duran,2001,2001.0,Attack,3.6,2.8,24,30,124,26,Celta de Vigo,La Liga,0.23242467718794835,0.1807747489239598,1.5494978479196555,1.9368723098995697,8.005738880918221,1.6786226685796268,14.111363215488218,10.611363215488218,303.18180615680626
494586,Mickaël Nadé,2278,1,3,0.0395083406496927,0.1185250219490781,2025-06-03,2000000.0,1999-03-04,Defender,AS Saint-Étienne,FR1,26.324435318275153,2.0,mickael nade,1999,1999.0,Defender,0.7,0.6,17,72,2,5,AS Saint-Étienne,Ligue 1,0.0276558384547849,0.023705004389815626,0.6716417910447761,2.8446005267778753,0.07901668129938542,0.19754170324846357,12.590216095941088,10.590216095941088,529.5108047970543
308279,Rolando Mandragora,1936,4,3,0.1859504132231405,0.1394628099173553,2025-06-17,12000000.0,1997-06-29,Midfield,ACF Fiorentina,IT1,28.00273785078713,12.0,rolando mandragora,1997,1997.0,Midfield,2.7,4.8,11,92,34,37,ACF Fiorentina,Serie A,0.12551652892561985,0.22314049586776857,0.5113636363636364,4.276859504132232,1.5805785123966942,1.7200413223140494,22.568370747770743,10.568370747770743,88.06975623142286
643574,Kaishu Sano,3044,0,0,0.0,0.0,2025-06-05,20000000.0,2000-12-30,Midfield,1.FSV Mainz 05,L1,24.49828884325804,20.0,kaishu sano,2000,2000.0,Midfield,0.9,1.2,53,159,46,20,1.FSV Mainz 05,Bundesliga,0.026609724047306174,0.0354796320630749,1.567017082785808,4.701051248357425,1.3600525624178712,0.5913272010512484,30.467127188552197,10.467127188552197,52.33563594276098
424072,Mathias Pereira Lage,1572,2,7,0.1145038167938931,0.4007633587786259,2025-06-03,2500000.0,1996-11-30,Attack,FC St. Pauli,L1,28.580424366872005,2.5,mathias pereira lage,1996,1996.0,Attack,3.3,3.5,32,41,100,36,FC St. Pauli,Bundesliga,0.18893129770992365,0.20038167938931298,1.8320610687022902,2.3473282442748094,5.7251908396946565,2.0610687022900764,12.905442075517072,10.405442075517072,416.2176830206829
651569,Daniel Mosquera,1363,5,1,0.3301540719002201,0.066030814380044,2025-06-17,1500000.0,1999-10-20,Attack,Hellas Verona,IT1,25.694729637234772,1.5,daniel mosquera,1999,1999.0,Attack,6.6,1.3,17,25,83,57,Hellas Verona,Serie A,0.4358033749082905,0.08584005869405723,1.1225238444607484,1.6507703595011005,5.4805575935436535,3.763756419662509,11.877633640433638,10.377633640433638,691.8422426955758
412045,Pol Lozano,1958,0,1,0.0,0.0459652706843718,2025-06-09,5000000.0,1999-10-06,Midfield,RCD Espanyol Barcelona,ES1,25.73305954825462,5.0,pol lozano,1999,1999.0,Midfield,0.2,0.8,18,115,12,8,RCD Espanyol Barcelona,La Liga,0.009193054136874362,0.03677221654749745,0.8273748723186926,5.286006128702757,0.5515832482124616,0.3677221654749745,15.35597131664631,10.35597131664631,207.11942633292617
701819,Daniele Ghilardi,2030,0,0,0.0,0.0,2025-06-17,5000000.0,2003-01-06,Defender,Associazione Sportiva Roma,IT1,22.480492813141684,5.0,daniele ghilardi,2003,2003.0,Defender,0.6,0.2,16,57,7,12,Associazione Sportiva Roma,Serie A,0.026600985221674874,0.008866995073891626,0.70935960591133,2.5270935960591134,0.3103448275862069,0.5320197044334976,15.3450708032708,10.3450708032708,206.90141606541604
904662,Louis Mouton,1043,0,1,0.0,0.0862895493767977,2025-06-03,700000.0,2002-06-03,Midfield,Angers SCO,FR1,23.07460643394935,0.7,louis mouton,2002,2002.0,Midfield,1.3,1.3,18,54,51,19,Angers SCO,Ligue 1,0.11217641418983701,0.11217641418983701,1.5532118887823587,4.659635666347076,4.4007670182166825,1.6395014381591564,11.017957551707552,10.317957551707552,1473.9939359582218
206050,Paulo Dybala,1421,6,3,0.3800140745953554,0.1900070372976777,2025-06-17,8000000.0,1993-11-15,Attack,Associazione Sportiva Roma,IT1,31.62217659137577,8.0,paulo dybala,1993,1993.0,Attack,6.4,5.0,41,79,122,47,Associazione Sportiva Roma,Serie A,0.4053483462350458,0.3166783954961295,2.596762843068262,5.0035186488388455,7.726952850105559,2.9767769176636176,18.29202234617235,10.292022346172349,128.65027932715435
395522,Samuel Essende,1646,7,3,0.3827460510328068,0.1640340218712029,2025-06-05,4500000.0,1998-01-23,Attack,BSC Young Boys,C1,27.433264887063658,4.5,samuel essende,1998,1998.0,Attack,4.2,1.3,33,21,118,44,BSC Young Boys,,0.2296476306196841,0.07108140947752126,1.8043742405832321,1.1482381530984205,6.452004860267315,2.405832320777643,14.711608523883534,10.211608523883534,226.92463386407854
175639,Jonathan Clauss,2311,3,10,0.1168325400259627,0.3894418000865426,2025-06-03,5000000.0,1992-09-25,Defender,OGC Nice,FR1,32.761122518822724,5.0,jonathan clauss,1992,1992.0,Defender,2.2,7.7,53,105,160,26,OGC Nice,Ligue 1,0.08567719601903938,0.2998701860666378,2.064041540458676,4.089138900908697,6.231068801384682,1.0125486802250108,15.185093371443369,10.185093371443369,203.70186742886736
381967,Albert Sambi Lokonga,1474,0,2,0.0,0.1221166892808683,2025-06-09,8000000.0,1999-10-22,Midfield,Hamburger SV,L1,25.689253935660503,8.0,albert sambi lokonga,1999,1999.0,Midfield,0.9,1.0,24,93,20,13,Hamburger SV,Bundesliga,0.05495251017639077,0.061058344640434185,1.4654002713704206,5.67842605156038,1.2211668928086838,0.7937584803256444,18.157971724571727,10.157971724571727,126.97464655714658
602124,Alessandro Bianco,2625,1,0,0.0342857142857142,0.0,2025-06-17,5000000.0,2002-10-01,Midfield,Panthessalonikios Athlitikos Omilos Konstantinoupoliton,GR1,22.746064339493497,5.0,alessandro bianco,2002,2002.0,Midfield,1.3,1.2,35,125,25,26,Panthessalonikios Athlitikos Omilos Konstantinoupoliton,,0.044571428571428574,0.04114285714285714,1.2000000000000002,4.285714285714286,0.8571428571428572,0.8914285714285713,15.155796849446851,10.155796849446851,203.11593698893705
459128,Marco Brescianini,983,4,2,0.3662258392675483,0.1831129196337741,2025-06-17,8000000.0,2000-01-20,Midfield,ACF Fiorentina,IT1,25.44284736481862,8.0,marco brescianini,2000,2000.0,Midfield,3.1,1.0,46,36,69,20,ACF Fiorentina,Serie A,0.28382502543234994,0.09155645981688708,4.211597151576806,3.296032553407935,6.317395727365208,1.8311291963377416,18.130576302401305,10.130576302401305,126.63220378001631
568333,Adam Obert,1076,1,1,0.0836431226765799,0.0836431226765799,2025-06-17,3000000.0,2002-08-23,Defender,Cagliari Calcio,IT1,22.85284052019165,3.0,adam obert,2002,2002.0,Defender,0.9,0.4,12,50,19,9,Cagliari Calcio,Serie A,0.07527881040892194,0.033457249070631974,1.003717472118959,4.182156133828996,1.5892193308550187,0.7527881040892193,13.115442001517001,10.115442001517001,337.1814000505667
439914,John Yeboah,1212,1,2,0.0742574257425742,0.1485148514851485,2023-06-09,1500000.0,2000-06-23,Attack,Venezia FC,IT1,25.018480492813143,1.5,john yeboah,2000,2000.0,Attack,3.0,1.9,50,42,88,30,Venezia FC,Serie A,0.22277227722772278,0.1410891089108911,3.7128712871287126,3.118811881188119,6.534653465346535,2.227722772277228,11.595520322270323,10.095520322270323,673.0346881513549
406973,Moritz Broschinski,1385,1,3,0.0649819494584837,0.1949458483754512,2025-06-05,2000000.0,2000-09-23,Attack,FC Basel 1893,C1,24.76659822039699,2.0,moritz broschinski,2000,2000.0,Attack,4.2,1.8,37,20,130,38,FC Basel 1893,,0.27292418772563176,0.11696750902527075,2.404332129963899,1.2996389891696751,8.447653429602887,2.4693140794223827,12.063870656195652,10.063870656195652,503.1935328097826
340339,Jorge Sáenz,1691,1,0,0.0532229450029568,0.0,2023-06-14,1000000.0,1996-11-17,Defender,CD Leganés,ES1,28.61601642710472,1.0,jorge saenz,1996,1996.0,Defender,1.3,0.1,5,36,2,8,CD Leganés,La Liga,0.06918982850384388,0.005322294500295683,0.26611472501478417,1.916026020106446,0.10644589000591367,0.4257835600236547,11.044445369445365,10.044445369445365,1004.4445369445365
362108,Gabriel Gudmundsson,1787,2,0,0.1007274762171236,0.0,2025-06-03,7000000.0,1999-04-29,Defender,Leeds United,GB1,26.171115674195757,7.0,gabriel gudmundsson,1999,1999.0,Defender,0.7,1.4,71,91,115,18,Leeds United,Premier League,0.035254616675993285,0.07050923335198657,3.57582540570789,4.5831001678791266,5.7918298824846115,0.906547285954113,17.011871801346807,10.011871801346807,143.0267400192401
560593,Hicham Boudaoui,2440,2,4,0.0737704918032786,0.1475409836065573,2025-06-03,15000000.0,1999-09-23,Midfield,OGC Nice,FR1,25.76865160848734,15.0,hicham boudaoui,1999,1999.0,Midfield,2.7,3.0,54,124,75,39,OGC Nice,Ligue 1,0.09959016393442624,0.11065573770491804,1.9918032786885245,4.573770491803279,2.7663934426229506,1.4385245901639343,24.993460281385303,9.993460281385303,66.62306854256869
334221,Amos Pieper,1500,0,0,0.0,0.0,2025-06-05,3500000.0,1998-01-17,Defender,SV Werder Bremen,L1,27.449691991786448,3.5,amos pieper,1998,1998.0,Defender,0.4,0.6,11,62,3,7,SV Werder Bremen,Bundesliga,0.024,0.036,0.66,3.7199999999999998,0.18,0.42000000000000004,13.451757706182708,9.951757706182708,284.33593446236307
617074,Ilaix Moriba,2133,1,1,0.0421940928270042,0.0421940928270042,2025-06-09,6000000.0,2003-01-19,Midfield,Celta de Vigo,ES1,22.444900752908968,6.0,ilaix moriba,2003,2003.0,Midfield,1.7,1.5,34,119,64,34,Celta de Vigo,La Liga,0.07172995780590717,0.06329113924050633,1.4345991561181433,5.021097046413502,2.7004219409282704,1.4345991561181433,15.950868005143006,9.950868005143006,165.84780008571676
813137,Niccolò Pisilli,1218,2,1,0.147783251231527,0.0738916256157635,2025-06-17,13000000.0,2004-09-23,Midfield,Associazione Sportiva Roma,IT1,20.76659822039699,13.0,niccolo pisilli,2004,2004.0,Midfield,2.7,0.7,22,63,44,27,Associazione Sportiva Roma,Serie A,0.19950738916256158,0.05172413793103448,1.6256157635467978,4.655172413793103,3.2512315270935956,1.9950738916256159,22.935809511784505,9.935809511784505,76.42930393680388
353399,Romain Del Castillo,1259,6,4,0.4289118347895155,0.2859412231930103,2025-06-03,7000000.0,1996-03-29,Attack,Stade Brestois 29,FR1,29.253935660506503,7.0,romain del castillo,1996,1996.0,Attack,4.7,3.4,29,61,106,17,Stade Brestois 29,Ligue 1,0.3359809372517872,0.24305003971405878,2.073073868149325,4.360603653693407,7.577442414614774,1.215250198570294,16.935711712361712,9.935711712361712,141.93873874802446
696164,Tim Oermann,2217,0,2,0.0,0.081190798376184,2025-06-05,5000000.0,2003-10-06,Defender,Sportklub Puntigamer Sturm Graz,A1,21.73305954825462,5.0,tim oermann,2003,2003.0,Defender,0.2,0.6,15,61,16,9,Sportklub Puntigamer Sturm Graz,,0.008119079837618403,0.024357239512855205,0.6089309878213802,2.476319350473613,0.6495263870094723,0.3653585926928281,14.90493943001442,9.90493943001442,198.09878860028837
1061336,Pau Navarro,917,0,0,0.0,0.0,2025-06-09,3000000.0,2005-04-25,Defender,Villarreal CF,ES1,20.18069815195072,3.0,pau navarro,2005,2005.0,Defender,0.0,0.0,3,40,7,1,Villarreal CF,La Liga,0.0,0.0,0.29443838604143946,3.925845147219193,0.6870229007633587,0.09814612868047982,12.876342456617454,9.876342456617454,329.2114152205818
487843,Lorenzo Colombo,2240,6,2,0.2410714285714285,0.0803571428571428,2025-06-17,5000000.0,2002-03-08,Attack,Genoa CFC,IT1,23.312799452429843,5.0,lorenzo colombo,2002,2002.0,Attack,5.9,2.9,27,48,116,55,Genoa CFC,Serie A,0.23705357142857147,0.11651785714285713,1.0848214285714286,1.9285714285714286,4.660714285714286,2.2098214285714284,14.86935244107744,9.86935244107744,197.3870488215488
119211,Mitchell Weiser,2870,5,9,0.156794425087108,0.2822299651567944,2025-06-05,5000000.0,1994-04-21,Defender,SV Werder Bremen,L1,31.19233401779603,5.0,mitchell weiser,1994,1994.0,Defender,5.4,4.7,65,125,200,43,SV Werder Bremen,Bundesliga,0.16933797909407666,0.14738675958188152,2.038327526132404,3.919860627177701,6.2717770034843205,1.348432055749129,14.853412464387466,9.853412464387466,197.0682492877493
241923,Lorenzo Montipò,3240,0,0,0.0,0.0,2025-06-17,2000000.0,1996-02-20,Goalkeeper,Hellas Verona,IT1,29.357973990417523,2.0,lorenzo montipo,1996,1996.0,Goalkeeper,0.0,0.0,0,1,0,0,Hellas Verona,Serie A,0.0,0.0,0.0,0.027777777777777776,0.0,0.0,11.834041305916312,9.834041305916312,491.7020652958156
344069,Anton Stach,2590,1,2,0.0347490347490347,0.0694980694980695,2025-06-05,14000000.0,1998-11-15,Midfield,Leeds United,GB1,26.622861054072555,14.0,anton stach,1998,1998.0,Midfield,2.0,2.2,33,152,36,35,Leeds United,Premier League,0.0694980694980695,0.07644787644787646,1.1467181467181466,5.281853281853282,1.250965250965251,1.2162162162162162,23.783441185666195,9.783441185666195,69.88172275475854
335457,Ermedin Demirovic,1855,15,2,0.7277628032345014,0.0970350404312668,2025-06-05,22000000.0,1998-03-25,Attack,VfB Stuttgart,L1,27.266255989048595,22.0,ermedin demirovic,1998,1998.0,Attack,14.1,1.9,20,31,115,64,VfB Stuttgart,Bundesliga,0.6840970350404312,0.0921832884097035,0.9703504043126685,1.5040431266846361,5.579514824797844,3.1051212938005395,31.78020406445407,9.780204064454072,44.455473020245776
343052,Nicolas Pépé,1496,3,6,0.1804812834224599,0.3609625668449198,2025-06-09,6000000.0,1995-05-29,Attack,Villarreal CF,ES1,30.088980150581794,6.0,nicolas pepe,1995,1995.0,Attack,3.8,4.8,76,60,159,38,Villarreal CF,La Liga,0.2286096256684492,0.2887700534759358,4.572192513368984,3.609625668449198,9.565508021390373,2.286096256684492,15.775829576904568,9.775829576904568,162.93049294840947
1004301,Jérémy Jacquet,929,0,1,0.0,0.0968783638320775,2025-06-03,10000000.0,2005-07-13,Defender,Stade Rennais FC,FR1,19.964407939767284,10.0,jeremy jacquet,2005,2005.0,Defender,0.8,0.8,8,40,4,8,Stade Rennais FC,Ligue 1,0.077502691065662,0.077502691065662,0.77502691065662,3.8751345532831003,0.38751345532831,0.77502691065662,19.76724203759203,9.76724203759203,97.6724203759203
193867,Liam Henderson,2347,0,4,0.0,0.1533873029399233,2024-06-03,1400000.0,1996-04-25,Midfield,FC Empoli,IT1,29.180013689253936,1.4,liam henderson,1996,1996.0,Midfield,0.7,3.9,18,108,54,22,FC Empoli,Serie A,0.026842778014486576,0.14955262036642522,0.6902428632296549,4.141457179377929,2.0707285896889647,0.8436301661695782,11.11367543290043,9.71367543290043,693.833959492888
486144,Jakub Stolarczyk,900,0,0,0.0,0.0,2023-10-27,300000.0,2000-12-19,Goalkeeper,Leicester City,GB1,24.528405201916495,0.3,jakub stolarczyk,2000,2000.0,Goalkeeper,0.0,0.0,0,1,0,0,Leicester City,Premier League,0.0,0.0,0.0,0.1,0.0,0.0,10.00118838383838,9.70118838383838,3233.72946127946
671915,Enzo Barrenechea,2206,1,2,0.0407978241160471,0.0815956482320942,2025-06-09,10000000.0,2001-05-22,Midfield,SL Benfica,PO1,24.10677618069815,10.0,enzo barrenechea,2001,2001.0,Midfield,1.3,0.9,21,126,16,16,SL Benfica,,0.05303717135086129,0.03671804170444243,0.85675430643699,5.14052583862194,0.6527651858567542,0.6527651858567542,19.686119070744073,9.686119070744073,96.86119070744074
315145,Azor Matusiwa,2078,1,3,0.0433108758421559,0.1299326275264677,2025-06-03,8000000.0,1998-04-28,Midfield,Stade Rennais FC,FR1,27.173169062286107,8.0,azor matusiwa,1998,1998.0,Midfield,1.2,1.8,19,134,26,11,Stade Rennais FC,Ligue 1,0.05197305101058711,0.07795957651588066,0.8229066410009624,5.803657362848893,1.1260827718960538,0.4764196342637151,17.65238491878491,9.652384918784911,120.65481148481139
292534,Eric Smith,2828,1,1,0.0318246110325318,0.0318246110325318,2025-06-05,5000000.0,1997-01-08,Defender,FC St. Pauli,L1,28.473648186173858,5.0,eric smith,1997,1997.0,Defender,1.4,1.5,16,118,11,24,FC St. Pauli,Bundesliga,0.04455445544554455,0.047736916548797734,0.5091937765205092,3.755304101838755,0.35007072135785006,0.7637906647807637,14.583955242905246,9.583955242905246,191.67910485810492
842338,Enzo Tchato,1902,0,0,0.0,0.0,2025-06-03,2500000.0,2002-11-23,Defender,Montpellier HSC,FR1,22.600958247775495,2.5,enzo tchato,2002,2002.0,Defender,0.1,1.5,44,62,95,4,Montpellier HSC,Ligue 1,0.00473186119873817,0.07097791798107256,2.082018927444795,2.9337539432176656,4.495268138801262,0.1892744479495268,12.026742556517554,9.526742556517554,381.0697022607022
495621,Antonio Blanco,2739,0,1,0.0,0.0328587075575027,2025-06-09,10000000.0,2000-07-23,Midfield,Deportivo Alavés,ES1,24.93634496919918,10.0,antonio blanco,2000,2000.0,Midfield,0.8,1.6,13,146,19,25,Deportivo Alavés,La Liga,0.02628696604600219,0.05257393209200438,0.4271631982475356,4.7973713033954,0.6243154435925521,0.8214676889375685,19.45023601861102,9.450236018611019,94.5023601861102
857832,David Torres,1386,0,0,0.0,0.0,2023-10-13,500000.0,2003-03-05,Defender,Real Valladolid CF,ES1,22.321697467488026,0.5,david torres,2003,2003.0,Defender,0.3,0.0,11,37,3,3,Real Valladolid CF,La Liga,0.01948051948051948,0.0,0.7142857142857142,2.4025974025974026,0.19480519480519481,0.19480519480519481,9.924233585858588,9.424233585858588,1884.8467171717175
302371,Toni Martínez,1004,4,0,0.3585657370517928,0.0,2025-06-09,2500000.0,1997-06-30,Attack,Deportivo Alavés,ES1,28.0,2.5,toni martinez,1997,1997.0,Attack,3.6,0.6,13,11,57,46,Deportivo Alavés,La Liga,0.32270916334661354,0.05378486055776892,1.1653386454183268,0.9860557768924303,5.109561752988047,4.123505976095617,11.917542451067453,9.417542451067453,376.7016980426981
365108,Dan Ndoye,2151,8,4,0.3347280334728033,0.1673640167364016,2025-06-17,35000000.0,2000-10-25,Attack,Nottingham Forest,GB1,24.67898699520876,35.0,dan ndoye,2000,2000.0,Attack,7.0,3.8,132,74,231,50,Nottingham Forest,Premier League,0.2928870292887029,0.15899581589958156,5.523012552301255,3.0962343096234313,9.665271966527197,2.092050209205021,44.39164754689756,9.391647546897559,26.8332787054216
639712,Étienne Youté Kinkoué,2320,0,0,0.0,0.0,2025-06-03,7000000.0,2002-01-14,Defender,Le Havre AC,FR1,23.457905544147845,7.0,etienne youte kinkoue,2002,2002.0,Defender,1.3,0.2,12,63,4,14,Le Havre AC,Ligue 1,0.05043103448275862,0.007758620689655173,0.46551724137931033,2.443965517241379,0.15517241379310345,0.5431034482758621,16.384832975357977,9.384832975357977,134.06904250511394
496094,Karim Adeyemi,1441,7,6,0.4371963913948646,0.3747397640527411,2025-06-05,45000000.0,2002-01-18,Attack,Borussia Dortmund,L1,23.446954140999317,45.0,karim adeyemi,2002,2002.0,Attack,5.5,6.0,68,28,153,46,Borussia Dortmund,Bundesliga,0.34351145038167935,0.3747397640527411,4.2470506592644,1.7487855655794586,9.5558639833449,2.873004857737682,54.330002025752044,9.330002025752044,20.73333783500454
391766,Marco Grüll,1180,6,2,0.4576271186440677,0.1525423728813559,2025-06-05,4000000.0,1998-07-06,Attack,SV Werder Bremen,L1,26.98425735797399,4.0,marco grull,1998,1998.0,Attack,4.0,1.8,24,38,93,25,SV Werder Bremen,Bundesliga,0.30508474576271183,0.13728813559322034,1.830508474576271,2.8983050847457625,7.093220338983051,1.906779661016949,13.320662804787807,9.320662804787807,233.01657011969516
484988,Logan Costa,2676,2,1,0.0672645739910313,0.0336322869955156,2025-06-09,18000000.0,2001-04-01,Defender,Villarreal CF,ES1,24.246406570841888,18.0,logan costa,2001,2001.0,Defender,0.7,1.1,26,120,11,12,Villarreal CF,La Liga,0.023542600896860985,0.03699551569506727,0.874439461883408,4.0358744394618835,0.36995515695067266,0.40358744394618834,27.288475666925674,9.288475666925674,51.60264259403152
212804,Florian Tardieu,1222,2,4,0.1472995090016366,0.2945990180032733,2025-06-03,600000.0,1992-04-22,Midfield,AS Saint-Étienne,FR1,33.18822724161533,0.6,florian tardieu,1992,1992.0,Midfield,0.6,1.3,11,139,44,16,AS Saint-Étienne,Ligue 1,0.04418985270049099,0.09574468085106383,0.8101472995090017,10.237315875613747,3.2405891980360066,1.1783960720130933,9.873266570466571,9.273266570466571,1545.5444284110954
829874,Lilian Raolisoa,1314,0,3,0.0,0.2054794520547945,2025-06-03,800000.0,2000-06-16,Defender,Angers SCO,FR1,25.037645448323065,0.8,lilian raolisoa,2000,2000.0,Defender,0.7,2.0,33,47,62,14,Angers SCO,Ligue 1,0.04794520547945205,0.136986301369863,2.2602739726027394,3.219178082191781,4.2465753424657535,0.958904109589041,10.068846548821545,9.268846548821545,1158.605818602693
432298,Zion Suzuki,3315,0,0,0.0,0.0,2025-06-17,20000000.0,2002-08-21,Goalkeeper,Parma Calcio 1913,IT1,22.85831622176591,20.0,zion suzuki,2002,2002.0,Goalkeeper,0.0,0.0,0,0,0,0,Parma Calcio 1913,Serie A,0.0,0.0,0.0,0.0,0.0,0.0,29.235667777592777,9.235667777592777,46.17833888796389
166237,Leandro Paredes,1371,3,1,0.1969365426695842,0.0656455142231947,2025-06-17,5000000.0,1994-06-29,Midfield,Club Atlético Boca Juniors,ARG1,31.003422313483917,5.0,leandro paredes,1994,1994.0,Midfield,2.3,1.5,17,106,14,24,Club Atlético Boca Juniors,,0.15098468271334792,0.09846827133479212,1.1159737417943107,6.958424507658644,0.9190371991247266,1.575492341356674,14.222476106301098,9.222476106301098,184.44952212602198
504209,Gianluca Busio,2527,2,0,0.0712307083498219,0.0,2025-06-17,6000000.0,2002-05-28,Midfield,Venezia FC,IT1,23.091033538672143,6.0,gianluca busio,2002,2002.0,Midfield,2.4,1.6,60,95,135,36,Venezia FC,Serie A,0.0854768500197863,0.056984566679857546,2.1369212504946575,3.3834586466165413,4.80807281361298,1.2821527502967947,15.21030246512746,9.21030246512746,153.5050410854577
257062,Álvaro García,2565,4,5,0.1403508771929824,0.175438596491228,2025-06-09,2000000.0,1992-10-27,Attack,Rayo Vallecano,ES1,32.6735112936345,2.0,alvaro garcia,1992,1992.0,Attack,7.6,5.0,68,71,245,71,Rayo Vallecano,La Liga,0.26666666666666666,0.17543859649122806,2.3859649122807016,2.491228070175439,8.596491228070175,2.491228070175439,11.205324773374768,9.205324773374768,460.26623866873837
1076815,Javi Rodríguez,2513,3,2,0.1074413052128929,0.0716275368085953,2025-06-09,15000000.0,2003-06-27,Defender,Celta de Vigo,ES1,22.00958247775496,15.0,javi rodriguez,2003,2003.0,Defender,2.3,1.0,29,114,51,12,Celta de Vigo,La Liga,0.0823716673298846,0.035813768404297654,1.0385992837246318,4.082769598089932,1.8265021886191803,0.4297652208515718,24.139843205868225,9.139843205868225,60.932288039121495
238537,Wladimiro Falcone,3420,0,0,0.0,0.0,2025-06-17,3500000.0,1995-04-12,Goalkeeper,US Lecce,IT1,30.217659137577,3.5,wladimiro falcone,1995,1995.0,Goalkeeper,0.0,0.0,0,0,0,0,US Lecce,Serie A,0.0,0.0,0.0,0.0,0.0,0.0,12.636527920227918,9.136527920227918,261.0436548636548
585700,Juan Cruz,2265,5,4,0.1986754966887417,0.1589403973509933,2025-06-09,5000000.0,2000-04-25,Attack,CD Leganés,ES1,25.180013689253936,5.0,juan cruz,2000,2000.0,Attack,2.7,4.1,59,66,131,33,CD Leganés,La Liga,0.10728476821192053,0.1629139072847682,2.3443708609271523,2.622516556291391,5.2052980132450335,1.3112582781456954,14.135277900802903,9.135277900802903,182.70555801605806
370791,Pablo Rosario,1775,3,1,0.152112676056338,0.0507042253521126,2025-06-03,8000000.0,1997-01-07,Midfield,OGC Nice,FR1,28.476386036960985,8.0,pablo rosario,1997,1997.0,Midfield,3.8,0.6,17,89,25,16,OGC Nice,Ligue 1,0.19267605633802817,0.030422535211267605,0.8619718309859155,4.5126760563380275,1.267605633802817,0.8112676056338028,17.10820917508417,9.10820917508417,113.85261468855212
707274,César Tárrega,3027,2,1,0.0594648166501486,0.0297324083250743,2025-06-09,10000000.0,2002-02-26,Defender,Valencia CF,ES1,23.34017796030116,10.0,cesar tarrega,2002,2002.0,Defender,1.9,0.1,20,79,1,20,Valencia CF,La Liga,0.05649157581764123,0.0029732408325074335,0.5946481665014867,2.348860257680872,0.02973240832507433,0.5946481665014867,19.096666895141897,9.096666895141897,90.96666895141897
293200,Nikola Vlašić,2122,5,4,0.2120640904806786,0.1696512723845429,2025-06-17,8000000.0,1997-10-04,Midfield,Torino FC,IT1,27.73716632443532,8.0,nikola vlasic,1997,1997.0,Midfield,3.4,2.4,53,94,110,30,Torino FC,Serie A,0.14420358152686144,0.10179076343072573,2.2478793590951933,3.9868049010367574,4.665409990574929,1.2723845428840717,17.067631325156324,9.067631325156324,113.34539156445405
274461,Felix Passlack,2345,1,6,0.0383795309168443,0.2302771855010661,2025-06-05,2000000.0,1998-05-29,Defender,Hibernian FC,SC1,27.08829568788501,2.0,felix passlack,1998,1998.0,Defender,1.3,3.9,43,65,118,26,Hibernian FC,,0.04989339019189766,0.14968017057569297,1.650319829424307,2.4946695095948828,4.528784648187633,0.9978678038379531,11.03241840751841,9.03241840751841,451.6209203759205
215977,Adrien Thomasson,2625,3,7,0.1028571428571428,0.24,2025-06-03,5000000.0,1993-12-10,Midfield,RC Lens,FR1,31.55373032169747,5.0,adrien thomasson,1993,1993.0,Midfield,5.9,6.0,30,149,138,41,RC Lens,Ligue 1,0.2022857142857143,0.20571428571428574,1.0285714285714285,5.1085714285714285,4.731428571428571,1.4057142857142857,14.026872781847782,9.026872781847782,180.53745563695566
288340,Phillip Tietz,1685,7,2,0.373887240356083,0.1068249258160237,2025-06-05,5000000.0,1997-07-09,Attack,FC Augsburg,L1,27.975359342915812,5.0,phillip tietz,1997,1997.0,Attack,6.1,1.2,8,29,113,51,FC Augsburg,Bundesliga,0.32581602373887236,0.06409495548961423,0.42729970326409494,1.5489614243323442,6.035608308605341,2.724035608308605,14.010881010656016,9.010881010656016,180.2176202131203
421873,Elia Caprile,1944,0,0,0.0,0.0,2025-06-17,9000000.0,2001-08-25,Goalkeeper,Cagliari Calcio,IT1,23.8466803559206,9.0,elia caprile,2001,2001.0,Goalkeeper,0.0,0.0,0,0,0,0,Cagliari Calcio,Serie A,0.0,0.0,0.0,0.0,0.0,0.0,17.97860901320901,8.97860901320901,99.762322368989
776798,Abdallah Sima,1237,7,2,0.5092966855295068,0.1455133387227162,2025-06-03,9000000.0,2001-06-17,Attack,RC Lens,FR1,24.035592060232716,9.0,abdallah sima,2001,2001.0,Attack,5.9,1.0,36,24,92,37,RC Lens,Ligue 1,0.42926434923201295,0.07275666936135812,2.6192400970088925,1.7461600646725952,6.693613581244947,2.691996766370251,17.958914727864723,8.958914727864723,99.54349697627471
346561,Luca Ranieri,3078,1,3,0.0292397660818713,0.087719298245614,2025-06-17,12000000.0,1999-04-23,Defender,ACF Fiorentina,IT1,26.187542778918548,12.0,luca ranieri,1999,1999.0,Defender,1.1,1.7,25,80,11,10,ACF Fiorentina,Serie A,0.03216374269005848,0.04970760233918129,0.7309941520467835,2.3391812865497075,0.3216374269005848,0.29239766081871343,20.891636868686863,8.891636868686863,74.09697390572386
338668,Senne Lynen,2748,0,1,0.0,0.0327510917030567,2025-06-05,9000000.0,1999-02-19,Midfield,SV Werder Bremen,L1,26.360027378507873,9.0,senne lynen,1999,1999.0,Midfield,1.1,0.6,9,91,28,24,SV Werder Bremen,Bundesliga,0.036026200873362446,0.019650655021834062,0.2947598253275109,2.9803493449781664,0.9170305676855895,0.7860262008733624,17.84496421356421,8.84496421356421,98.27738015071346
364827,Cédric Kipré,2191,0,1,0.0,0.0410771337288909,2023-06-01,2200000.0,1996-12-09,Defender,Stade Reims,FR1,28.555783709787818,2.2,cedric kipre,1996,1996.0,Defender,0.6,1.3,16,77,3,9,Stade Reims,Ligue 1,0.024646280237334547,0.05340027384755819,0.6572341396622546,3.1629392971246006,0.12323140118667276,0.36969420356001825,11.028851712639218,8.828851712639217,401.31144148360073
523318,Anastasios Douvikas,1270,5,3,0.3543307086614173,0.2125984251968504,2025-06-17,10000000.0,1999-08-02,Attack,Como 1907,IT1,25.911019849418206,10.0,anastasios douvikas,1999,1999.0,Attack,6.9,1.3,14,12,79,31,Como 1907,Serie A,0.48897637795275595,0.09212598425196851,0.9921259842519685,0.8503937007874016,5.5984251968503935,2.1968503937007875,18.82682961760461,8.82682961760461,88.26829617604609
226012,David Soria,3420,0,0,0.0,0.0,2025-06-09,3000000.0,1993-04-04,Goalkeeper,Getafe CF,ES1,32.238193018480494,3.0,david soria,1993,1993.0,Goalkeeper,0.0,0.0,0,1,0,0,Getafe CF,La Liga,0.0,0.0,0.0,0.026315789473684213,0.0,0.0,11.812506695156692,8.812506695156692,293.75022317188973
371371,Marash Kumbulla,2976,3,0,0.0907258064516129,0.0,2025-06-09,7500000.0,2000-02-08,Defender,RCD Mallorca,ES1,25.39082819986311,7.5,marash kumbulla,2000,2000.0,Defender,1.8,0.0,11,71,3,16,RCD Mallorca,La Liga,0.05443548387096774,0.0,0.3326612903225807,2.1471774193548385,0.0907258064516129,0.4838709677419355,16.308535199985215,8.808535199985215,117.44713599980288
678406,Sergi Cardona,2955,1,7,0.0304568527918781,0.2131979695431472,2025-06-09,10000000.0,1999-07-08,Defender,Villarreal CF,ES1,25.97946611909651,10.0,sergi cardona,1999,1999.0,Defender,2.4,5.8,52,77,198,20,Villarreal CF,La Liga,0.0730964467005076,0.17664974619289342,1.5837563451776648,2.345177664974619,6.030456852791879,0.6091370558375634,18.759197450697453,8.759197450697453,87.59197450697454
876631,Habib Diarra,2357,4,5,0.1527365294866355,0.1909206618582944,2025-06-03,20000000.0,2004-01-03,Midfield,Sunderland AFC,GB1,21.489390828199863,20.0,habib diarra,2004,2004.0,Midfield,3.3,4.5,61,116,114,25,Sunderland AFC,Premier League,0.1260076368264743,0.171828595672465,2.329232074671192,4.429359355112431,4.352991090369113,0.9546033092914721,28.750034650534655,8.750034650534655,43.75017325267328
65278,Pedro,1088,10,1,0.8272058823529412,0.0827205882352941,2025-06-17,1000000.0,1987-07-28,Attack,Società Sportiva Lazio S.p.A.,IT1,37.92470910335387,1.0,pedro,1987,1987.0,Attack,5.3,1.7,48,76,89,37,Società Sportiva Lazio S.p.A.,Serie A,0.4384191176470588,0.140625,3.9705882352941178,6.286764705882353,7.362132352941177,3.0606617647058822,9.69953573278574,8.69953573278574,869.953573278574
333647,Jonathan Burkardt,2125,18,3,0.7623529411764706,0.1270588235294117,2025-06-05,35000000.0,2000-07-11,Attack,Eintracht Frankfurt,L1,24.969199178644764,35.0,jonathan burkardt,2000,2000.0,Attack,14.8,3.1,32,42,157,70,Eintracht Frankfurt,Bundesliga,0.6268235294117648,0.13129411764705884,1.3552941176470588,1.7788235294117647,6.649411764705882,2.9647058823529413,43.64863046213046,8.648630462130463,24.710372748944177
388294,Omar Traoré,2622,0,1,0.0,0.034324942791762,2025-06-05,4000000.0,1998-02-04,Defender,1. Fußballclub Heidenheim 1846,L1,27.40041067761807,4.0,omar traore,1998,1998.0,Defender,0.5,1.6,103,117,115,16,1. Fußballclub Heidenheim 1846,Bundesliga,0.017162471395881007,0.054919908466819226,3.5354691075514872,4.016018306636155,3.9473684210526314,0.5491990846681922,12.615718971768962,8.615718971768962,215.39297429422405
405687,Tom Krauß,1081,0,0,0.0,0.0,2025-06-05,4000000.0,2001-06-22,Midfield,1.FC Köln,L1,24.021902806297057,4.0,tom krau,2001,2001.0,Midfield,0.4,0.7,16,84,20,11,1.FC Köln,Bundesliga,0.03330249768732655,0.05827937095282146,1.332099907493062,6.993524514338575,1.6651248843663276,0.9158186864014801,12.613913567913572,8.613913567913572,215.3478391978393
335225,Manu Morlanes,1340,0,0,0.0,0.0,2025-06-09,2500000.0,1999-01-12,Midfield,RCD Mallorca,ES1,26.46406570841889,2.5,manu morlanes,1999,1999.0,Midfield,0.6,0.3,16,88,39,11,RCD Mallorca,La Liga,0.04029850746268657,0.020149253731343283,1.0746268656716418,5.91044776119403,2.6194029850746268,0.7388059701492538,11.112277717652713,8.612277717652713,344.49110870610855
461607,Estéban Lepaul,1631,9,0,0.4966278356836297,0.0,2025-06-03,7000000.0,2000-04-18,Attack,Stade Rennais FC,FR1,25.19917864476386,7.0,esteban lepaul,2000,2000.0,Attack,5.1,0.8,26,20,68,41,Stade Rennais FC,Ligue 1,0.2814224402207235,0.04414469650521152,1.4347026364193747,1.1036174126302882,3.7522992029429796,2.2624156958920905,15.595029028379018,8.595029028379018,122.78612897684312
126751,Iñigo Ruiz de Galarreta,1488,0,4,0.0,0.2419354838709677,2025-06-09,3000000.0,1993-08-06,Midfield,Athletic Bilbao,ES1,31.89869952087611,3.0,inigo ruiz de galarreta,1993,1993.0,Midfield,0.5,2.9,27,137,39,11,Athletic Bilbao,La Liga,0.03024193548387097,0.1754032258064516,1.6330645161290325,8.286290322580646,2.3588709677419355,0.6653225806451614,11.5809737974988,8.5809737974988,286.0324599166267
116088,Marius Bülter,1740,7,4,0.3620689655172414,0.2068965517241379,2025-06-05,2500000.0,1993-03-29,Attack,1.FC Köln,L1,32.25462012320329,2.5,marius bulter,1993,1993.0,Attack,3.7,3.1,57,35,155,37,1.FC Köln,Bundesliga,0.1913793103448276,0.1603448275862069,2.9482758620689657,1.8103448275862069,8.017241379310345,1.9137931034482758,11.050202913752912,8.550202913752912,342.0081165501165
340459,Dani de Wit,1145,2,2,0.1572052401746725,0.1572052401746725,2025-06-05,2500000.0,1998-01-28,Midfield,FC Utrecht,NL1,27.419575633127995,2.5,dani de wit,1998,1998.0,Midfield,2.1,0.5,5,33,37,20,FC Utrecht,,0.16506550218340613,0.039301310043668124,0.3930131004366812,2.593886462882096,2.908296943231441,1.5720524017467248,11.042349010249014,8.542349010249014,341.69396040996054
583255,Antoine Semenyo,3210,11,6,0.308411214953271,0.1682242990654205,2025-05-30,40000000.0,2000-01-07,Attack,Manchester City,GB1,25.478439425051334,40.0,antoine semenyo,2000,2000.0,Attack,10.0,5.8,140,109,282,125,Manchester City,Premier League,0.2803738317757009,0.16261682242990652,3.925233644859813,3.0560747663551404,7.906542056074766,3.5046728971962615,48.53445123395124,8.534451233951238,21.336128084878094
227084,Benedikt Gimber,2677,0,0,0.0,0.0,2025-06-05,3000000.0,1997-02-19,Defender,1. Fußballclub Heidenheim 1846,L1,28.358658453114305,3.0,benedikt gimber,1997,1997.0,Defender,0.7,0.3,7,46,8,14,1. Fußballclub Heidenheim 1846,Bundesliga,0.02353380649981322,0.010085917071348524,0.23533806499813223,1.5465072842734406,0.268957788569294,0.47067612999626446,11.53085662948162,8.53085662948162,284.36188764938737
284854,Carles Aleñá,1549,0,2,0.0,0.1162040025823111,2025-06-09,2500000.0,1998-01-05,Midfield,Deportivo Alavés,ES1,27.482546201232033,2.5,carles alena,1998,1998.0,Midfield,1.6,1.4,21,70,53,20,Deportivo Alavés,La Liga,0.09296320206584895,0.08134280180761781,1.2201420271142673,4.0671400903808905,3.079406068431246,1.1620400258231116,11.012783249158247,8.512783249158247,340.51132996632987
520530,Fali Candé,1530,1,1,0.0588235294117647,0.0588235294117647,2025-06-17,2500000.0,1998-01-24,Defender,US Sassuolo,IT1,27.430527036276523,2.5,fali cande,1998,1998.0,Defender,1.1,0.6,5,47,3,5,US Sassuolo,Serie A,0.06470588235294118,0.03529411764705882,0.29411764705882354,2.764705882352941,0.1764705882352941,0.29411764705882354,10.978116590816594,8.478116590816594,339.1246636326637
59323,Cristhian Stuani,1059,11,2,0.9348441926345608,0.1699716713881019,2025-06-09,1000000.0,1986-10-12,Attack,Girona FC,ES1,38.71594798083505,1.0,cristhian stuani,1986,1986.0,Attack,8.1,0.6,2,10,36,31,Girona FC,La Liga,0.688385269121813,0.05099150141643059,0.16997167138810199,0.8498583569405099,3.059490084985836,2.634560906515581,9.469841898841894,8.469841898841894,846.9841898841894
783396,Ramón Terrats,1353,4,1,0.2660753880266075,0.0665188470066518,2025-06-09,4000000.0,2000-10-18,Midfield,RCD Espanyol Barcelona,ES1,24.698151950718685,4.0,ramon terrats,2000,2000.0,Midfield,2.3000000000000003,2.8,9,43,40,21,RCD Espanyol Barcelona,La Liga,0.15299334811529935,0.18625277161862527,0.5986696230598669,2.860310421286031,2.6607538802660753,1.3968957871396896,12.440273484848477,8.440273484848477,211.00683712121193
822331,Omar El Hilali,3159,0,2,0.0,0.0569800569800569,2025-06-09,15000000.0,2003-09-12,Defender,RCD Espanyol Barcelona,ES1,21.79876796714579,15.0,omar el hilali,2003,2003.0,Defender,0.0,0.8,35,84,61,2,RCD Espanyol Barcelona,La Liga,0.0,0.022792022792022793,0.9971509971509972,2.393162393162393,1.7378917378917378,0.05698005698005698,23.428416832241837,8.428416832241837,56.18944554827892
806793,Clément Akpa,2495,0,1,0.0,0.0360721442885771,2025-06-03,5000000.0,2001-11-24,Defender,AJ Auxerre,FR1,23.59753593429158,5.0,clement akpa,2001,2001.0,Defender,0.3,0.9,27,74,24,6,AJ Auxerre,Ligue 1,0.010821643286573146,0.03246492985971944,0.9739478957915831,2.6693386773547094,0.8657314629258517,0.21643286573146292,13.42420386002886,8.42420386002886,168.4840772005772
573775,Hugo Duro,2172,11,3,0.4558011049723757,0.1243093922651933,2025-06-09,14000000.0,1999-11-10,Attack,Valencia CF,ES1,25.637234770704996,14.0,hugo duro,1999,1999.0,Attack,9.4,1.3,13,28,88,48,Valencia CF,La Liga,0.38950276243093923,0.053867403314917135,0.5386740331491713,1.160220994475138,3.6464088397790055,1.9889502762430937,22.420236249861247,8.420236249861247,60.14454464186605
285845,Ainsley Maitland-Niles,1976,1,4,0.0455465587044534,0.1821862348178137,2025-06-03,12000000.0,1997-08-29,Defender,Olympique Lyon,FR1,27.835728952772072,12.0,ainsley maitlandniles,1997,1997.0,Defender,2.9,3.4,33,102,110,22,Olympique Lyon,Ligue 1,0.132085020242915,0.15485829959514172,1.5030364372469638,4.645748987854251,5.010121457489879,1.0020242914979756,20.34913277555778,8.34913277555778,69.5761064629815
397486,Dennis Man,1999,4,5,0.1800900450225112,0.225112556278139,2025-06-17,10000000.0,1998-08-26,Attack,PSV Eindhoven,NL1,26.844626967830255,10.0,dennis man,1998,1998.0,Attack,5.5,4.2,67,60,142,49,PSV Eindhoven,,0.24762381190595298,0.1890945472736368,3.016508254127064,2.701350675337669,6.393196598299149,2.206103051525763,18.331989580789582,8.331989580789582,83.31989580789582
298583,Eray Cömert,1783,0,0,0.0,0.0,2025-06-09,2000000.0,1998-02-04,Defender,Valencia CF,ES1,27.40041067761807,2.0,eray comert,1998,1998.0,Defender,0.9,0.0,9,48,5,9,Valencia CF,La Liga,0.045429052159282106,0.0,0.45429052159282113,2.422882781828379,0.2523836231071228,0.45429052159282113,10.330600745550747,8.330600745550747,416.53003727753736
351816,Ismaël Bennacer,952,0,2,0.0,0.1890756302521008,2025-06-03,15000000.0,1997-12-01,Midfield,GNK Dinamo Zagreb,KR1,27.578370978781656,15.0,ismael bennacer,1997,1997.0,Midfield,0.2,1.9,22,95,20,6,GNK Dinamo Zagreb,,0.018907563025210086,0.17962184873949577,2.0798319327731094,8.98109243697479,1.8907563025210086,0.5672268907563025,23.314935918710905,8.314935918710905,55.43290612473937
250013,Angelo Fulgini,1043,1,1,0.0862895493767977,0.0862895493767977,2025-06-03,5000000.0,1996-08-20,Midfield,Al-Taawoun Football Club,SA1,28.85968514715948,5.0,angelo fulgini,1996,1996.0,Midfield,2.4,3.8,29,69,113,26,Al-Taawoun Football Club,,0.20709491850431447,0.32790028763183127,2.5023969319271333,5.953978906999041,9.75071907957814,2.2435282837967403,13.263001418951422,8.263001418951422,165.26002837902845
196793,Maximilian Wittek,2715,0,1,0.0,0.0331491712707182,2025-06-05,1500000.0,1995-08-21,Defender,VfL Bochum,L1,29.859000684462696,1.5,maximilian wittek,1995,1995.0,Defender,1.4,4.4,47,141,83,41,VfL Bochum,Bundesliga,0.04640883977900553,0.14585635359116023,1.558011049723757,4.6740331491712706,2.751381215469613,1.3591160220994476,9.75248875661375,8.25248875661375,550.1659171075834
361068,Jurgen Ekkelenkamp,1896,3,2,0.1424050632911392,0.0949367088607594,2025-06-17,7000000.0,2000-04-05,Midfield,Udinese Calcio,IT1,25.234770704996578,7.0,jurgen ekkelenkamp,2000,2000.0,Midfield,2.8,1.3,34,72,86,27,Udinese Calcio,Serie A,0.13291139240506328,0.061708860759493674,1.6139240506329113,3.4177215189873418,4.082278481012659,1.2816455696202531,15.228807239057232,8.228807239057232,117.55438912938902
914562,Désiré Doué,1732,6,8,0.3117782909930716,0.4157043879907621,2025-06-03,90000000.0,2005-06-03,Attack,Paris Saint-Germain,FR1,20.073921971252567,90.0,desire doue,2005,2005.0,Attack,5.1,7.8,97,139,232,55,Paris Saint-Germain,Ligue 1,0.2650115473441108,0.4053117782909931,5.040415704387991,7.222863741339492,12.055427251732102,2.85796766743649,98.22728520553521,8.22728520553521,9.141428006150234
354814,M'Bala Nzola,1465,6,1,0.3686006825938566,0.0614334470989761,2025-06-03,6000000.0,1996-08-18,Attack,US Sassuolo,IT1,28.865160848733744,6.0,mbala nzola,1996,1996.0,Attack,8.6,1.3,26,22,118,47,US Sassuolo,Serie A,0.5283276450511944,0.07986348122866894,1.5972696245733788,1.3515358361774743,7.24914675767918,2.887372013651877,14.226452454952465,8.226452454952465,137.10754091587444
667967,Yassine Kechta,2111,2,1,0.0852676456655613,0.0426338228327806,2025-06-03,5000000.0,2002-02-25,Midfield,Le Havre AC,FR1,23.342915811088297,5.0,yassine kechta,2002,2002.0,Midfield,2.5,1.2,44,97,85,29,Le Havre AC,Ligue 1,0.10658455708195169,0.05116058739933681,1.8758882046423495,4.135480814779726,3.623874940786357,1.2363808621506396,13.187998193473193,8.187998193473193,163.7599638694639
255906,Scott McKenna,2467,0,0,0.0,0.0,2025-06-09,4000000.0,1996-11-12,Defender,GNK Dinamo Zagreb,KR1,28.629705681040384,4.0,scott mckenna,1996,1996.0,Defender,1.1,0.7,11,45,3,10,GNK Dinamo Zagreb,,0.040129712201053915,0.02553708958248885,0.40129712201053913,1.6416700445885692,0.10944466963923795,0.36481556546412647,12.146273701298702,8.146273701298702,203.65684253246755
698259,Thomas Kristensen,1753,1,0,0.0513405590416428,0.0,2025-06-17,6000000.0,2002-01-17,Defender,Udinese Calcio,IT1,23.449691991786448,6.0,thomas kristensen,2002,2002.0,Defender,0.9,0.3,19,76,19,4,Udinese Calcio,Serie A,0.04620650313747861,0.015402167712492868,0.9754706217912151,3.9018824871648605,0.9754706217912151,0.20536223616657157,14.128320152070144,8.128320152070144,135.4720025345024
199527,Jacob Murphy,2382,8,12,0.3022670025188916,0.4534005037783375,2025-05-30,16000000.0,1995-02-24,Attack,Newcastle United,GB1,30.34633812457221,16.0,jacob murphy,1995,1995.0,Attack,5.7,8.9,79,83,231,43,Newcastle United,Premier League,0.21536523929471035,0.33627204030226704,2.9848866498740554,3.136020151133501,8.727959697732997,1.6246851385390428,24.093644485144484,8.093644485144484,50.58527803215303
1121298,Juma Bah,1549,0,0,0.0,0.0,2025-06-03,6000000.0,2006-04-11,Defender,OGC Nice,FR1,19.21971252566735,6.0,juma bah,2006,2006.0,Defender,0.4,0.2,3,22,2,5,OGC Nice,Ligue 1,0.023240800516462237,0.011620400258231118,0.17430600387346676,1.2782440284054228,0.11620400258231116,0.2905100064557779,14.044435413660416,8.044435413660416,134.07392356100695
324795,Mahdi Camara,2670,5,4,0.1685393258426966,0.1348314606741573,2025-06-03,9000000.0,1998-06-30,Midfield,Stade Rennais FC,FR1,27.000684462696785,9.0,mahdi camara,1998,1998.0,Midfield,4.1,2.0,58,111,112,49,Stade Rennais FC,Ligue 1,0.13820224719101123,0.06741573033707865,1.955056179775281,3.7415730337078656,3.775280898876405,1.651685393258427,17.039708597883592,8.039708597883592,89.33009553203992
378293,Yangel Herrera,2265,4,3,0.1589403973509933,0.119205298013245,2025-06-09,15000000.0,1998-01-07,Midfield,Girona FC,ES1,27.477070499657767,15.0,yangel herrera,1998,1998.0,Midfield,3.6,1.5,31,110,99,39,Girona FC,La Liga,0.14304635761589404,0.059602649006622516,1.2317880794701987,4.370860927152318,3.933774834437086,1.5496688741721854,23.039453962703963,8.039453962703963,53.596359751359756
196813,Michael Zetterer,3060,0,0,0.0,0.0,2025-06-05,4500000.0,1995-07-12,Goalkeeper,SV Werder Bremen,L1,29.968514715947983,4.5,michael zetterer,1995,1995.0,Goalkeeper,0.0,0.0,0,3,0,0,SV Werder Bremen,Bundesliga,0.0,0.0,0.0,0.08823529411764705,0.0,0.0,12.486992448292447,7.9869924482924475,177.4887210731655
295183,Răzvan Marin,1395,3,2,0.1935483870967742,0.1290322580645161,2025-06-17,3500000.0,1996-05-23,Midfield,Athlitiki Enosi Konstantinoupoleos,GR1,29.10335386721424,3.5,razvan marin,1996,1996.0,Midfield,2.4,3.6,22,84,29,21,Athlitiki Enosi Konstantinoupoleos,,0.15483870967741936,0.23225806451612904,1.4193548387096775,5.419354838709678,1.8709677419354838,1.3548387096774195,11.471878132978132,7.971878132978132,227.76794665651806
192635,Nico Elvedi,2136,1,1,0.0421348314606741,0.0421348314606741,2025-06-05,8000000.0,1996-09-30,Defender,Borussia Mönchengladbach,L1,28.747433264887064,8.0,nico elvedi,1996,1996.0,Defender,2.0,0.4,20,55,5,12,Borussia Mönchengladbach,Bundesliga,0.08426966292134831,0.016853932584269662,0.8426966292134832,2.317415730337079,0.2106741573033708,0.5056179775280899,15.94164459151958,7.94164459151958,99.27055739399475
345458,Sebastian Walukiewicz,1842,0,0,0.0,0.0,2025-06-17,4500000.0,2000-04-05,Defender,US Sassuolo,IT1,25.234770704996578,4.5,sebastian walukiewicz,2000,2000.0,Defender,0.4,0.4,27,88,34,6,US Sassuolo,Serie A,0.01954397394136808,0.01954397394136808,1.3192182410423452,4.299674267100977,1.6612377850162867,0.2931596091205212,12.441182005957005,7.941182005957005,176.470711243489
282169,Marin Šverko,1119,1,0,0.0804289544235924,0.0,2023-06-12,400000.0,1998-02-04,Defender,Venezia FC,IT1,27.40041067761807,0.4,marin sverko,1998,1998.0,Defender,0.3,0.3,8,38,1,3,Venezia FC,Serie A,0.024128686327077747,0.024128686327077747,0.6434316353887399,3.0563002680965146,0.08042895442359249,0.24128686327077747,8.336895091945095,7.936895091945095,1984.2237729862734
448632,Yehvann Diouf,3060,0,0,0.0,0.0,2025-06-03,12000000.0,1999-11-16,Goalkeeper,OGC Nice,FR1,25.620807665982205,12.0,yehvann diouf,1999,1999.0,Goalkeeper,0.1,0.0,0,1,0,1,OGC Nice,Ligue 1,0.0029411764705882357,0.0,0.0,0.029411764705882353,0.0,0.029411764705882353,19.92487964165464,7.924879641654641,66.04066368045535
585973,Johann Lepenant,2054,2,1,0.0876338851022395,0.0438169425511197,2025-06-03,6000000.0,2002-10-22,Midfield,FC Nantes,FR1,22.688569472963724,6.0,johann lepenant,2002,2002.0,Midfield,1.4,0.9,25,89,62,20,FC Nantes,Ligue 1,0.061343719571567666,0.039435248296007794,1.095423563777994,3.899707887049659,2.7166504381694256,0.8763388510223954,13.912850456950464,7.912850456950464,131.8808409491744
474800,Facundo Medina,2549,0,1,0.0,0.0353079639074146,2025-06-03,25000000.0,1999-05-28,Defender,Olympique Marseille,FR1,26.091718001368925,25.0,facundo medina,1999,1999.0,Defender,1.8,2.0,46,174,42,27,Olympique Marseille,Ligue 1,0.06355433503334641,0.07061592781482934,1.624166339741075,6.143585719890153,1.482934484111416,0.9533150255001962,32.90876517371518,7.908765173715182,31.635060694860726
574671,Strahinja Pavlović,1864,2,2,0.0965665236051502,0.0965665236051502,2025-06-17,18000000.0,2001-05-24,Defender,AC Milan,IT1,24.10130047912389,18.0,strahinja pavlovic,2001,2001.0,Defender,1.8,1.1,40,94,10,17,AC Milan,Serie A,0.08690987124463519,0.05311158798283262,1.9313304721030042,4.53862660944206,0.48283261802575106,0.8208154506437768,25.90612145632145,7.906121456321451,43.92289697956361
283497,Mathias Honsak,1176,5,1,0.3826530612244898,0.0765306122448979,2025-06-05,2000000.0,1996-12-20,Attack,1. Fußballclub Heidenheim 1846,L1,28.525667351129364,2.0,mathias honsak,1996,1996.0,Attack,3.3,1.6,37,29,58,29,1. Fußballclub Heidenheim 1846,Bundesliga,0.25255102040816324,0.12244897959183675,2.8316326530612246,2.2193877551020407,4.438775510204081,2.2193877551020407,9.857089081289086,7.857089081289086,392.8544540644543
592975,Woyo Coulibaly,1192,0,2,0.0,0.1510067114093959,2025-05-30,2000000.0,1999-05-26,Defender,US Sassuolo,IT1,26.09719370294319,2.0,woyo coulibaly,1999,1999.0,Defender,0.1,0.9,40,44,25,5,US Sassuolo,Serie A,0.0075503355704698,0.06795302013422819,3.0201342281879193,3.322147651006712,1.8875838926174497,0.3775167785234899,9.848178822103817,7.848178822103817,392.4089411051908
263727,Joan Jordán,1414,5,2,0.3182461103253182,0.1272984441301273,2025-06-09,2500000.0,1994-07-06,Midfield,Sevilla FC,ES1,30.98425735797399,2.5,joan jordan,1994,1994.0,Midfield,4.8,2.3,7,104,35,13,Sevilla FC,La Liga,0.3055162659123055,0.1463932107496464,0.44554455445544555,6.61951909476662,2.227722772277228,0.8274398868458275,10.329038660413664,7.829038660413664,313.16154641654657
578392,Maximilian Beier,1590,8,6,0.4528301886792452,0.3396226415094339,2025-06-05,25000000.0,2002-10-17,Attack,Borussia Dortmund,L1,22.702258726899384,25.0,maximilian beier,2002,2002.0,Attack,7.7,3.3,24,33,124,42,Borussia Dortmund,Bundesliga,0.4358490566037736,0.1867924528301887,1.3584905660377358,1.8679245283018866,7.018867924528301,2.3773584905660377,32.80268598901097,7.802685989010968,31.210743956043867
485965,Nicolas Cozza,2051,1,1,0.0438810336421257,0.0438810336421257,2025-06-03,3500000.0,1999-01-08,Defender,FC Nantes,FR1,26.47501711156742,3.5,nicolas cozza,1999,1999.0,Defender,1.4,1.4,25,64,56,17,FC Nantes,Ligue 1,0.06143344709897611,0.06143344709897611,1.0970258410531448,2.8083861530960506,2.4573378839590445,0.7459775719161386,11.292181492581486,7.792181492581486,222.6337569308996
484992,Aïmen Moueffek,1041,0,1,0.0,0.0864553314121037,2023-06-16,1000000.0,2001-04-09,Midfield,AS Saint-Étienne,FR1,24.22450376454483,1.0,aimen moueffek,2001,2001.0,Midfield,1.1,1.1,20,43,31,10,AS Saint-Étienne,Ligue 1,0.09510086455331414,0.09510086455331414,1.729106628242075,3.717579250720461,2.680115273775216,0.8645533141210375,8.791684683834685,7.791684683834685,779.1684683834685
401173,Jadon Sancho,1765,3,5,0.1529745042492918,0.254957507082153,2025-05-30,28000000.0,2000-03-25,Attack,Aston Villa,GB1,25.26488706365503,28.0,jadon sancho,2000,2000.0,Attack,2.2,3.7,102,90,225,24,Aston Villa,Premier League,0.11218130311614732,0.1886685552407932,5.201133144475921,4.589235127478753,11.473087818696884,1.2237960339943343,35.77929816017317,7.77929816017317,27.78320771490418
204103,Adama Traoré,1770,2,7,0.1016949152542373,0.3559322033898305,2025-05-30,9000000.0,1996-01-25,Attack,West Ham United,GB1,29.429158110882955,9.0,adama traore,1996,1996.0,Attack,4.0,4.9,100,68,161,39,West Ham United,Premier League,0.2033898305084746,0.24915254237288137,5.084745762711864,3.457627118644068,8.186440677966102,1.9830508474576272,16.77490092037592,7.77490092037592,86.3877880041769
148928,Saúl Ñíguez,1555,1,6,0.0578778135048231,0.3472668810289389,2025-06-09,3000000.0,1994-11-21,Midfield,Clube de Regatas do Flamengo,BRA1,30.60643394934976,3.0,saul niguez,1994,1994.0,Midfield,2.8,2.5,13,66,39,42,Clube de Regatas do Flamengo,,0.1620578778135048,0.14469453376205788,0.752411575562701,3.8199356913183284,2.2572347266881025,2.430868167202572,10.69407342934843,7.69407342934843,256.4691143116143
651735,Magnus Knudsen,1853,0,1,0.0,0.0485698866702644,2025-06-05,2500000.0,2001-06-15,Midfield,Aarhus GF,DK1,24.041067761806985,2.5,magnus knudsen,2001,2001.0,Midfield,0.7,1.3,16,54,25,12,Aarhus GF,,0.033998920669185105,0.06314085267134377,0.7771181867242309,2.6227738801942797,1.214247166756611,0.5828386400431732,10.187116516816522,7.687116516816522,307.4846606726608
206040,Raúl Jiménez,2507,12,3,0.4307937774232149,0.1076984443558037,2025-05-30,5000000.0,1991-05-05,Attack,Fulham FC,GB1,34.15468856947297,5.0,raul jimenez,1991,1991.0,Attack,12.0,3.3,35,62,125,93,Fulham FC,Premier League,0.43079377742321495,0.11846828879138413,1.2564818508177102,2.225767850019944,4.487435181491823,3.3386517750299163,12.633858071558079,7.633858071558079,152.67716143116158
550550,Gonçalo Ramos,1063,10,3,0.8466603951081844,0.2539981185324553,2025-06-03,40000000.0,2001-06-20,Attack,Paris Saint-Germain,FR1,24.02737850787132,40.0,goncalo ramos,2001,2001.0,Attack,13.6,2.2,11,24,63,52,Paris Saint-Germain,Ligue 1,1.1514581373471307,0.18626528692380057,0.9313264346190029,2.031984948259643,5.333960489181561,4.402634054562559,47.61307485569984,7.613074855699843,19.032687139249607
204047,Matus Bero,2570,5,2,0.1750972762645914,0.0700389105058365,2025-06-05,3000000.0,1995-09-06,Midfield,VfL Bochum,L1,29.815195071868583,3.0,matus bero,1995,1995.0,Midfield,4.0,3.7,29,143,111,31,VfL Bochum,Bundesliga,0.14007782101167315,0.12957198443579768,1.0155642023346303,5.007782101167315,3.88715953307393,1.085603112840467,10.575810600510609,7.575810600510609,252.5270200170203
324377,Youssef Maleh,1514,0,1,0.0,0.059445178335535,2025-06-17,3200000.0,1998-08-22,Midfield,US Lecce,IT1,26.855578370978783,3.2,youssef maleh,1998,1998.0,Midfield,0.9,0.9,10,72,37,17,US Lecce,Serie A,0.053500660501981503,0.053500660501981503,0.5944517833553501,4.28005284015852,2.1994715984147954,1.0105680317040953,10.767479040404043,7.567479040404042,236.48372001262632
662242,Rassoul Ndiaye,1057,1,1,0.0851466414380321,0.0851466414380321,2025-06-03,2000000.0,2001-12-11,Midfield,Le Havre AC,FR1,23.550992470910337,2.0,rassoul ndiaye,2001,2001.0,Midfield,1.7,0.6,6,46,30,18,Le Havre AC,Ligue 1,0.14474929044465468,0.0510879848628193,0.510879848628193,3.9167455061494794,2.5543992431409652,1.5326395458845792,9.551214454064453,7.5512144540644535,377.56072270322267
435796,Kilian Fischer,2307,1,0,0.0390117035110533,0.0,2025-06-05,6000000.0,2000-10-12,Defender,VfL Wolfsburg,L1,24.71457905544148,6.0,kilian fischer,2000,2000.0,Defender,0.3,0.5,51,110,89,6,VfL Wolfsburg,Bundesliga,0.011703511053315994,0.019505851755526656,1.989596879063719,4.291287386215865,3.4720416124837454,0.2340702210663199,13.547901227476226,7.547901227476226,125.79835379127043
917375,Antoine Hainaut,1198,2,0,0.1502504173622704,0.0,2025-06-17,1000000.0,2002-02-18,Defender,Parma Calcio 1913,IT1,23.362080766598226,1.0,antoine hainaut,2002,2002.0,Defender,0.8,1.0,22,34,37,6,Parma Calcio 1913,Serie A,0.06010016694490818,0.07512520868113523,1.652754590984975,2.5542570951585977,2.7796327212020033,0.4507512520868113,8.529773459873457,7.529773459873457,752.9773459873458
238407,Alexander Sørloth,1561,20,2,1.1531069827033953,0.1153106982703395,2025-06-09,25000000.0,1995-12-05,Attack,Atlético de Madrid,ES1,29.568788501026695,25.0,alexander srloth,1995,1995.0,Attack,16.8,1.6,32,31,81,78,Atlético de Madrid,La Liga,0.968609865470852,0.09224855861627163,1.8449711723254323,1.7873158231902626,4.67008327994875,4.497117232543242,32.513572715247705,7.5135727152477045,30.054290860990818
786436,Ismaël Doukouré,2647,1,1,0.034000755572346,0.034000755572346,2025-06-03,18000000.0,2003-07-24,Defender,RC Strasbourg Alsace,FR1,21.93566050650239,18.0,ismael doukoure,2003,2003.0,Defender,0.6,1.1,20,116,9,3,RC Strasbourg Alsace,Ligue 1,0.02040045334340763,0.03740083112958066,0.6800151114469211,3.944087646392142,0.3060068001511145,0.10200226671703816,25.50771649831651,7.507716498316508,41.70953610175838
225657,Philipp Lienhart,2771,1,0,0.032479249368459,0.0,2025-06-05,12000000.0,1996-07-11,Defender,SC Freiburg,L1,28.969199178644764,12.0,philipp lienhart,1996,1996.0,Defender,0.5,0.8,44,138,9,8,SC Freiburg,Bundesliga,0.016239624684229518,0.025983399494767235,1.429086972212198,4.482136412847348,0.29231324431613137,0.2598339949476723,19.50186927701927,7.501869277019271,62.51557730849392
469669,Yvan Neyou,2322,1,1,0.0387596899224806,0.0387596899224806,2025-06-09,3000000.0,1997-01-03,Midfield,Getafe CF,ES1,28.487337440109513,3.0,yvan neyou,1997,1997.0,Midfield,0.6,0.6,24,96,30,16,Getafe CF,La Liga,0.023255813953488372,0.023255813953488372,0.9302325581395349,3.7209302325581395,1.1627906976744184,0.6201550387596899,10.486682996632986,7.486682996632986,249.5560998877662
385394,Alberto Dossena,1831,0,2,0.0,0.0983069361004915,2025-06-17,8000000.0,1998-10-13,Defender,Cagliari Calcio,IT1,26.713210130047912,8.0,alberto dossena,1998,1998.0,Defender,0.8,0.7,4,36,1,12,Cagliari Calcio,Serie A,0.03932277444019662,0.03440742763517204,0.19661387220098306,1.7695248498088476,0.049153468050245765,0.5898416166029492,15.45904730732231,7.45904730732231,93.23809134152887
392516,Antonino Gallo,2615,0,2,0.0,0.0688336520076481,2025-06-17,4300000.0,2000-01-05,Defender,US Lecce,IT1,25.4839151266256,4.3,antonino gallo,2000,2000.0,Defender,0.3,2.7,57,107,110,9,US Lecce,Serie A,0.010325047801147227,0.09292543021032507,1.9617590822179731,3.682600382409178,3.78585086042065,0.30975143403441685,11.732102458652461,7.432102458652461,172.83959206168515
324811,Arnaud Nordin,1246,4,1,0.2889245585874799,0.0722311396468699,2025-06-05,5000000.0,1998-06-17,Attack,Stade Rennais FC,FR1,27.0362765229295,5.0,arnaud nordin,1998,1998.0,Attack,4.1,0.9,51,23,111,26,Stade Rennais FC,Ligue 1,0.2961476725521669,0.06500802568218299,3.683788121990369,1.6613162118780098,8.017656500802568,1.8780096308186196,12.419503078403077,7.419503078403077,148.39006156806153
491296,Anass Zaroury,1407,2,3,0.1279317697228145,0.1918976545842217,2025-06-03,8000000.0,2000-11-07,Attack,Panathinaikos Athlitikos Omilos,GR1,24.643394934976044,8.0,anass zaroury,2000,2000.0,Attack,1.7,2.9,49,65,107,35,Panathinaikos Athlitikos Omilos,,0.10874200426439233,0.18550106609808104,3.1343283582089554,4.157782515991471,6.844349680170575,2.238805970149254,15.410892266067266,7.4108922660672665,92.63615332584084
506248,Edu Expósito,1045,0,2,0.0,0.1722488038277512,2025-06-09,3000000.0,1996-08-01,Midfield,RCD Espanyol Barcelona,ES1,28.91170431211499,3.0,edu exposito,1996,1996.0,Midfield,1.0,3.2,23,64,41,18,RCD Espanyol Barcelona,La Liga,0.0861244019138756,0.2755980861244019,1.9808612440191387,5.511961722488039,3.5311004784688995,1.5502392344497606,10.389208495208504,7.3892084952085035,246.30694984028344
362842,Arthur Melo,942,0,0,0.0,0.0,2025-06-09,5000000.0,1996-08-12,Midfield,Grêmio Foot-Ball Porto Alegrense,BRA1,28.88158795345654,5.0,arthur melo,1996,1996.0,Midfield,0.2,0.2,24,70,17,6,Grêmio Foot-Ball Porto Alegrense,,0.01910828025477707,0.01910828025477707,2.2929936305732483,6.687898089171974,1.6242038216560508,0.5732484076433121,12.373018097643095,7.3730180976430955,147.46036195286192
398184,Ferran Torres,1101,10,6,0.8174386920980927,0.4904632152588555,2025-06-09,40000000.0,2000-02-29,Attack,FC Barcelona,ES1,25.333333333333332,40.0,ferran torres,2000,2000.0,Attack,8.0,3.1,23,35,98,48,FC Barcelona,La Liga,0.6539509536784741,0.2534059945504087,1.880108991825613,2.861035422343324,8.010899182561307,3.9237057220708444,47.35097763347763,7.350977633477633,18.377444083694083
127108,Florian Lejeune,3326,2,3,0.0541190619362597,0.0811785929043896,2025-06-09,2500000.0,1991-05-20,Defender,Rayo Vallecano,ES1,34.11362080766598,2.5,florian lejeune,1991,1991.0,Defender,3.6,1.9,21,143,5,58,Rayo Vallecano,La Liga,0.0974143114852676,0.05141310883944678,0.5682501503307277,3.8695129284425733,0.13529765484064943,1.5694527961515334,9.850743795093791,7.350743795093791,294.02975180375165
335631,Marco Komenda,1311,0,0,0.0,0.0,2025-06-05,800000.0,1996-11-26,Defender,Holstein Kiel,L1,28.591375770020537,0.8,marco komenda,1996,1996.0,Defender,0.1,0.8,13,53,16,3,Holstein Kiel,Bundesliga,0.006864988558352403,0.054919908466819226,0.8924485125858123,3.6384439359267735,1.0983981693363845,0.20594965675057209,8.146675242350243,7.346675242350243,918.3344052937804
1071956,Emmanuel Biumla,1334,1,0,0.0674662668665667,0.0,2025-06-03,4000000.0,2005-05-08,Defender,Angers SCO,FR1,20.145106091718,4.0,emmanuel biumla,2005,2005.0,Defender,0.7,0.0,3,16,0,4,Angers SCO,Ligue 1,0.047226386806596694,0.0,0.20239880059970014,1.0794602698650675,0.0,0.2698650674662669,11.342432233507234,7.342432233507234,183.56080583768085
847279,Oumar Diakité,1642,4,1,0.2192448233861144,0.0548112058465286,2025-06-03,6000000.0,2003-12-20,Attack,Cercle Brugge,BE1,21.527720739219713,6.0,oumar diakite,2003,2003.0,Attack,5.5,1.1,24,44,93,26,Cercle Brugge,,0.30146163215590743,0.060292326431181494,1.3154689403166868,2.4116930572472595,5.097442143727162,1.4250913520097441,13.339666528379029,7.339666528379029,122.32777547298382
282349,Timo Becker,2446,0,2,0.0,0.0735895339329517,2025-06-05,1500000.0,1997-03-25,Defender,Holstein Kiel,L1,28.265571526351813,1.5,timo becker,1997,1997.0,Defender,1.4,0.8,28,57,38,17,Holstein Kiel,Bundesliga,0.05151267375306623,0.029435813573180706,1.0302534750613246,2.0973017170891253,1.3982011447260834,0.6255110384300899,8.82911827986828,7.329118279868281,488.60788532455206
512352,Lasse Rosenboom,1738,2,2,0.1035673187571921,0.1035673187571921,2025-06-05,1500000.0,2002-01-19,Defender,Holstein Kiel,L1,23.444216290212182,1.5,lasse rosenboom,2002,2002.0,Defender,1.9,1.1,19,34,50,12,Holstein Kiel,Bundesliga,0.09838895281933256,0.056962025316455694,0.9838895281933256,1.760644418872267,2.5891829689298045,0.621403912543153,8.802770707070708,7.302770707070708,486.8513804713806
435228,Ardian Ismajli,2510,0,0,0.0,0.0,2025-06-17,6000000.0,1996-09-30,Defender,Torino FC,IT1,28.747433264887064,6.0,ardian ismajli,1996,1996.0,Defender,0.3,0.0,3,38,1,5,Torino FC,Serie A,0.010756972111553784,0.0,0.10756972111553784,1.3625498007968129,0.035856573705179286,0.17928286852589642,13.28215768768269,7.282157687682689,121.36929479471148
481834,Andrea Carboni,2196,0,1,0.0,0.040983606557377,2025-06-17,2800000.0,2001-02-04,Defender,AC Monza,IT1,24.399726214921287,2.8,andrea carboni,2001,2001.0,Defender,0.3,0.3,9,51,32,8,AC Monza,Serie A,0.012295081967213115,0.012295081967213115,0.36885245901639346,2.0901639344262297,1.3114754098360655,0.32786885245901637,10.050941958966952,7.250941958966952,258.96221282024834
667965,Oussama Targhalline,994,0,0,0.0,0.0,2025-05-28,4000000.0,2002-05-20,Midfield,Feyenoord Rotterdam,NL1,23.1129363449692,4.0,oussama targhalline,2002,2002.0,Midfield,0.1,0.7,25,66,34,5,Feyenoord Rotterdam,,0.009054325955734407,0.06338028169014084,2.263581488933602,5.9758551307847085,3.078470824949698,0.45271629778672035,11.243683525733527,7.243683525733527,181.09208814333817
94308,Marko Dmitrovic,2880,0,0,0.0,0.0,2025-06-09,800000.0,1992-01-24,Goalkeeper,RCD Espanyol Barcelona,ES1,33.43189596167009,0.8,marko dmitrovic,1992,1992.0,Goalkeeper,0.0,0.2,0,1,0,0,RCD Espanyol Barcelona,La Liga,0.0,0.00625,0.0,0.03125,0.0,0.0,7.992534163059163,7.192534163059163,899.0667703823952
395695,Elisha Owusu,2355,1,3,0.0382165605095541,0.1146496815286624,2025-06-03,3000000.0,1997-11-07,Midfield,AJ Auxerre,FR1,27.644079397672822,3.0,elisha owusu,1997,1997.0,Midfield,0.4,1.0,8,78,33,7,AJ Auxerre,Ligue 1,0.015286624203821658,0.03821656050955414,0.3057324840764331,2.9808917197452227,1.2611464968152866,0.267515923566879,10.184580567580573,7.184580567580573,239.48601891935243
805886,Gaby Jean,1388,0,0,0.0,0.0,2025-06-17,2000000.0,2000-02-19,Defender,US Lecce,IT1,25.360711841204655,2.0,gaby jean,2000,2000.0,Defender,0.1,0.1,8,42,3,1,US Lecce,Serie A,0.006484149855907781,0.006484149855907781,0.5187319884726225,2.723342939481268,0.19452449567723346,0.06484149855907781,9.180314081289078,7.180314081289078,359.01570406445387
676411,Dailon Livramento,932,1,2,0.0965665236051502,0.1931330472103004,2025-06-17,800000.0,2001-05-04,Attack,Hellas Verona,IT1,24.15605749486653,0.8,dailon livramento,2001,2001.0,Attack,1.8,0.9,23,13,67,13,Hellas Verona,Serie A,0.17381974248927037,0.08690987124463519,2.221030042918455,1.255364806866953,6.469957081545064,1.255364806866953,7.913370502645507,7.113370502645507,889.1713128306883
651269,Armin Gigovic,1905,5,2,0.2362204724409448,0.0944881889763779,2025-06-05,3000000.0,2002-04-06,Midfield,BSC Young Boys,C1,23.23340177960301,3.0,armin gigovic,2002,2002.0,Midfield,1.9,2.1,37,50,45,26,BSC Young Boys,,0.08976377952755905,0.09921259842519685,1.7480314960629921,2.3622047244094486,2.1259842519685037,1.2283464566929134,10.110390392015393,7.110390392015393,237.0130130671798
711976,Andy Diouf,2234,1,2,0.0402864816472694,0.0805729632945389,2025-06-03,15000000.0,2003-05-17,Midfield,RC Lens,FR1,22.12183436002738,15.0,andy diouf,2003,2003.0,Midfield,2.9,2.8,82,116,94,40,RC Lens,Ligue 1,0.11683079677708147,0.11280214861235452,3.3034914950760967,4.673231871083259,3.7869292748433305,1.6114592658907787,22.10199414381915,7.101994143819152,47.34662762546101
377219,Selim Amallah,1385,3,2,0.1949458483754512,0.1299638989169675,2025-06-09,1600000.0,1996-11-15,Midfield,Real Valladolid CF,ES1,28.621492128678987,1.6,selim amallah,1996,1996.0,Midfield,3.5,1.1,24,57,27,21,Real Valladolid CF,La Liga,0.22743682310469313,0.07148014440433213,1.55956678700361,3.7039711191335742,1.7545126353790614,1.364620938628159,8.689989192289197,7.089989192289197,443.1243245180748
392966,Nadir Zortea,2727,6,2,0.198019801980198,0.066006600660066,2025-06-17,5000000.0,1999-06-19,Defender,Bologna Football Club 1909,IT1,26.031485284052017,5.0,nadir zortea,1999,1999.0,Defender,3.1,2.4,69,63,144,33,Bologna Football Club 1909,Serie A,0.10231023102310231,0.07920792079207921,2.277227722772277,2.0792079207920793,4.752475247524752,1.089108910891089,12.03430045695046,7.03430045695046,140.6860091390092
344072,Kelvin Amian,2163,1,0,0.0416088765603328,0.0,2025-06-03,2500000.0,1998-02-08,Defender,FC Nantes,FR1,27.38945927446954,2.5,kelvin amian,1998,1998.0,Defender,1.0,0.8,32,73,77,7,FC Nantes,Ligue 1,0.041608876560332866,0.033287101248266296,1.3314840499306517,3.037447988904299,3.203883495145631,0.29126213592233013,9.52082241462241,7.02082241462241,280.8328965848964
588426,Saúl Coco,2848,2,0,0.0632022471910112,0.0,2025-06-17,10000000.0,1999-02-09,Defender,Torino FC,IT1,26.38740588637919,10.0,saul coco,1999,1999.0,Defender,1.2,0.0,17,70,3,20,Torino FC,Serie A,0.037921348314606744,0.0,0.5372191011235955,2.212078651685393,0.09480337078651685,0.6320224719101123,17.020737433862436,7.020737433862436,70.20737433862436
438961,Michael Svoboda,1314,1,0,0.0684931506849315,0.0,2023-06-12,900000.0,1998-10-15,Defender,Venezia FC,IT1,26.70773442847365,0.9,michael svoboda,1998,1998.0,Defender,0.2,0.6,13,43,5,4,Venezia FC,Serie A,0.013698630136986302,0.0410958904109589,0.8904109589041096,2.9452054794520546,0.3424657534246575,0.273972602739726,7.858342881192884,6.958342881192884,773.1492090214315
557613,Quentin Merlin,1598,1,3,0.0563204005006257,0.1689612015018773,2025-06-03,15000000.0,2002-05-16,Defender,Stade Rennais FC,FR1,23.123887748117728,15.0,quentin merlin,2002,2002.0,Defender,2.1,3.0,40,86,169,26,Stade Rennais FC,Ligue 1,0.11827284105131415,0.16896120150187735,2.252816020025031,4.843554443053818,9.518147684605758,1.4643304130162704,21.951152885077885,6.951152885077885,46.34101923385257
505674,Sergio Camello,1139,3,2,0.2370500438981562,0.1580333625987708,2025-06-09,3000000.0,2001-02-10,Attack,Rayo Vallecano,ES1,24.383299110198493,3.0,sergio camello,2001,2001.0,Attack,4.1,2.0,20,27,68,32,Rayo Vallecano,La Liga,0.32396839332748023,0.15803336259877085,1.5803336259877085,2.1334503950834067,5.3731343283582085,2.5285338015803336,9.946342492692494,6.946342492692494,231.54474975641648
692737,Aljoscha Kemlein,924,1,0,0.0974025974025974,0.0,2025-06-05,7000000.0,2004-08-02,Midfield,1.FC Union Berlin,L1,20.908966461327857,7.0,aljoscha kemlein,2004,2004.0,Midfield,0.9,0.6,5,42,19,11,1.FC Union Berlin,Bundesliga,0.08766233766233766,0.05844155844155844,0.487012987012987,4.090909090909091,1.8506493506493507,1.0714285714285714,13.920178576978584,6.920178576978584,98.8596939568369
336869,Marc Roca,909,2,2,0.198019801980198,0.198019801980198,2025-06-09,6000000.0,1996-11-26,Midfield,Real Betis Balompié,ES1,28.591375770020537,6.0,marc roca,1996,1996.0,Midfield,1.1,1.0,11,59,13,12,Real Betis Balompié,La Liga,0.10891089108910892,0.099009900990099,1.089108910891089,5.841584158415842,1.2871287128712872,1.188118811881188,12.913137530062533,6.913137530062533,115.21895883437556
195488,Paulo Gazzaniga,3195,0,0,0.0,0.0,2025-06-09,2500000.0,1992-01-02,Goalkeeper,Girona FC,ES1,33.492128678986994,2.5,paulo gazzaniga,1992,1992.0,Goalkeeper,0.0,0.0,0,0,0,0,Girona FC,La Liga,0.0,0.0,0.0,0.0,0.0,0.0,9.402188900913893,6.9021889009138935,276.0875560365557
469976,Christopher Operi,1170,0,2,0.0,0.1538461538461538,2025-06-18,3800000.0,1997-04-29,Defender,Basaksehir FK,TR1,28.16974674880219,3.8,christopher operi,1997,1997.0,Defender,0.3,2.2,28,52,65,7,Basaksehir FK,,0.023076923076923078,0.16923076923076924,2.153846153846154,4.0,5.0,0.5384615384615385,10.701853703703708,6.901853703703709,181.62772904483444
709372,Carlos Romero,2555,2,1,0.0704500978473581,0.035225048923679,2025-06-09,5000000.0,2001-10-29,Defender,RCD Espanyol Barcelona,ES1,23.668720054757017,5.0,carlos romero,2001,2001.0,Defender,2.0,2.1,50,64,113,29,RCD Espanyol Barcelona,La Liga,0.07045009784735812,0.07397260273972603,1.761252446183953,2.2544031311154598,3.980430528375734,1.0215264187866928,11.887215737965734,6.887215737965734,137.74431475931468
474662,Hugo Magnetti,2331,1,0,0.0386100386100386,0.0,2025-06-03,6000000.0,1998-05-30,Midfield,Stade Brestois 29,FR1,27.085557837097877,6.0,hugo magnetti,1998,1998.0,Midfield,0.8,0.4,21,80,20,19,Stade Brestois 29,Ligue 1,0.03088803088803089,0.015444015444015444,0.8108108108108109,3.0888030888030884,0.7722007722007721,0.7335907335907337,12.881003150553152,6.881003150553152,114.68338584255252
284270,Moritz Nicolas,1640,0,0,0.0,0.0,2025-06-05,5000000.0,1997-10-21,Goalkeeper,Borussia Mönchengladbach,L1,27.690622861054074,5.0,moritz nicolas,1997,1997.0,Goalkeeper,0.0,0.0,0,0,0,0,Borussia Mönchengladbach,Bundesliga,0.0,0.0,0.0,0.0,0.0,0.0,11.85788813871313,6.857888138713131,137.1577627742626
690799,Anthony Rouault,2185,1,0,0.0411899313501144,0.0,2025-06-03,10000000.0,2001-05-29,Defender,Stade Rennais FC,FR1,24.087611225188223,10.0,anthony rouault,2001,2001.0,Defender,1.0,0.3,9,88,4,12,Stade Rennais FC,Ligue 1,0.041189931350114416,0.012356979405034324,0.3707093821510298,3.6247139588100685,0.16475972540045766,0.49427917620137296,16.853797991823008,6.853797991823008,68.53797991823008
787912,El Chadaille Bitshiabu,1127,0,0,0.0,0.0,2025-06-05,18000000.0,2005-05-16,Defender,RB Leipzig,L1,20.123203285420946,18.0,el chadaille bitshiabu,2005,2005.0,Defender,0.3,0.4,4,69,2,5,RB Leipzig,Bundesliga,0.023957409050576754,0.031943212067435674,0.3194321206743567,5.5102040816326525,0.15971606033717836,0.3992901508429459,24.85322433029932,6.853224330299319,38.07346850166289
93720,Alexandre Lacazette,2061,15,2,0.6550218340611353,0.0873362445414847,2025-06-03,6000000.0,1991-05-28,Attack,Neom Sports Club,SA1,34.091718001368925,6.0,alexandre lacazette,1991,1991.0,Attack,16.3,3.4,24,66,159,53,Neom Sports Club,,0.7117903930131004,0.148471615720524,1.0480349344978166,2.8820960698689957,6.943231441048035,2.3144104803493453,12.841199032911542,6.8411990329115415,114.01998388185903
785353,Pablo Ibáñez,1289,1,1,0.0698215671062839,0.0698215671062839,2025-06-09,2000000.0,1998-09-20,Midfield,Deportivo Alavés,ES1,26.77618069815195,2.0,pablo ibanez,1998,1998.0,Midfield,1.6,1.6,21,51,31,20,Deportivo Alavés,La Liga,0.11171450737005431,0.11171450737005431,1.4662529092319627,3.560899922420481,2.1644685802948023,1.3964313421256789,8.830118760868764,6.830118760868764,341.5059380434382
158863,Iñigo Martínez,2493,0,5,0.0,0.1805054151624548,2025-06-09,5000000.0,1991-05-17,Defender,Al-Nassr Football Club,SA1,34.12183436002738,5.0,inigo martinez,1991,1991.0,Defender,0.5,2.6,70,260,11,13,Al-Nassr Football Club,,0.018050541516245487,0.09386281588447654,2.527075812274368,9.386281588447654,0.3971119133574007,0.4693140794223826,11.819936079661092,6.819936079661092,136.39872159322184
298197,Antonio Sivera,2812,0,0,0.0,0.0,2025-06-09,6000000.0,1996-08-11,Goalkeeper,Deportivo Alavés,ES1,28.88432580424367,6.0,antonio sivera,1996,1996.0,Goalkeeper,0.0,0.1,0,1,0,0,Deportivo Alavés,La Liga,0.0,0.0032005689900426746,0.0,0.032005689900426744,0.0,0.0,12.809706939356937,6.809706939356937,113.49511565594896
314965,Pedro Pereira,2674,1,3,0.0336574420344053,0.1009723261032161,2025-06-17,1500000.0,1998-01-22,Defender,Gençlerbirliği Spor Kulübü,TR1,27.43600273785079,1.5,pedro pereira,1998,1998.0,Defender,1.2,1.6,52,66,107,13,Gençlerbirliği Spor Kulübü,,0.04038893044128646,0.05385190725504862,1.75018698578908,2.2213911742707553,3.601346297681376,0.43754674644727,8.275616281866283,6.775616281866283,451.70775212441885
596122,Pep Chavarría,2583,0,1,0.0,0.0348432055749128,2025-06-09,5000000.0,1998-04-10,Defender,Rayo Vallecano,ES1,27.22245037645448,5.0,pep chavarria,1998,1998.0,Defender,1.2,1.9,59,114,133,11,Rayo Vallecano,La Liga,0.041811846689895474,0.06620209059233449,2.0557491289198606,3.9721254355400695,4.634146341463415,0.3832752613240418,11.76955052540052,6.76955052540052,135.39101050801042
160963,Robin Zentner,2880,0,0,0.0,0.0,2025-06-05,4000000.0,1994-10-28,Goalkeeper,1.FSV Mainz 05,L1,30.67214236824093,4.0,robin zentner,1994,1994.0,Goalkeeper,0.0,0.3,0,2,0,1,1.FSV Mainz 05,Bundesliga,0.0,0.009375,0.0,0.0625,0.0,0.03125,10.768723327598329,6.7687233275983285,169.2180831899582
343959,Erhan Masovic,907,1,1,0.0992282249173098,0.0992282249173098,2025-06-05,2000000.0,1998-11-22,Defender,VfL Bochum,L1,26.60369609856263,2.0,erhan masovic,1998,1998.0,Defender,0.6,0.9,1,35,4,7,VfL Bochum,Bundesliga,0.05953693495038588,0.08930540242557883,0.09922822491730982,3.4729878721058434,0.39691289966923926,0.6945975744211687,8.767847172272173,6.767847172272173,338.3923586136087
481084,Marcos André,1193,1,2,0.0754400670578373,0.1508801341156747,2025-06-09,1000000.0,1996-10-20,Attack,Real Valladolid CF,ES1,28.692676249144423,1.0,marcos andre,1996,1996.0,Attack,2.7,0.8,11,16,39,22,Real Valladolid CF,La Liga,0.20368818105616096,0.060352053646269915,0.8298407376362111,1.2070410729253982,2.942162615255658,1.6596814752724223,7.723262800162802,6.723262800162802,672.3262800162802
412829,Léo Pétrot,2610,0,3,0.0,0.1034482758620689,2025-06-03,900000.0,1997-04-15,Defender,Elche CF,ES1,28.20807665982204,0.9,leo petrot,1997,1997.0,Defender,0.6,1.6,28,93,100,7,Elche CF,La Liga,0.020689655172413793,0.055172413793103454,0.9655172413793103,3.206896551724138,3.4482758620689653,0.24137931034482757,7.611385810485811,6.711385810485811,745.7095344984234
348791,Junya Ito,2702,4,5,0.1332346410066617,0.1665433012583271,2025-06-03,6000000.0,1993-03-09,Attack,KRC Genk,BE1,32.309377138945926,6.0,junya ito,1993,1993.0,Attack,4.6,7.1,100,133,256,31,KRC Genk,,0.153219837157661,0.23649148778682455,3.3308660251665434,4.430051813471502,8.52701702442635,1.0325684678016285,12.690329689754693,6.690329689754693,111.50549482924488
953901,Santiago Mouriño,1848,0,1,0.0,0.0487012987012987,2025-06-09,3000000.0,2002-02-13,Defender,Villarreal CF,ES1,23.37577002053388,3.0,santiago mourino,2002,2002.0,Defender,0.9,0.9,14,46,1,13,Villarreal CF,La Liga,0.04383116883116883,0.04383116883116883,0.6818181818181819,2.24025974025974,0.048701298701298704,0.6331168831168832,9.687540211640206,6.687540211640206,222.91800705467355
352041,Lucas Perri,2970,0,0,0.0,0.0,2025-06-03,10000000.0,1997-12-10,Goalkeeper,Leeds United,GB1,27.55373032169747,10.0,lucas perri,1997,1997.0,Goalkeeper,0.0,0.0,0,0,0,0,Leeds United,Premier League,0.0,0.0,0.0,0.0,0.0,0.0,16.67737770562771,6.677377705627709,66.7737770562771
694509,Moussa Diarra,1863,0,0,0.0,0.0,2025-06-09,1800000.0,2000-11-10,Defender,RSC Anderlecht,BE1,24.635181382614647,1.8,moussa diarra,2000,2000.0,Defender,0.0,0.1,12,70,31,1,RSC Anderlecht,,0.0,0.004830917874396136,0.5797101449275363,3.3816425120772946,1.497584541062802,0.04830917874396135,8.46390334295334,6.663903342953341,370.2168523862967
462348,Mostafa Mohamed,1246,5,1,0.3611556982343499,0.0722311396468699,2025-06-03,5000000.0,1997-11-28,Attack,FC Nantes,FR1,27.586584531143053,5.0,mostafa mohamed,1997,1997.0,Attack,5.5,0.4,11,20,50,43,FC Nantes,Ligue 1,0.3972712680577849,0.028892455858747994,0.7945425361155698,1.4446227929373996,3.611556982343499,3.105939004815409,11.65612865837866,6.656128658378661,133.12257316757322
154147,Hauke Wahl,2970,0,0,0.0,0.0,2025-06-05,1500000.0,1994-04-15,Defender,FC St. Pauli,L1,31.208761122518823,1.5,hauke wahl,1994,1994.0,Defender,0.9,0.5,30,142,10,11,FC St. Pauli,Bundesliga,0.02727272727272727,0.015151515151515152,0.9090909090909092,4.303030303030303,0.30303030303030304,0.33333333333333337,8.113084175084174,6.613084175084174,440.8722783389449
108725,Chris Wood,2979,20,3,0.6042296072507553,0.0906344410876132,2025-05-30,10000000.0,1991-12-07,Attack,Nottingham Forest,GB1,33.56331279945243,10.0,chris wood,1991,1991.0,Attack,13.4,2.6,14,42,94,65,Nottingham Forest,Premier League,0.40483383685800606,0.07854984894259819,0.4229607250755287,1.2688821752265862,2.83987915407855,1.9637462235649545,16.573516110741107,6.573516110741107,65.73516110741107
735571,Rodrigo Muniz,950,8,1,0.7578947368421053,0.0947368421052631,2025-05-30,20000000.0,2001-05-04,Attack,Fulham FC,GB1,24.15605749486653,20.0,rodrigo muniz,2001,2001.0,Attack,5.8,0.7,6,27,31,39,Fulham FC,Premier League,0.5494736842105263,0.0663157894736842,0.5684210526315789,2.557894736842105,2.9368421052631577,3.694736842105263,26.554514610389614,6.554514610389614,32.772573051948065
397171,Gideon Mensah,2284,0,1,0.0,0.0394045534150613,2025-06-03,4000000.0,1998-07-18,Defender,AJ Auxerre,FR1,26.951403148528406,4.0,gideon mensah,1998,1998.0,Defender,0.2,2.6,52,93,101,4,AJ Auxerre,Ligue 1,0.00788091068301226,0.10245183887915939,2.0490367775831873,3.6646234676007006,3.979859894921191,0.1576182136602452,10.542498328523322,6.5424983285233225,163.56245821308306
197929,Ivan Provedel,2610,0,0,0.0,0.0,2025-06-17,3000000.0,1994-03-17,Goalkeeper,Società Sportiva Lazio S.p.A.,IT1,31.288158795345655,3.0,ivan provedel,1994,1994.0,Goalkeeper,0.0,0.3,0,4,0,0,Società Sportiva Lazio S.p.A.,Serie A,0.0,0.010344827586206896,0.0,0.13793103448275862,0.0,0.0,9.523089889739893,6.523089889739893,217.43632965799642
390304,Federico Ravaglia,1055,0,0,0.0,0.0,2025-06-17,1500000.0,1999-11-11,Goalkeeper,Bologna Football Club 1909,IT1,25.634496919917865,1.5,federico ravaglia,1999,1999.0,Goalkeeper,0.0,0.0,0,0,0,0,Bologna Football Club 1909,Serie A,0.0,0.0,0.0,0.0,0.0,0.0,8.000455014430013,6.500455014430013,433.3636676286676
190284,Maximilian Eggestein,2855,2,0,0.063047285464098,0.0,2025-06-05,10000000.0,1996-12-08,Midfield,SC Freiburg,L1,28.55852156057495,10.0,maximilian eggestein,1996,1996.0,Midfield,2.0,1.5,34,141,41,36,SC Freiburg,Bundesliga,0.06304728546409807,0.04728546409807356,1.0718038528896674,4.444833625218915,1.2924693520140105,1.1348511383537652,16.497395562770574,6.497395562770574,64.97395562770573
568617,Răzvan Sava,1080,0,0,0.0,0.0,2025-06-17,2500000.0,2002-06-21,Goalkeeper,Udinese Calcio,IT1,23.025325119780973,2.5,razvan sava,2002,2002.0,Goalkeeper,0.0,0.0,0,0,0,0,Udinese Calcio,Serie A,0.0,0.0,0.0,0.0,0.0,0.0,8.992875432900433,6.4928754329004335,259.71501731601734
782630,Khalil Fayad,1025,0,0,0.0,0.0,2024-06-03,5000000.0,2004-06-09,Midfield,Montpellier HSC,FR1,21.05681040383299,5.0,khalil fayad,2004,2004.0,Midfield,1.3,0.3,25,50,42,17,Montpellier HSC,Ligue 1,0.11414634146341464,0.026341463414634145,2.1951219512195124,4.390243902439025,3.6878048780487807,1.4926829268292683,11.488344961519964,6.488344961519964,129.76689923039928
262523,Davide Calabria,947,0,1,0.0,0.0950369588173178,2025-06-17,4500000.0,1996-12-06,Defender,Panathinaikos Athlitikos Omilos,GR1,28.56399726214921,4.5,davide calabria,1996,1996.0,Defender,0.4,1.5,15,64,51,5,Panathinaikos Athlitikos Omilos,,0.038014783526927144,0.14255543822597677,1.4255543822597676,6.082365364308342,4.84688489968321,0.47518479408658926,10.98821841399342,6.488218413993421,144.182631422076
344596,Malang Sarr,1382,0,0,0.0,0.0,2025-06-03,5000000.0,1999-01-23,Defender,RC Lens,FR1,26.43394934976044,5.0,malang sarr,1999,1999.0,Defender,0.3,0.3,4,54,1,6,RC Lens,Ligue 1,0.019536903039073805,0.019536903039073805,0.26049204052098407,3.516642547033285,0.06512301013024602,0.39073806078147616,11.45869977892478,6.45869977892478,129.1739955784956
624037,Joris Chotard,1871,1,0,0.0481026189203634,0.0,2025-06-03,6000000.0,2001-09-24,Midfield,Stade Brestois 29,FR1,23.76454483230664,6.0,joris chotard,2001,2001.0,Midfield,1.3,0.5,20,80,35,19,Stade Brestois 29,Ligue 1,0.06253340459647248,0.02405130946018172,0.9620523784072689,3.8482095136290755,1.6835916622127203,0.9139497594869053,12.447875131350134,6.447875131350134,107.46458552250225
149928,Jubal,2643,6,0,0.2043132803632236,0.0,2025-06-03,2500000.0,1993-08-29,Defender,FK Krasnodar,RU1,31.835728952772072,2.5,jubal,1993,1993.0,Defender,5.2,0.9,1,33,3,26,FK Krasnodar,,0.17707150964812712,0.030646992054483544,0.0340522133938706,1.1237230419977298,0.1021566401816118,0.8853575482406356,8.907467640692637,6.407467640692637,256.2987056277055
687609,Isaac Romero,2171,4,2,0.1658222017503454,0.0829111008751727,2025-06-09,6000000.0,2000-05-18,Attack,Sevilla FC,ES1,25.117043121149894,6.0,isaac romero,2000,2000.0,Attack,6.8,2.1,21,29,95,53,Sevilla FC,La Liga,0.2818977429755873,0.08705665591893137,0.8705665591893137,1.2022109626900046,3.9382772915707047,2.1971441731920773,12.384288045288049,6.384288045288049,106.40480075480082
330659,Justin Kluivert,2356,12,6,0.4584040747028863,0.2292020373514431,2025-05-30,35000000.0,1999-05-05,Midfield,AFC Bournemouth,GB1,26.154688569472963,35.0,justin kluivert,1999,1999.0,Midfield,10.3,4.8,81,105,173,57,AFC Bournemouth,Premier League,0.3934634974533108,0.18336162988115448,3.0942275042444822,4.0110356536502545,6.608658743633277,2.1774193548387095,41.35138437950936,6.351384379509362,18.14681251288389
248738,Sergio Herrera,3330,0,0,0.0,0.0,2025-06-09,3000000.0,1993-06-05,Goalkeeper,CA Osasuna,ES1,32.068446269678304,3.0,sergio herrera,1993,1993.0,Goalkeeper,0.0,0.0,0,2,0,0,CA Osasuna,La Liga,0.0,0.0,0.0,0.05405405405405405,0.0,0.0,9.349741453916447,6.349741453916447,211.65804846388156
501709,Theo Bair,932,2,1,0.1931330472103004,0.0965665236051502,2025-06-03,1800000.0,1999-08-27,Attack,AJ Auxerre,FR1,25.842573579739906,1.8,theo bair,1999,1999.0,Attack,3.0,1.2,15,16,42,26,AJ Auxerre,Ligue 1,0.28969957081545067,0.11587982832618027,1.448497854077253,1.5450643776824033,4.0557939914163095,2.510729613733906,8.131679366004366,6.331679366004367,351.75996477802033
670858,Lewis Hall,2193,0,5,0.0,0.2051983584131327,2025-05-30,32000000.0,2004-09-08,Defender,Newcastle United,GB1,20.80766598220397,32.0,lewis hall,2004,2004.0,Defender,0.4,4.3,41,123,80,11,Newcastle United,Premier League,0.016415868673050615,0.1764705882352941,1.682626538987688,5.047879616963065,3.283173734610123,0.4514363885088919,38.32383128908128,6.3238312890812765,19.76197277837899
251322,Philipp Köhn,1710,0,0,0.0,0.0,2025-06-03,5000000.0,1998-04-02,Goalkeeper,AS Monaco,FR1,27.24435318275154,5.0,philipp kohn,1998,1998.0,Goalkeeper,0.0,0.0,0,0,0,0,AS Monaco,Ligue 1,0.0,0.0,0.0,0.0,0.0,0.0,11.323230808080808,6.323230808080808,126.46461616161618
136111,Nicola Leali,2610,0,0,0.0,0.0,2025-06-17,1500000.0,1993-02-17,Goalkeeper,Genoa CFC,IT1,32.36413415468857,1.5,nicola leali,1993,1993.0,Goalkeeper,0.0,0.0,0,0,0,0,Genoa CFC,Serie A,0.0,0.0,0.0,0.0,0.0,0.0,7.8040454943205,6.3040454943205,420.26969962136667
289432,Dylan Batubinsika,2017,1,0,0.0446207238472979,0.0,2025-06-03,1200000.0,1996-02-15,Defender,Athlitiki Enosi Larisas,GR1,29.371663244353183,1.2,dylan batubinsika,1996,1996.0,Defender,0.8,0.2,11,51,1,7,Athlitiki Enosi Larisas,,0.03569657907783838,0.008924144769459595,0.4908279623202776,2.2756569162121965,0.04462072384729796,0.31234506693108577,7.483556456506453,6.283556456506453,523.6297047088711
533568,Nahuel Tenaglia,2923,2,1,0.0615805679096818,0.0307902839548409,2025-06-09,3000000.0,1996-02-21,Defender,Deportivo Alavés,ES1,29.35523613963039,3.0,nahuel tenaglia,1996,1996.0,Defender,2.2,1.6,42,103,98,27,Deportivo Alavés,La Liga,0.06773862470065002,0.049264454327745476,1.2931919261033185,3.1713992473486146,3.01744782757441,0.8313376667807048,9.257727163577156,6.257727163577156,208.59090545257186
572326,Christopher Wooh,1457,0,0,0.0,0.0,2025-06-03,6000000.0,2001-09-18,Defender,Stade Rennais FC,FR1,23.78097193702943,6.0,christopher wooh,2001,2001.0,Defender,1.3,0.1,14,59,2,10,Stade Rennais FC,Ligue 1,0.08030199039121483,0.0061770761839396015,0.8647906657515443,3.6444749485243655,0.12354152367879204,0.6177076183939602,12.25555863210863,6.255558632108629,104.25931053514381
197838,Jamie Vardy,2839,9,4,0.285311729482212,0.1268052131032053,2025-05-30,1000000.0,1987-01-11,Attack,US Cremonese,IT1,38.46680355920602,1.0,jamie vardy,1987,1987.0,Attack,11.2,3.0,29,22,120,56,US Cremonese,Serie A,0.355054596688975,0.095103909827404,0.9193377949982389,0.6974286720676295,3.8041563930961604,1.775272983444875,7.241059108946606,6.241059108946606,624.1059108946606
707809,Joël Schingtienne,1122,0,0,0.0,0.0,2024-06-04,2000000.0,2002-08-14,Defender,Oud-Heverlee Leuven,BE1,22.87748117727584,2.0,joel schingtienne,2002,2002.0,Defender,0.0,0.1,5,28,4,0,Oud-Heverlee Leuven,,0.0,0.008021390374331552,0.40106951871657753,2.2459893048128343,0.32085561497326204,0.0,8.225540295815298,6.225540295815298,311.2770147907649
329373,Carlo Boukhalfa,1654,2,0,0.1088270858524788,0.0,2025-06-05,2000000.0,1999-05-03,Midfield,FC St. Gallen 1879,C1,26.16016427104723,2.0,carlo boukhalfa,1999,1999.0,Midfield,1.5,1.1,10,41,44,21,FC St. Gallen 1879,,0.08162031438935913,0.05985489721886336,0.5441354292623942,2.2309552599758162,2.3941958887545343,1.1426844014510278,8.212462829762831,6.212462829762831,310.6231414881416
371141,Stanley Nsoki,1307,0,0,0.0,0.0,2025-06-05,2500000.0,1999-04-09,Defender,1.FC Union Berlin,L1,26.2258726899384,2.5,stanley nsoki,1999,1999.0,Defender,0.1,0.4,10,52,6,3,1.FC Union Berlin,Bundesliga,0.006885998469778118,0.027543993879112473,0.6885998469778118,3.580719204284621,0.4131599081866871,0.20657995409334354,8.700126010101014,6.200126010101014,248.00504040404059
535469,Valentin Mihăilă,1296,0,3,0.0,0.2083333333333333,2025-06-17,3000000.0,2000-02-02,Attack,Caykur Rizespor,TR1,25.4072553045859,3.0,valentin mihaila,2000,2000.0,Attack,2.4,1.2,25,41,72,31,Caykur Rizespor,,0.16666666666666666,0.08333333333333333,1.736111111111111,2.8472222222222223,5.0,2.1527777777777777,9.170815091390095,6.170815091390095,205.69383637966982
490423,Ignace Van der Brempt,1258,0,2,0.0,0.1430842607313195,2025-06-17,4000000.0,2002-04-01,Defender,Como 1907,IT1,23.247091033538673,4.0,ignace van der brempt,2002,2002.0,Defender,0.5,0.5,19,42,34,7,Como 1907,Serie A,0.03577106518282989,0.03577106518282989,1.3593004769475359,3.0047694753577106,2.4324324324324325,0.5007949125596184,10.167381541606543,6.167381541606543,154.18453854016357
296397,Arne Maier,923,0,1,0.0,0.0975081256771397,2025-06-05,4000000.0,1999-01-08,Midfield,FC Augsburg,L1,26.47501711156742,4.0,arne maier,1999,1999.0,Midfield,1.5,1.5,19,44,56,18,FC Augsburg,Bundesliga,0.14626218851570966,0.14626218851570966,1.8526543878656554,4.290357529794149,5.460455037919827,1.7551462621885157,10.160728715728713,6.1607287157287125,154.0182178932178
239962,Denis Vavro,2462,2,0,0.0731112916328188,0.0,2025-06-05,7000000.0,1996-04-10,Defender,VfL Wolfsburg,L1,29.22108145106092,7.0,denis vavro,1996,1996.0,Defender,1.4,0.2,9,96,3,25,VfL Wolfsburg,Bundesliga,0.05117790414297319,0.007311129163281885,0.3290008123476848,3.5093419983753047,0.10966693744922827,0.9138911454102355,13.136365199615192,6.136365199615192,87.66235999450274
213260,Rubén García,2433,5,5,0.1849568434032059,0.1849568434032059,2025-06-09,2000000.0,1993-07-14,Attack,CA Osasuna,ES1,31.96167008898015,2.0,ruben garcia,1993,1993.0,Attack,3.2,3.6,37,112,157,27,CA Osasuna,La Liga,0.1183723797780518,0.13316892725030827,1.3686806411837238,4.143033292231813,5.807644882860665,0.9987669543773119,8.1031341982092,6.103134198209199,305.15670991045994
251303,Johannes Eggestein,1867,3,4,0.144617032672737,0.192822710230316,2025-06-05,2500000.0,1998-05-08,Attack,Austria Vienna,A1,27.145790554414784,2.5,johannes eggestein,1998,1998.0,Attack,4.7,2.1,25,43,138,34,Austria Vienna,,0.22656668452062131,0.10123192287091591,1.205141938939475,2.0728441349758975,6.652383502945902,1.6389930369576862,8.577468927368923,6.077468927368923,243.09875709475693
405670,Yannik Engelhardt,1153,1,1,0.0780572419774501,0.0780572419774501,2025-06-17,6000000.0,2001-02-07,Midfield,Borussia Mönchengladbach,L1,24.39151266255989,6.0,yannik engelhardt,2001,2001.0,Midfield,0.6,1.5,18,54,18,8,Borussia Mönchengladbach,Bundesliga,0.04683434518647008,0.1170858629661752,1.4050303555941024,4.215091066782307,1.4050303555941024,0.6244579358196011,12.05904958744958,6.05904958744958,100.98415979082634
330208,Alessandro Vogliacco,1488,2,0,0.1209677419354838,0.0,2025-06-17,2800000.0,1998-09-14,Defender,Panthessalonikios Athlitikos Omilos Konstantinoupoliton,GR1,26.792607802874745,2.8,alessandro vogliacco,1998,1998.0,Defender,1.4,0.1,11,47,2,6,Panthessalonikios Athlitikos Omilos Konstantinoupoliton,,0.0846774193548387,0.006048387096774193,0.6653225806451614,2.842741935483871,0.12096774193548387,0.3629032258064516,8.846298490860995,6.046298490860996,215.93923181646412
604320,Frans Krätzig,1283,1,2,0.0701480904130943,0.1402961808261886,2025-06-05,3500000.0,2003-01-14,Defender,Fußballclub Red Bull Salzburg,A1,22.458590006844627,3.5,frans kratzig,2003,2003.0,Defender,0.6,1.8,25,39,59,9,Fußballclub Red Bull Salzburg,,0.042088854247856584,0.12626656274356976,1.7537022603273578,2.7357755261106784,4.138737334372564,0.6313328137178488,9.531379112554113,6.031379112554113,172.3251175015461
119037,Philipp Hofmann,2288,3,4,0.118006993006993,0.1573426573426573,2025-06-05,1000000.0,1993-03-30,Attack,VfL Bochum,L1,32.251882272416154,1.0,philipp hofmann,1993,1993.0,Attack,5.5,3.3,8,53,112,54,VfL Bochum,Bundesliga,0.21634615384615385,0.1298076923076923,0.3146853146853147,2.0847902097902096,4.405594405594406,2.124125874125874,7.028812710437707,6.028812710437707,602.8812710437708
275218,Augusto Batalla,2880,0,0,0.0,0.0,2025-06-09,6000000.0,1996-04-30,Goalkeeper,Rayo Vallecano,ES1,29.166324435318277,6.0,augusto batalla,1996,1996.0,Goalkeeper,0.0,0.0,0,2,0,0,Rayo Vallecano,La Liga,0.0,0.0,0.0,0.0625,0.0,0.0,11.962316397491396,5.962316397491396,99.37193995818993
202228,Milos Veljkovic,1029,0,1,0.0,0.0874635568513119,2025-06-05,3000000.0,1995-09-26,Defender,Red Star Belgrade,SER1,29.760438056125945,3.0,milos veljkovic,1995,1995.0,Defender,0.6,0.2,9,64,2,2,Red Star Belgrade,,0.052478134110787174,0.01749271137026239,0.7871720116618076,5.597667638483965,0.1749271137026239,0.1749271137026239,8.93642854737855,5.936428547378551,197.880951579285
607034,Akor Adams,1210,3,3,0.2231404958677686,0.2231404958677686,2025-06-09,5000000.0,2000-01-29,Attack,Sevilla FC,ES1,25.418206707734427,5.0,akor adams,2000,2000.0,Attack,4.7,1.0,11,11,50,28,Sevilla FC,La Liga,0.3495867768595041,0.0743801652892562,0.8181818181818181,0.8181818181818181,3.71900826446281,2.0826446280991733,10.87586492523071,5.87586492523071,117.51729850461419
192009,Unai López,1719,3,1,0.1570680628272251,0.0523560209424083,2025-06-09,2500000.0,1995-10-30,Midfield,Rayo Vallecano,ES1,29.66735112936345,2.5,unai lopez,1995,1995.0,Midfield,1.6,1.0,22,112,40,26,Rayo Vallecano,La Liga,0.08376963350785341,0.05235602094240838,1.1518324607329842,5.863874345549738,2.094240837696335,1.3612565445026177,8.372582431457436,5.872582431457436,234.90329725829744
117478,Marnon Busch,1397,0,1,0.0,0.0644237652111667,2025-06-05,1200000.0,1994-12-08,Defender,1. Fußballclub Heidenheim 1846,L1,30.559890485968516,1.2,marnon busch,1994,1994.0,Defender,0.4,1.1,22,63,43,13,1. Fußballclub Heidenheim 1846,Bundesliga,0.025769506084466716,0.07086614173228348,1.4173228346456692,4.058697208303507,2.770221904080172,0.8375089477451682,7.038820486920486,5.838820486920485,486.56837391004046
875332,Arthur Chaves,2187,1,0,0.0411522633744856,0.0,2025-06-05,5000000.0,2001-01-29,Defender,TSG 1899 Hoffenheim,L1,24.41615331964408,5.0,arthur chaves,2001,2001.0,Defender,0.8,0.1,10,57,13,10,TSG 1899 Hoffenheim,Bundesliga,0.03292181069958848,0.00411522633744856,0.411522633744856,2.345679012345679,0.5349794238683128,0.411522633744856,10.835114927664932,5.835114927664932,116.70229855329866
337725,Christian Kouamé,1123,1,2,0.0801424755120213,0.1602849510240427,2025-06-17,4000000.0,1997-12-06,Attack,ACF Fiorentina,IT1,27.564681724845997,4.0,christian kouame,1997,1997.0,Attack,3.8,2.2,12,29,85,27,ACF Fiorentina,Serie A,0.3045414069456812,0.17631344612644703,0.9617097061442564,2.32413178984862,6.812110418521817,2.163846838824577,9.804957153032154,5.804957153032154,145.12392882580386
388198,Nico Schlotterbeck,1984,0,4,0.0,0.1814516129032258,2025-06-05,40000000.0,1999-12-01,Defender,Borussia Dortmund,L1,25.579739904175224,40.0,nico schlotterbeck,1999,1999.0,Defender,1.3,2.1,37,195,14,17,Borussia Dortmund,Bundesliga,0.05897177419354839,0.09526209677419356,1.6784274193548387,8.845766129032258,0.6350806451612903,0.7711693548387096,45.787173187923166,5.787173187923166,14.467932969807915
1012534,Yankuba Minteh,1844,6,4,0.2928416485900217,0.1952277657266811,2025-05-30,30000000.0,2004-07-22,Attack,Brighton & Hove Albion,GB1,20.93908281998631,30.0,yankuba minteh,2004,2004.0,Attack,4.1,5.0,90,48,201,34,Brighton & Hove Albion,Premier League,0.20010845986984813,0.2440347071583514,4.3926247288503255,2.3427331887201737,9.810195227765727,1.6594360086767894,35.78597187164688,5.785971871646879,19.286572905489596
488755,Jakov Medic,1604,1,0,0.0561097256857855,0.0,2025-06-05,2000000.0,1998-09-07,Defender,Ajax Amsterdam,NL1,26.811772758384667,2.0,jakov medic,1998,1998.0,Defender,0.9,0.2,2,27,3,14,Ajax Amsterdam,,0.05049875311720699,0.011221945137157109,0.11221945137157106,1.5149625935162094,0.16832917705735662,0.7855361596009974,7.785190656565663,5.785190656565663,289.25953282828317
287920,Tim Skarke,1155,0,2,0.0,0.1558441558441558,2025-06-05,2000000.0,1996-09-07,Attack,1.FC Union Berlin,L1,28.810403832991103,2.0,tim skarke,1996,1996.0,Attack,2.1,1.2,26,25,96,20,1.FC Union Berlin,Bundesliga,0.16363636363636364,0.09350649350649351,2.025974025974026,1.948051948051948,7.48051948051948,1.5584415584415585,7.733073099123098,5.733073099123098,286.6536549561549
192616,Ulisses Garcia,930,2,3,0.1935483870967742,0.2903225806451613,2025-06-03,5000000.0,1996-01-11,Defender,Olympique Marseille,FR1,29.46748802190281,5.0,ulisses garcia,1996,1996.0,Defender,1.5,1.4,23,53,87,8,Olympique Marseille,Ligue 1,0.14516129032258066,0.13548387096774195,2.225806451612903,5.129032258064516,8.419354838709678,0.7741935483870968,10.695047248122243,5.695047248122243,113.90094496244487
181382,Abdoulaye Touré,2331,10,1,0.386100386100386,0.0386100386100386,2025-06-03,3000000.0,1994-03-03,Midfield,Le Havre AC,FR1,31.326488706365502,3.0,abdoulaye toure,1994,1994.0,Midfield,9.4,0.4,17,109,28,38,Le Havre AC,Ligue 1,0.36293436293436293,0.015444015444015444,0.6563706563706564,4.2084942084942085,1.0810810810810811,1.4671814671814674,8.685899284511791,5.685899284511791,189.52997615039305
418571,Hamza Rafia,1064,0,0,0.0,0.0,2024-06-05,1700000.0,1999-04-02,Midfield,US Lecce,IT1,26.245037645448324,1.7,hamza rafia,1999,1999.0,Midfield,0.5,1.4,13,51,32,10,US Lecce,Serie A,0.042293233082706765,0.11842105263157894,1.099624060150376,4.31390977443609,2.706766917293233,0.8458646616541353,7.378998039923036,5.6789980399230355,334.0587082307668
278837,Luis Rioja,2868,5,3,0.1569037656903765,0.0941422594142259,2025-06-09,2000000.0,1993-10-16,Attack,Valencia CF,ES1,31.704312114989733,2.0,luis rioja,1993,1993.0,Attack,0.0,0.1,4,1,3,0,Valencia CF,La Liga,0.0,0.0031380753138075313,0.12552301255230125,0.03138075313807531,0.09414225941422594,0.0,7.667097452547453,5.667097452547453,283.35487262737263
392881,Antonio Candela,1922,0,1,0.0,0.0468262226847034,2025-06-09,1800000.0,2000-04-27,Defender,Venezia FC,IT1,25.17453798767967,1.8,antonio candela,2000,2000.0,Defender,0.3,1.6,28,49,54,6,Venezia FC,Serie A,0.014047866805411029,0.07492195629552549,1.3111342351716961,2.294484911550468,2.5286160249739855,0.2809573361082206,7.445085461760468,5.645085461760468,313.6158589866926
888493,Alejo Veliz,1123,1,0,0.0801424755120213,0.0,2025-06-09,2500000.0,2003-09-19,Attack,Esporte Clube Bahia,BRA1,21.779603011635867,2.5,alejo veliz,2003,2003.0,Attack,2.3,0.6,2,8,27,19,Esporte Clube Bahia,,0.18432769367764915,0.04808548530721282,0.16028495102404275,0.641139804096171,2.163846838824577,1.5227070347284062,8.141997014097011,5.6419970140970115,225.67988056388043
338425,Álex Berenguer,2353,6,8,0.2294942626434339,0.3059923501912452,2025-06-09,9000000.0,1995-07-04,Attack,Athletic Bilbao,ES1,29.99041752224504,9.0,alex berenguer,1995,1995.0,Attack,6.8,5.0,65,78,216,51,Athletic Bilbao,La Liga,0.2600934976625584,0.19124521886952825,2.4861878453038675,2.983425414364641,8.261793455163621,1.9507012324691881,14.64073232878233,5.640732328782329,62.67480365313699
789252,Bence Dárdai,1312,1,3,0.0685975609756097,0.2057926829268292,2025-06-05,12000000.0,2006-01-24,Midfield,VfL Wolfsburg,L1,19.430527036276523,12.0,bence dardai,2006,2006.0,Midfield,1.0,1.0,5,39,24,11,VfL Wolfsburg,Bundesliga,0.06859756097560976,0.06859756097560976,0.34298780487804875,2.6753048780487805,1.646341463414634,0.7545731707317074,17.639463474488462,5.639463474488462,46.995528954070515
466807,Adrià Altimira,1636,0,0,0.0,0.0,2024-06-07,2000000.0,2001-03-28,Defender,Villarreal CF,ES1,24.257357973990416,2.0,adria altimira,2001,2001.0,Defender,0.3,0.5,23,42,69,7,Villarreal CF,La Liga,0.01650366748166259,0.02750611246943765,1.265281173594132,2.3105134474327627,3.795843520782396,0.3850855745721271,7.623761952861956,5.623761952861956,281.18809764309776
353032,Omar Alderete,2978,1,0,0.0302216252518468,0.0,2025-06-09,8000000.0,1996-12-26,Defender,Sunderland AFC,GB1,28.50924024640657,8.0,omar alderete,1996,1996.0,Defender,1.7,0.9,25,112,7,38,Sunderland AFC,Premier League,0.05137676292813969,0.02719946272666219,0.7555406312961719,3.3848220282068504,0.21155137676292815,1.1484217595701813,13.562362732637734,5.562362732637734,69.52953415797167
127573,Phillipp Mwene,2618,1,5,0.0343773873185637,0.1718869365928189,2025-06-05,1800000.0,1994-01-29,Defender,1.FSV Mainz 05,L1,31.416837782340863,1.8,phillipp mwene,1994,1994.0,Defender,1.5,1.9,62,106,144,21,1.FSV Mainz 05,Bundesliga,0.05156608097784569,0.0653170359052712,2.131398013750955,3.6440030557677616,4.950343773873186,0.7219251336898397,7.3501462306212275,5.550146230621228,308.3414572567348
82873,Pascal Groß,2337,0,10,0.0,0.3851091142490372,2025-06-05,5000000.0,1991-06-15,Midfield,Borussia Dortmund,L1,34.04243668720055,5.0,pascal gro,1991,1991.0,Midfield,2.4,5.1,41,178,122,27,Borussia Dortmund,Bundesliga,0.09242618741976893,0.196405648267009,1.5789473684210527,6.854942233632862,4.698331193838254,1.0397946084724006,10.539452703777705,5.539452703777705,110.7890540755541
503977,Taylor Harwood-Bellis,2828,1,0,0.0318246110325318,0.0,2025-05-30,22000000.0,2002-01-30,Defender,Southampton FC,GB1,23.41409993155373,22.0,taylor harwoodbellis,2002,2002.0,Defender,1.8,1.0,29,125,9,20,Southampton FC,Premier League,0.05728429985855729,0.03182461103253183,0.922913719943423,3.978076379066478,0.28642149929278643,0.6364922206506365,27.530744836644843,5.530744836644843,25.139749257476556
12282,Daley Blind,2780,0,3,0.0,0.0971223021582733,2025-06-09,1500000.0,1990-03-09,Defender,Girona FC,ES1,35.31006160164271,1.5,daley blind,1990,1990.0,Defender,0.5,1.6,71,272,61,10,Girona FC,La Liga,0.01618705035971223,0.051798561151079135,2.2985611510791366,8.805755395683454,1.9748201438848922,0.32374100719424465,6.999970358345355,5.499970358345355,366.664690556357
618813,Carlos Martín,1335,2,2,0.1348314606741573,0.1348314606741573,2025-06-09,2800000.0,2002-04-22,Attack,Rayo Vallecano,ES1,23.189596167008897,2.8,carlos martin,2002,2002.0,Attack,2.3,2.7,13,21,67,26,Rayo Vallecano,La Liga,0.15505617977528088,0.18202247191011237,0.8764044943820225,1.4157303370786518,4.51685393258427,1.752808988764045,8.297342460317466,5.4973424603174665,196.3336592970524
540333,Tomas Suslov,2097,0,1,0.0,0.0429184549356223,2025-06-17,6000000.0,2002-06-07,Midfield,Hellas Verona,IT1,23.06365503080082,6.0,tomas suslov,2002,2002.0,Midfield,1.6,1.9,39,82,77,32,Hellas Verona,Serie A,0.06866952789699571,0.0815450643776824,1.6738197424892705,3.51931330472103,3.3047210300429186,1.3733905579399142,11.464399714174709,5.464399714174709,91.07332856957848
794349,Julien Le Cardinal,1379,0,1,0.0,0.0652646845540246,2024-06-03,1500000.0,1997-08-03,Defender,Stade Brestois 29,FR1,27.906913073237508,1.5,julien le cardinal,1997,1997.0,Defender,0.4,0.3,7,39,1,10,Stade Brestois 29,Ligue 1,0.026105873821609865,0.019579405366207395,0.45685279187817257,2.5453226976069616,0.06526468455402466,0.6526468455402465,6.953904413179412,5.453904413179412,363.5936275452941
668547,Máximo Perrone,1860,0,3,0.0,0.1451612903225806,2025-06-17,12000000.0,2003-01-07,Midfield,Como 1907,IT1,22.477754962354553,12.0,maximo perrone,2003,2003.0,Midfield,0.9,2.2,16,98,19,10,Como 1907,Serie A,0.043548387096774194,0.1064516129032258,0.7741935483870968,4.741935483870968,0.9193548387096775,0.4838709677419355,17.430145923520932,5.430145923520932,45.2512160293411
156990,Marco Friedl,2164,0,0,0.0,0.0,2025-06-05,12000000.0,1998-03-16,Defender,SV Werder Bremen,L1,27.290896646132783,12.0,marco friedl,1998,1998.0,Defender,0.5,0.2,4,69,1,4,SV Werder Bremen,Bundesliga,0.020794824399260628,0.008317929759704253,0.16635859519408502,2.869685767097967,0.041589648798521256,0.16635859519408502,17.423415789765805,5.423415789765805,45.19513158138171
106872,Kevin Stöger,1544,3,4,0.1748704663212435,0.233160621761658,2025-06-05,3500000.0,1993-08-27,Midfield,Borussia Mönchengladbach,L1,31.84120465434634,3.5,kevin stoger,1993,1993.0,Midfield,3.9,5.3,40,121,95,24,Borussia Mönchengladbach,Bundesliga,0.22733160621761658,0.3089378238341969,2.33160621761658,7.053108808290156,5.5375647668393775,1.3989637305699483,8.866404906204908,5.366404906204908,153.32585446299737
283994,Ludovic Ajorque,2506,13,3,0.4668794892258579,0.1077414205905826,2025-06-03,4000000.0,1994-02-25,Attack,Stade Brestois 29,FR1,31.342915811088297,4.0,ludovic ajorque,1994,1994.0,Attack,10.4,3.1,10,41,124,53,Stade Brestois 29,Ligue 1,0.37350359138068634,0.11133280127693536,0.3591380686352753,1.4724660814046289,4.453312051077415,1.9034317637669593,9.362761171236171,5.362761171236171,134.06902928090426
538998,Timothée Pembélé,1108,1,0,0.0812274368231047,0.0,2025-06-03,2500000.0,2002-09-09,Defender,Le Havre AC,FR1,22.806297056810404,2.5,timothee pembele,2002,2002.0,Defender,1.3,0.1,27,43,44,8,Le Havre AC,Ligue 1,0.1055956678700361,0.00812274368231047,2.193140794223827,3.492779783393502,3.5740072202166067,0.6498194945848376,7.862349959299965,5.362349959299965,214.49399837199857
468198,Joe Aribo,2020,3,0,0.1336633663366336,0.0,2025-05-30,6000000.0,1996-07-21,Midfield,Southampton FC,GB1,28.94182067077344,6.0,joe aribo,1996,1996.0,Midfield,2.7,1.6,36,75,65,17,Southampton FC,Premier League,0.1202970297029703,0.0712871287128713,1.6039603960396038,3.3415841584158414,2.896039603960396,0.7574257425742574,11.361663583638585,5.361663583638585,89.36105972730974
229006,Franck Honorat,1455,4,9,0.2474226804123711,0.5567010309278351,2025-06-05,12000000.0,1996-08-11,Attack,Borussia Mönchengladbach,L1,28.88432580424367,12.0,franck honorat,1996,1996.0,Attack,4.5,5.3,63,45,124,31,Borussia Mönchengladbach,Bundesliga,0.27835051546391754,0.32783505154639175,3.8969072164948453,2.783505154639175,7.670103092783505,1.9175257731958764,17.34830883190883,5.348308831908831,44.56924026590692
192492,Jordan Lefort,3060,0,1,0.0,0.0294117647058823,2025-06-03,1500000.0,1993-08-09,Defender,Angers SCO,FR1,31.890485968514717,1.5,jordan lefort,1993,1993.0,Defender,0.6,1.1,6,89,13,9,Angers SCO,Ligue 1,0.01764705882352941,0.03235294117647059,0.1764705882352941,2.6176470588235294,0.38235294117647056,0.2647058823529412,6.848149603174602,5.348149603174602,356.5433068783068
347253,Dany Mota,2111,5,2,0.2131691141639033,0.0852676456655613,2024-06-05,5000000.0,1998-05-02,Attack,AC Monza,IT1,27.16221765913758,5.0,dany mota,1998,1998.0,Attack,5.1,1.8,53,47,139,42,AC Monza,Serie A,0.2174324964471814,0.07674088109900522,2.259592610137376,2.003789673140692,5.926101373756514,1.790620558976788,10.33618706108706,5.33618706108706,106.7237412217412
654539,Adrien Truffert,2756,2,2,0.0653120464441219,0.0653120464441219,2025-06-03,15000000.0,2001-11-20,Defender,AFC Bournemouth,GB1,23.60848733744011,15.0,adrien truffert,2001,2001.0,Defender,2.4,3.2,69,104,243,23,AFC Bournemouth,Premier League,0.0783744557329463,0.10449927431059508,2.2532656023222057,3.3962264150943393,7.935413642960813,0.751088534107402,20.30670413475412,5.306704134754121,35.37802756502747
469709,David Zec,1545,2,0,0.116504854368932,0.0,2025-06-05,2500000.0,2000-01-05,Defender,Holstein Kiel,L1,25.4839151266256,2.5,david zec,2000,2000.0,Defender,1.2,0.5,3,34,2,11,Holstein Kiel,Bundesliga,0.06990291262135921,0.02912621359223301,0.17475728155339806,1.9805825242718444,0.11650485436893204,0.6407766990291263,7.806415871165871,5.306415871165871,212.25663484663485
280387,Vincent Sierro,2410,5,1,0.1867219917012448,0.0373443983402489,2025-06-03,4000000.0,1995-10-08,Midfield,Al-Shabab Club,SA1,29.727583846680357,4.0,vincent sierro,1995,1995.0,Midfield,4.2,3.6,15,147,27,30,Al-Shabab Club,,0.15684647302904564,0.13443983402489626,0.5601659751037344,5.4896265560165975,1.008298755186722,1.120331950207469,9.298743226218228,5.298743226218228,132.4685806554557
300532,Pontus Almqvist,1106,1,1,0.081374321880651,0.081374321880651,2025-06-17,2500000.0,1999-07-10,Attack,Parma Calcio 1913,IT1,25.973990417522245,2.5,pontus almqvist,1999,1999.0,Attack,2.1,1.3,42,12,85,26,Parma Calcio 1913,Serie A,0.1708860759493671,0.1057866184448463,3.4177215189873418,0.976491862567812,6.916817359855334,2.115732368896926,7.797777176527174,5.297777176527174,211.91108706108696
674806,Santiago Pierotti,1940,4,2,0.1855670103092783,0.0927835051546391,2025-06-17,4000000.0,2001-04-03,Attack,US Lecce,IT1,24.240930869267626,4.0,santiago pierotti,2001,2001.0,Attack,3.1,2.4,43,38,85,32,US Lecce,Serie A,0.1438144329896907,0.111340206185567,1.9948453608247423,1.7628865979381443,3.9432989690721647,1.4845360824742269,9.272688714988718,5.272688714988718,131.81721787471793
249513,Diego Rico,2820,0,3,0.0,0.0957446808510638,2025-06-09,1200000.0,1993-02-23,Defender,Getafe CF,ES1,32.34770704996578,1.2,diego rico,1993,1993.0,Defender,0.4,2.7,27,136,84,16,Getafe CF,La Liga,0.01276595744680851,0.08617021276595745,0.8617021276595744,4.340425531914893,2.6808510638297873,0.5106382978723405,6.464273148148149,5.264273148148149,438.6894290123457
443710,Angelo Stiller,2743,1,8,0.0328107911046299,0.2624863288370397,2025-06-05,45000000.0,2001-04-04,Midfield,VfB Stuttgart,L1,24.238193018480494,45.0,angelo stiller,2001,2001.0,Midfield,1.8,7.2,39,289,69,21,VfB Stuttgart,Bundesliga,0.05905942398833394,0.23623769595333577,1.2796208530805686,9.482318629238062,2.2639445862194676,0.6890266131972292,50.26269644244646,5.262696442446462,11.69488098321436
387047,Danilho Doekhi,3060,1,0,0.0294117647058823,0.0,2025-06-05,13000000.0,1998-06-30,Defender,1.FC Union Berlin,L1,27.000684462696785,13.0,danilho doekhi,1998,1998.0,Defender,2.6,1.4,13,96,14,32,1.FC Union Berlin,Bundesliga,0.07647058823529412,0.041176470588235294,0.38235294117647056,2.8235294117647056,0.411764705882353,0.9411764705882353,18.25397537277537,5.253975372775368,40.41519517519514
422466,Javi Hernández,2391,2,1,0.0752823086574654,0.0376411543287327,2025-06-09,2500000.0,1998-05-02,Defender,Panathinaikos Athlitikos Omilos,GR1,27.16221765913758,2.5,javi hernandez,1998,1998.0,Defender,0.8,1.5,40,80,90,17,Panathinaikos Athlitikos Omilos,,0.030112923462986198,0.05646173149309912,1.50564617314931,3.01129234629862,3.3877038895859473,0.6398996235884568,7.745687755762754,5.245687755762754,209.82751023051014
798043,Tom Rothe,1672,3,4,0.1614832535885167,0.2153110047846889,2025-06-05,10000000.0,2004-10-29,Defender,1.FC Union Berlin,L1,20.66803559206023,10.0,tom rothe,2004,2004.0,Defender,1.8,1.3,25,50,91,23,1.FC Union Berlin,Bundesliga,0.09688995215311004,0.06997607655502393,1.3456937799043063,2.6913875598086126,4.898325358851674,1.2380382775119618,15.220606586931593,5.220606586931593,52.206065869315935
213670,Lucas Torró,2963,3,0,0.0911238609517381,0.0,2025-06-09,3000000.0,1994-07-19,Midfield,CA Osasuna,ES1,30.94866529774127,3.0,lucas torro,1994,1994.0,Midfield,2.3,1.2,10,109,30,31,CA Osasuna,La Liga,0.06986162672966587,0.03644954438069524,0.30374620317246037,3.310833614579818,0.911238609517381,0.9416132298346271,8.192624752099759,5.192624752099759,173.08749173665862
93844,Leonardo Bittencourt,974,2,1,0.1848049281314168,0.0924024640657084,2025-06-05,1500000.0,1993-12-19,Midfield,SV Werder Bremen,L1,31.529089664613277,1.5,leonardo bittencourt,1993,1993.0,Midfield,1.6,1.6,19,64,38,27,SV Werder Bremen,Bundesliga,0.1478439425051335,0.1478439425051335,1.75564681724846,5.913757700205339,3.51129363449692,2.4948665297741273,6.660985233285235,5.160985233285235,344.0656822190157
807688,Yassin Belkhdim,1519,1,1,0.0592495062541145,0.0592495062541145,2025-06-03,1000000.0,2002-02-14,Midfield,Angers SCO,FR1,23.37303216974675,1.0,yassin belkhdim,2002,2002.0,Midfield,0.8,0.6,17,37,31,9,Angers SCO,Ligue 1,0.04739960500329164,0.03554970375246873,1.0072416063199474,2.1922317314022384,1.8367346938775508,0.533245556287031,6.138469570244568,5.138469570244568,513.8469570244567
552425,Jon Moncayola,2113,0,0,0.0,0.0,2025-06-09,7000000.0,1998-05-13,Midfield,CA Osasuna,ES1,27.132101300479125,7.0,jon moncayola,1998,1998.0,Midfield,1.6,3.7,25,107,51,21,CA Osasuna,La Liga,0.06814955040227165,0.1575958353052532,1.0648367250354946,4.557501183151917,2.172266919072409,0.8944628490298154,12.137060181485188,5.137060181485188,73.38657402121697
392538,Tommaso Pobega,1178,2,3,0.1528013582342954,0.2292020373514431,2025-06-17,9000000.0,1999-07-15,Midfield,Bologna Football Club 1909,IT1,25.960301163586585,9.0,tommaso pobega,1999,1999.0,Midfield,2.1,1.4,12,42,23,24,Bologna Football Club 1909,Serie A,0.1604414261460102,0.10696095076400679,0.9168081494057726,3.208828522920204,1.7572156196943973,1.8336162988115452,14.131811544011546,5.131811544011546,57.020128266794956
525578,Pathé Ciss,2147,4,1,0.167675826734979,0.0419189566837447,2025-06-09,2000000.0,1994-03-16,Midfield,Rayo Vallecano,ES1,31.290896646132783,2.0,pathe ciss,1994,1994.0,Midfield,1.8,1.1,19,128,12,21,Rayo Vallecano,La Liga,0.07545412203074058,0.046110852352119244,0.7964601769911505,5.36562645551933,0.5030274802049371,0.88029809035864,7.1231997437747445,5.1231997437747445,256.1599871887372
666547,Zito Luvumbo,1613,2,2,0.1115933044017358,0.1115933044017358,2025-06-17,5000000.0,2002-03-09,Attack,RCD Mallorca,ES1,23.310061601642712,5.0,zito luvumbo,2002,2002.0,Attack,2.1,3.1,70,31,125,23,RCD Mallorca,La Liga,0.1171729696218227,0.17296962182269063,3.905765654060756,1.7296962182269062,6.974581525108493,1.2833230006199627,10.118442400192396,5.1184424001923965,102.36884800384793
232320,Atakan Karazor,2626,2,4,0.0685453160700685,0.1370906321401371,2025-06-05,12000000.0,1996-10-13,Midfield,VfB Stuttgart,L1,28.711841204654345,12.0,atakan karazor,1996,1996.0,Midfield,2.3,2.6,19,140,33,14,VfB Stuttgart,Bundesliga,0.07882711348057882,0.0891089108910891,0.6511805026656512,4.798172124904799,1.130997715156131,0.4798172124904798,17.113507971657977,5.113507971657977,42.61256643048314
1018938,Jon Martín,900,0,1,0.0,0.1,2025-06-09,8000000.0,2006-04-23,Defender,Real Sociedad,ES1,19.18685831622177,8.0,jon martin,2006,2006.0,Defender,0.6,0.2,4,34,0,9,Real Sociedad,La Liga,0.06,0.02,0.4,3.4,0.0,0.9,13.101706780256784,5.101706780256784,63.7713347532098
281989,Luis Milla,2878,1,4,0.0312717164697706,0.1250868658790827,2025-06-09,3500000.0,1994-10-07,Midfield,Getafe CF,ES1,30.729637234770703,3.5,luis milla,1994,1994.0,Midfield,1.8,3.9,32,152,30,31,Getafe CF,La Liga,0.056289089645587216,0.12195969423210562,1.0006949270326615,4.753300903405142,0.9381514940931202,0.9694232105628909,8.582376052651055,5.082376052651055,145.21074436145872
1011200,Junior Mwanga,1245,1,2,0.072289156626506,0.144578313253012,2025-06-03,6000000.0,2003-05-11,Midfield,RC Strasbourg Alsace,FR1,22.138261464750173,6.0,junior mwanga,2003,2003.0,Midfield,1.3,1.0,17,52,17,16,RC Strasbourg Alsace,Ligue 1,0.09397590361445785,0.07228915662650602,1.2289156626506024,3.7590361445783134,1.2289156626506024,1.1566265060240963,11.081876772301765,5.081876772301765,84.69794620502941
318204,David Raum,1788,1,5,0.0503355704697986,0.2516778523489933,2025-06-05,20000000.0,1998-04-22,Defender,RB Leipzig,L1,27.189596167008897,20.0,david raum,1998,1998.0,Defender,0.5,6.5,36,71,127,9,RB Leipzig,Bundesliga,0.025167785234899327,0.3271812080536913,1.8120805369127515,3.573825503355705,6.39261744966443,0.4530201342281879,25.04379519462018,5.043795194620181,25.218975973100903
192557,Jackson Irvine,2610,0,5,0.0,0.1724137931034482,2025-06-05,2000000.0,1993-03-07,Midfield,FC St. Pauli,L1,32.31485284052019,2.0,jackson irvine,1993,1993.0,Midfield,3.2,3.9,19,117,58,41,FC St. Pauli,Bundesliga,0.11034482758620691,0.13448275862068967,0.6551724137931034,4.0344827586206895,2.0,1.4137931034482758,7.038161966736974,5.038161966736974,251.9080983368487
521964,Malick Thiaw,1804,0,0,0.0,0.0,2025-06-17,18000000.0,2001-08-08,Defender,Newcastle United,GB1,23.89322381930185,18.0,malick thiaw,2001,2001.0,Defender,0.6,0.1,12,89,1,7,Newcastle United,Premier League,0.02993348115299335,0.004988913525498891,0.5986696230598669,4.440133037694013,0.04988913525498891,0.3492239467849224,23.03327979520481,5.033279795204809,27.962665528915604
442703,Ylber Ramadani,1814,1,1,0.0496141124586549,0.0496141124586549,2025-06-17,1800000.0,1996-04-12,Midfield,US Lecce,IT1,29.215605749486652,1.8,ylber ramadani,1996,1996.0,Midfield,0.6,1.1,9,60,7,17,US Lecce,Serie A,0.02976846747519294,0.0545755237045204,0.4465270121278942,2.9768467475192946,0.3472987872105843,0.8434399117971334,6.778507238132246,4.978507238132246,276.5837354517914
222855,Jesper Karlström,3190,0,3,0.0,0.0846394984326018,2025-06-17,4000000.0,1995-06-21,Midfield,Udinese Calcio,IT1,30.026009582477755,4.0,jesper karlstrom,1995,1995.0,Midfield,0.7,1.1,23,135,46,13,Udinese Calcio,Serie A,0.01974921630094044,0.031034482758620693,0.6489028213166144,3.8087774294670846,1.2978056426332287,0.3667711598746082,8.972162229437233,4.972162229437233,124.30405573593082
111455,Granit Xhaka,2891,2,7,0.0622621930127983,0.2179176755447942,2025-06-05,12000000.0,1992-09-27,Midfield,Sunderland AFC,GB1,32.75564681724846,12.0,granit xhaka,1992,1992.0,Midfield,0.9,4.4,42,318,72,21,Sunderland AFC,Premier League,0.028017986855759253,0.13697682462815636,1.3075060532687652,9.899688689034935,2.24143894846074,0.6537530266343826,16.964558537758535,4.964558537758535,41.371321147987786
262939,Johan Mojica,2753,1,2,0.0326916091536505,0.0653832183073011,2025-06-09,2000000.0,1992-08-21,Defender,RCD Mallorca,ES1,32.85694729637235,2.0,johan mojica,1992,1992.0,Defender,0.9,4.1,66,130,142,17,RCD Mallorca,La Liga,0.02942244823828551,0.1340355975299673,2.157646204140937,4.249909189974573,4.64220849981838,0.5557573556120596,6.948337554112553,4.948337554112553,247.41687770562763
401529,Dodô,3119,0,6,0.0,0.1731324142353318,2025-06-17,24000000.0,1998-11-17,Defender,ACF Fiorentina,IT1,26.61738535249829,24.0,dodo,1998,1998.0,Defender,1.4,4.2,143,128,193,25,ACF Fiorentina,Serie A,0.04039756332157743,0.12119268996473229,4.126322539275408,3.6934915036870795,5.569092657903174,0.7213850593138826,28.922601455026427,4.922601455026427,20.51083939594345
618425,Tanguy Coulibaly,1461,3,0,0.1848049281314168,0.0,2025-06-03,1500000.0,2001-02-18,Attack,Samsunspor,TR1,24.361396303901437,1.5,tanguy coulibaly,2001,2001.0,Attack,3.5,1.3,48,20,97,30,Samsunspor,,0.21560574948665295,0.08008213552361397,2.9568788501026697,1.2320328542094456,5.9753593429158105,1.8480492813141682,6.401364154364155,4.901364154364155,326.7576102909437
391005,Mads Roerslev,1393,0,2,0.0,0.1292175161521895,2025-06-05,6000000.0,1999-06-24,Defender,Brentford FC,GB1,26.01779603011636,6.0,mads roerslev,1999,1999.0,Defender,0.2,3.0,24,64,72,5,Brentford FC,Premier League,0.012921751615218953,0.19382627422828427,1.5506101938262742,4.1349605168700645,4.651830581478823,0.32304379038047376,10.89121054593555,4.89121054593555,81.52017576559251
249636,Gautier Lloris,2770,2,1,0.0649819494584837,0.0324909747292418,2025-06-03,3000000.0,1995-07-18,Defender,Le Havre AC,FR1,29.95208761122519,3.0,gautier lloris,1995,1995.0,Defender,1.2,0.9,13,99,7,11,Le Havre AC,Ligue 1,0.03898916967509025,0.02924187725631769,0.4223826714801444,3.216606498194946,0.22743682310469313,0.3574007220216607,7.888094937469933,4.888094937469933,162.93649791566446
745181,Soungoutou Magassa,1022,0,1,0.0,0.0880626223091976,2025-06-03,12000000.0,2003-10-08,Midfield,West Ham United,GB1,21.727583846680357,12.0,soungoutou magassa,2003,2003.0,Midfield,0.5,0.9,6,63,11,8,West Ham United,Premier League,0.04403131115459882,0.0792563600782779,0.5283757338551859,5.547945205479452,0.9686888454011742,0.7045009784735812,16.88474489676989,4.884744896769892,40.70620747308243
834752,Unai Gómez,1278,1,3,0.0704225352112676,0.2112676056338028,2025-06-09,6000000.0,2003-05-25,Midfield,Athletic Bilbao,ES1,22.09993155373032,6.0,unai gomez,2003,2003.0,Midfield,1.9,0.8,19,23,49,19,Athletic Bilbao,La Liga,0.13380281690140844,0.05633802816901409,1.3380281690140845,1.619718309859155,3.4507042253521125,1.3380281690140845,10.866123809523812,4.8661238095238115,81.10206349206352
623521,Juanmi Latasa,1391,3,0,0.1941049604601006,0.0,2025-06-09,2000000.0,2001-03-23,Attack,Real Valladolid CF,ES1,24.27104722792608,2.0,juanmi latasa,2001,2001.0,Attack,4.2,0.9,3,17,40,40,Real Valladolid CF,La Liga,0.27174694464414095,0.058231488138030196,0.19410496046010065,1.0999281092739037,2.5880661394680087,2.5880661394680087,6.819612361712358,4.819612361712358,240.9806180856179
798929,Gvidas Gineitis,1423,3,1,0.1897399859451862,0.0632466619817287,2025-06-17,6000000.0,2004-04-15,Midfield,Torino FC,IT1,21.207392197125255,6.0,gvidas gineitis,2004,2004.0,Midfield,1.3,2.0,15,36,43,29,Torino FC,Serie A,0.08222066057624737,0.12649332396345747,0.9486999297259312,2.2768798313422347,2.719606465214336,1.8341531974701335,10.805697462722469,4.805697462722469,80.09495771204115
618809,Manu Sánchez,2640,1,0,0.034090909090909,0.0,2025-06-09,6000000.0,2000-08-24,Defender,Levante UD,ES1,24.84873374401095,6.0,manu sanchez,2000,2000.0,Defender,1.7,1.2,47,78,97,12,Levante UD,La Liga,0.05795454545454546,0.04090909090909091,1.6022727272727273,2.659090909090909,3.3068181818181817,0.40909090909090906,10.767333273208273,4.767333273208273,79.4555545534712
245625,Alex Palmer,1170,0,0,0.0,0.0,2023-06-01,900000.0,1996-08-10,Goalkeeper,Ipswich Town,GB1,28.8870636550308,0.9,alex palmer,1996,1996.0,Goalkeeper,0.0,0.0,0,1,0,0,Ipswich Town,Premier League,0.0,0.0,0.0,0.07692307692307693,0.0,0.0,5.666516598216598,4.766516598216597,529.6129553573996
706024,Marko Ivezic,1655,0,0,0.0,0.0,2025-06-05,2000000.0,2001-12-02,Defender,Holstein Kiel,L1,23.575633127994525,2.0,marko ivezic,2001,2001.0,Defender,0.6,0.2,3,40,9,7,Holstein Kiel,Bundesliga,0.03262839879154079,0.010876132930513597,0.16314199395770393,2.175226586102719,0.48942598187311176,0.3806646525679758,6.7313835359085346,4.7313835359085346,236.56917679542673
455661,Nick Woltemade,1620,12,2,0.6666666666666667,0.1111111111111111,2025-06-05,30000000.0,2002-02-14,Attack,Newcastle United,GB1,23.37303216974675,30.0,nick woltemade,2002,2002.0,Attack,10.2,4.6,31,52,141,46,Newcastle United,Premier League,0.5666666666666665,0.25555555555555554,1.7222222222222223,2.8888888888888893,7.833333333333333,2.555555555555556,34.71853547378546,4.718535473785458,15.72845157928486
120095,José Campaña,1192,0,3,0.0,0.2265100671140939,2025-06-09,900000.0,1993-05-31,Midfield,UD Las Palmas,ES1,32.082135523613964,0.9,jose campana,1993,1993.0,Midfield,0.1,0.9,11,87,15,5,UD Las Palmas,La Liga,0.0075503355704698,0.06795302013422819,0.830536912751678,6.568791946308726,1.1325503355704698,0.3775167785234899,5.611746200096204,4.711746200096203,523.5273555662448
371021,Arijanet Murić,1620,0,0,0.0,0.0,2025-05-30,5000000.0,1998-11-07,Goalkeeper,US Sassuolo,IT1,26.64476386036961,5.0,arijanet muric,1998,1998.0,Goalkeeper,0.0,0.0,0,1,0,0,US Sassuolo,Serie A,0.0,0.0,0.0,0.05555555555555555,0.0,0.0,9.700700108225107,4.7007001082251065,94.01400216450213
388409,Philipp Sander,1401,1,0,0.0642398286937901,0.0,2025-06-05,4000000.0,1998-02-21,Midfield,Borussia Mönchengladbach,L1,27.353867214236825,4.0,philipp sander,1998,1998.0,Midfield,1.2,0.6,16,60,29,18,Borussia Mönchengladbach,Bundesliga,0.07708779443254818,0.03854389721627409,1.0278372591006424,3.854389721627409,1.8629550321199144,1.1563169164882228,8.650216358641359,4.650216358641359,116.25540896603397
303657,Ionuț Radu,1350,0,0,0.0,0.0,2025-06-17,2500000.0,1997-05-28,Goalkeeper,Celta de Vigo,ES1,28.09034907597536,2.5,ionut radu,1997,1997.0,Goalkeeper,0.0,0.0,0,0,0,0,Celta de Vigo,La Liga,0.0,0.0,0.0,0.0,0.0,0.0,7.141289317164316,4.641289317164316,185.65157268657262
710671,Adama Boiro,1104,0,0,0.0,0.0,2025-06-09,2500000.0,2002-06-22,Defender,Athletic Bilbao,ES1,23.02258726899384,2.5,adama boiro,2002,2002.0,Defender,0.3,0.5,25,46,36,5,Athletic Bilbao,La Liga,0.024456521739130436,0.04076086956521739,2.0380434782608696,3.75,2.934782608695652,0.40760869565217395,7.107688918488917,4.607688918488917,184.3075567395567
951579,Saël Kumbedi,956,0,0,0.0,0.0,2025-06-03,7000000.0,2005-03-26,Defender,Olympique Lyon,FR1,20.26283367556468,7.0,sael kumbedi,2005,2005.0,Defender,0.3,0.3,23,37,71,4,Olympique Lyon,Ligue 1,0.028242677824267783,0.028242677824267783,2.1652719665271967,3.4832635983263596,6.684100418410042,0.37656903765690375,11.592899735449732,4.592899735449732,65.61285336356761
684315,Nnamdi Collins,1484,1,1,0.0606469002695417,0.0606469002695417,2025-06-05,10000000.0,2004-01-10,Defender,Eintracht Frankfurt,L1,21.470225872689937,10.0,nnamdi collins,2004,2004.0,Defender,0.8,1.0,30,63,42,5,Eintracht Frankfurt,Bundesliga,0.04851752021563343,0.06064690026954178,1.8194070080862532,3.820754716981132,2.547169811320755,0.3032345013477089,14.58668866318867,4.586688663188671,45.86688663188671
633530,Jordan Zemura,1411,1,2,0.0637845499645641,0.1275690999291283,2025-06-17,4500000.0,1999-11-14,Defender,Udinese Calcio,IT1,25.626283367556468,4.5,jordan zemura,1999,1999.0,Defender,1.0,1.0,25,42,76,14,Udinese Calcio,Serie A,0.06378454996456415,0.06378454996456415,1.5946137491141035,2.678951098511694,4.847625797306875,0.8929836995038979,9.082157577023361,4.582157577023361,101.82572393385247
217115,Neal Maupay,1043,4,4,0.3451581975071908,0.3451581975071908,2025-06-03,8000000.0,1996-08-14,Attack,Olympique Marseille,FR1,28.876112251882272,8.0,neal maupay,1996,1996.0,Attack,4.1,2.2,12,37,81,19,Olympique Marseille,Ligue 1,0.3537871524448705,0.18983700862895495,1.0354745925215725,3.192713326941515,6.989453499520614,1.6395014381591564,12.551042255892252,4.551042255892252,56.88802819865315
374954,Kristijan Jakic,2308,0,1,0.0,0.0389948006932409,2025-06-05,6500000.0,1997-05-14,Midfield,FC Augsburg,L1,28.128678986995208,6.5,kristijan jakic,1997,1997.0,Midfield,0.8,1.2,24,106,49,18,FC Augsburg,Bundesliga,0.03119584055459272,0.04679376083188908,0.9358752166377817,4.133448873483536,1.9107452339688042,0.7019064124783362,11.033785870991755,4.533785870991755,69.75055186141161
372712,Ibrahima Sissoko,2624,2,1,0.0685975609756097,0.0342987804878048,2025-06-05,6000000.0,1997-10-27,Midfield,FC Nantes,FR1,27.67419575633128,6.0,ibrahima sissoko,1997,1997.0,Midfield,1.7,1.6,35,105,69,25,FC Nantes,Ligue 1,0.058307926829268296,0.054878048780487805,1.2004573170731707,3.6013719512195124,2.3666158536585367,0.8574695121951219,10.505049306249305,4.505049306249305,75.08415510415509
659543,Matthis Abline,2788,9,2,0.2905308464849354,0.0645624103299856,2025-06-03,18000000.0,2003-03-28,Attack,FC Nantes,FR1,22.258726899383984,18.0,matthis abline,2003,2003.0,Attack,8.5,3.8,75,48,169,73,FC Nantes,Ligue 1,0.27439024390243905,0.12266857962697272,2.421090387374462,1.5494978479196555,5.455523672883787,2.3565279770444763,22.48123553391053,4.481235533910532,24.89575296616962
192169,Jonas Föhrenbach,1832,0,1,0.0,0.0491266375545851,2025-06-05,1500000.0,1996-01-26,Defender,1. Fußballclub Heidenheim 1846,L1,29.426420260095824,1.5,jonas fohrenbach,1996,1996.0,Defender,0.3,1.3,36,59,50,8,1. Fußballclub Heidenheim 1846,Bundesliga,0.014737991266375546,0.06386462882096071,1.7685589519650655,2.8984716157205237,2.4563318777292578,0.3930131004366812,5.973081457431461,4.473081457431461,298.20543049543073
368891,Arthur Theate,2709,0,0,0.0,0.0,2025-06-05,24000000.0,2000-05-25,Defender,Eintracht Frankfurt,L1,25.097878165639973,24.0,arthur theate,2000,2000.0,Defender,2.4,1.0,50,171,24,36,Eintracht Frankfurt,Bundesliga,0.07973421926910298,0.03322259136212624,1.6611295681063125,5.681063122923588,0.7973421926910299,1.196013289036545,28.468052308802307,4.4680523088023065,18.61688462000961
610190,Nediljko Labrovic,1350,0,0,0.0,0.0,2025-06-05,2500000.0,1999-10-10,Goalkeeper,FC Augsburg,L1,25.72210814510609,2.5,nediljko labrovic,1999,1999.0,Goalkeeper,0.0,0.0,0,0,0,0,FC Augsburg,Bundesliga,0.0,0.0,0.0,0.0,0.0,0.0,6.963424526399523,4.463424526399523,178.53698105598093
193900,Marius Wolf,2163,1,3,0.0416088765603328,0.1248266296809986,2025-06-05,3000000.0,1995-05-27,Defender,FC Augsburg,L1,30.094455852156056,3.0,marius wolf,1995,1995.0,Defender,0.7,3.2,36,117,95,12,FC Augsburg,Bundesliga,0.02912621359223301,0.13314840499306518,1.4979195561719834,4.8682385575589455,3.9528432732316223,0.49930651872399445,7.432944687719684,4.432944687719684,147.76482292398947
238993,Simone Scuffet,1260,0,0,0.0,0.0,2025-06-17,2000000.0,1996-05-31,Goalkeeper,Pisa Sporting Club,IT1,29.08145106091718,2.0,simone scuffet,1996,1996.0,Goalkeeper,0.0,0.0,0,0,0,0,Pisa Sporting Club,Serie A,0.0,0.0,0.0,0.0,0.0,0.0,6.424581632256635,4.424581632256635,221.22908161283178
316884,Dominik Greif,2790,0,0,0.0,0.0,2025-06-09,6000000.0,1997-04-06,Goalkeeper,Olympique Lyon,FR1,28.23271731690623,6.0,dominik greif,1997,1997.0,Goalkeeper,0.0,0.0,0,0,0,0,Olympique Lyon,Ligue 1,0.0,0.0,0.0,0.0,0.0,0.0,10.395702080327077,4.3957020803270765,73.26170133878462
64399,Vicente Guaita,3060,0,0,0.0,0.0,2025-06-09,700000.0,1987-01-10,Goalkeeper,Parma Calcio 1913,IT1,38.469541409993155,0.7,vicente guaita,1987,1987.0,Goalkeeper,0.0,0.0,0,1,0,0,Parma Calcio 1913,Serie A,0.0,0.0,0.0,0.029411764705882353,0.0,0.0,5.082490497465495,4.382490497465495,626.0700710664994
148252,Remo Freuler,3214,1,2,0.0280024891101431,0.0560049782202862,2025-06-17,5000000.0,1992-04-15,Midfield,Bologna Football Club 1909,IT1,33.20739219712526,5.0,remo freuler,1992,1992.0,Midfield,1.3,1.5,39,208,56,17,Bologna Football Club 1909,Serie A,0.03640323584318606,0.04200373366521468,1.0920970752955819,5.82451773490977,1.5681393901680152,0.4760423148724331,9.36497484459984,4.364974844599841,87.29949689199682
232418,Ondrej Duda,2403,1,4,0.0374531835205992,0.149812734082397,2025-06-17,3500000.0,1994-12-05,Midfield,Al-Ettifaq Football Club,SA1,30.56810403832991,3.5,ondrej duda,1994,1994.0,Midfield,1.0,3.2,23,117,26,25,Al-Ettifaq Football Club,,0.03745318352059925,0.1198501872659176,0.8614232209737828,4.382022471910113,0.9737827715355805,0.9363295880149812,7.864454639342132,4.364454639342132,124.69870398120378
623024,Jesús Vázquez,917,0,0,0.0,0.0,2025-06-09,3000000.0,2003-01-02,Defender,Valencia CF,ES1,22.491444216290212,3.0,jesus vazquez,2003,2003.0,Defender,0.1,0.6,32,21,48,5,Valencia CF,La Liga,0.009814612868047983,0.05888767720828789,3.1406761177753544,2.0610687022900764,4.711014176663031,0.49073064340239914,7.359873935786438,4.359873935786438,145.32913119288128
860992,Nicolás Valentini,1132,0,0,0.0,0.0,2025-06-17,6000000.0,2001-04-06,Defender,Hellas Verona,IT1,24.23271731690623,6.0,nicolas valentini,2001,2001.0,Defender,0.3,0.8,4,42,1,8,Hellas Verona,Serie A,0.023851590106007063,0.06360424028268552,0.31802120141342755,3.3392226148409896,0.07950530035335689,0.6360424028268551,10.349275044400041,4.349275044400041,72.48791740666735
461843,Juan Berrocal,1061,0,0,0.0,0.0,2025-06-09,1500000.0,1999-02-05,Defender,Atlanta United Football Club,MLS1,26.39835728952772,1.5,juan berrocal,1999,1999.0,Defender,0.4,0.0,1,25,1,4,Atlanta United Football Club,,0.03393025447690858,0.0,0.08482563619227144,2.120640904806786,0.08482563619227144,0.3393025447690858,5.847845081770084,4.347845081770084,289.8563387846723
170472,Dimitri Foulquier,2297,0,1,0.0,0.0391815411406182,2025-06-09,1500000.0,1993-03-23,Defender,Valencia CF,ES1,32.271047227926076,1.5,dimitri foulquier,1993,1993.0,Defender,0.4,1.4,48,97,66,13,Valencia CF,La Liga,0.01567261645624728,0.054854157596865474,1.8807139747496735,3.8006094906399657,2.585981715280801,0.5093600348280366,5.840390458615459,4.340390458615459,289.35936390769723
318523,Romain Perraud,1999,2,2,0.0900450225112556,0.0900450225112556,2025-06-09,5000000.0,1997-09-22,Defender,LOSC Lille,FR1,27.770020533880903,5.0,romain perraud,1997,1997.0,Defender,0.6,1.6,51,62,106,20,LOSC Lille,Ligue 1,0.027013506753376687,0.07203601800900451,2.296148074037019,2.7913956978489245,4.7723861930965485,0.9004502251125562,9.331848689273691,4.331848689273691,86.63697378547383
257376,Domingos Duarte,1861,1,0,0.0483610961848468,0.0,2025-06-09,800000.0,1995-03-10,Defender,Getafe CF,ES1,30.308008213552363,0.8,domingos duarte,1995,1995.0,Defender,0.2,0.1,3,47,3,3,Getafe CF,La Liga,0.009672219236969372,0.004836109618484686,0.14508328855454056,2.2729715206878023,0.14508328855454056,0.14508328855454056,5.1285111915861865,4.328511191586187,541.0638989482733
659518,Félix Lemaréchal,1782,4,3,0.202020202020202,0.1515151515151515,2025-06-03,10000000.0,2003-08-07,Midfield,Club Brugge KV,BE1,21.897330595482547,10.0,felix lemarechal,2003,2003.0,Midfield,3.5,2.9,35,58,90,25,Club Brugge KV,,0.1767676767676768,0.14646464646464646,1.7676767676767677,2.929292929292929,4.545454545454545,1.2626262626262628,14.32559622414623,4.32559622414623,43.2559622414623
251302,Niklas Dorsch,1378,2,2,0.1306240928882438,0.1306240928882438,2025-06-05,3500000.0,1998-01-15,Midfield,1. Fußballclub Heidenheim 1846,L1,27.45516769336071,3.5,niklas dorsch,1998,1998.0,Midfield,1.0,1.1,14,58,21,9,1. Fußballclub Heidenheim 1846,Bundesliga,0.06531204644412192,0.07184325108853411,0.9143686502177067,3.7880986937590713,1.3715529753265603,0.5878084179970973,7.821933352758355,4.321933352758355,123.48381007881015
353365,Marcus Coco,955,0,1,0.0,0.0942408376963351,2025-06-03,1200000.0,1996-06-24,Defender,CFR Cluj,RO1,29.01574264202601,1.2,marcus coco,1996,1996.0,Defender,0.1,1.2,12,34,40,2,CFR Cluj,,0.00942408376963351,0.11308900523560209,1.130890052356021,3.2041884816753927,3.7696335078534036,0.1884816753926702,5.507926727901726,4.307926727901726,358.99389399181047
248454,Nikola Vasilj,2970,0,0,0.0,0.0,2025-06-05,3500000.0,1995-12-02,Goalkeeper,FC St. Pauli,L1,29.57700205338809,3.5,nikola vasilj,1995,1995.0,Goalkeeper,0.0,0.0,0,0,0,0,FC St. Pauli,Bundesliga,0.0,0.0,0.0,0.0,0.0,0.0,7.77002377529877,4.27002377529877,122.00067929425057
450936,Tanguy Ndombélé,1135,1,2,0.079295154185022,0.158590308370044,2025-06-03,7000000.0,1996-12-28,Midfield,OGC Nice,FR1,28.503764544832308,7.0,tanguy ndombele,1996,1996.0,Midfield,2.4,2.4,22,61,36,11,OGC Nice,Ligue 1,0.19030837004405285,0.19030837004405285,1.7444933920704844,4.8370044052863435,2.854625550660793,0.8722466960352422,11.246016857216858,4.246016857216858,60.65738367452654
724129,Matias Fernandez-Pardo,1065,4,3,0.3380281690140845,0.2535211267605634,2025-06-03,15000000.0,2005-02-03,Attack,LOSC Lille,FR1,20.40246406570842,15.0,matias fernandezpardo,2005,2005.0,Attack,2.9,2.8,46,26,85,23,LOSC Lille,Ligue 1,0.24507042253521125,0.23661971830985915,3.887323943661972,2.1971830985915495,7.183098591549296,1.943661971830986,19.24156024993526,4.241560249935262,28.277068332901745
504153,Joe Scally,2588,0,0,0.0,0.0,2025-06-05,10000000.0,2002-12-31,Defender,Borussia Mönchengladbach,L1,22.49691991786448,10.0,joe scally,2002,2002.0,Defender,0.4,1.1,52,68,69,6,Borussia Mönchengladbach,Bundesliga,0.013910355486862442,0.038253477588871716,1.8083462132921175,2.3647604327666154,2.399536321483771,0.20865533230293662,14.228168728493731,4.228168728493731,42.28168728493731
467434,Rocco Reitz,1841,2,1,0.0977729494839761,0.048886474741988,2025-06-05,15000000.0,2002-05-29,Midfield,Borussia Mönchengladbach,L1,23.08829568788501,15.0,rocco reitz,2002,2002.0,Midfield,1.7,2.1,18,91,30,23,Borussia Mönchengladbach,Bundesliga,0.08310700706137968,0.10266159695817491,0.8799565453557848,4.448669201520913,1.4665942422596414,1.1243889190657252,19.217249856624857,4.217249856624857,28.11499904416571
261905,Suat Serdar,1379,2,2,0.1305293691080493,0.1305293691080493,2025-06-17,4500000.0,1997-04-11,Midfield,Hellas Verona,IT1,28.21902806297057,4.5,suat serdar,1997,1997.0,Midfield,1.9,1.0,18,56,35,30,Hellas Verona,Serie A,0.12400290065264684,0.06526468455402466,1.1747643219724437,3.6548223350253806,2.284263959390863,1.9579405366207399,8.707546488696492,4.207546488696492,93.50103308214427
513031,Antonio Sánchez,1387,0,0,0.0,0.0,2025-06-09,2500000.0,1997-04-22,Midfield,RCD Mallorca,ES1,28.188911704312115,2.5,antonio sanchez,1997,1997.0,Midfield,1.1,0.6,18,38,53,17,RCD Mallorca,La Liga,0.0713770728190339,0.03893294881038212,1.1679884643114635,2.4657534246575343,3.439077144917087,1.1031002162941599,6.679466390091392,4.179466390091392,167.17865560365567
364409,Gabriel Osho,1658,1,0,0.0542822677925211,0.0,2024-05-27,3000000.0,1998-08-14,Defender,AJ Auxerre,FR1,26.87748117727584,3.0,gabriel osho,1998,1998.0,Defender,1.0,0.1,12,43,2,7,AJ Auxerre,Ligue 1,0.054282267792521106,0.005428226779252111,0.6513872135102533,2.3341375150784076,0.10856453558504221,0.37997587454764775,7.158923963073963,4.158923963073963,138.63079876913213
139435,Dani Rodríguez,2175,4,7,0.1655172413793103,0.2896551724137931,2025-06-09,800000.0,1988-06-06,Midfield,RCD Mallorca,ES1,37.06502395619439,0.8,dani rodriguez,1988,1988.0,Midfield,2.8,3.1,37,78,108,31,RCD Mallorca,La Liga,0.11586206896551725,0.12827586206896552,1.5310344827586209,3.2275862068965515,4.468965517241379,1.2827586206896553,4.957099167499169,4.157099167499169,519.6373959373961
125714,Mark Flekken,3276,0,2,0.0,0.0549450549450549,2025-05-30,10000000.0,1993-06-13,Goalkeeper,Bayer 04 Leverkusen,L1,32.04654346338125,10.0,mark flekken,1993,1993.0,Goalkeeper,0.0,0.5,0,0,0,0,Bayer 04 Leverkusen,Bundesliga,0.0,0.013736263736263736,0.0,0.0,0.0,0.0,14.153756827431826,4.153756827431826,41.53756827431826
355628,Igor Zubeldia,2273,0,0,0.0,0.0,2025-06-09,12000000.0,1997-03-30,Defender,Real Sociedad,ES1,28.25188227241615,12.0,igor zubeldia,1997,1997.0,Defender,0.6,0.4,22,101,3,12,Real Sociedad,La Liga,0.023757149142102946,0.01583809942806863,0.8710954685437748,3.999120105587329,0.11878574571051473,0.4751429828420589,16.144992941317938,4.144992941317938,34.54160784431615
91059,Joshua King,1681,6,4,0.3212373587150505,0.214158239143367,2025-06-03,1800000.0,1992-01-15,Attack,Al-Khaleej Club (Saihat),SA1,33.45653661875428,1.8,joshua king,1992,1992.0,Attack,6.6,2.0,39,29,108,50,Al-Khaleej Club (Saihat),,0.3533610945865556,0.10707911957168352,2.0880428316478286,1.552647233789411,5.78227245687091,2.676977989292088,5.937853638028641,4.137853638028641,229.88075766825787
337715,Umar Sadiq,1049,5,0,0.428979980934223,0.0,2025-06-09,5000000.0,1997-02-02,Attack,Valencia CF,ES1,28.40520191649555,5.0,umar sadiq,1997,1997.0,Attack,3.6,0.8999999999999999,14,12,67,25,Valencia CF,La Liga,0.3088655862726406,0.07721639656816015,1.2011439466158247,1.0295519542421354,5.748331744518589,2.1448999046711155,9.124192092167092,4.1241920921670925,82.48384184334185
303259,Dodi Lukébakio,3103,11,2,0.3190460844344183,0.058008378988076,2025-06-09,20000000.0,1997-09-24,Attack,Sevilla FC,ES1,27.76454483230664,20.0,dodi lukebakio,1997,1997.0,Attack,10.1,4.5,131,93,247,93,Sevilla FC,La Liga,0.2929423138897841,0.13051885272317112,3.7995488237189816,2.6973896229455363,7.164034805027393,2.6973896229455363,24.112873052873056,4.112873052873056,20.56436526436528
195736,Florian Grillitsch,1226,0,0,0.0,0.0,2025-06-09,2000000.0,1995-08-07,Midfield,SC Braga,PO1,29.897330595482547,2.0,florian grillitsch,1995,1995.0,Midfield,0.3,0.8999999999999999,13,82,11,9,SC Braga,,0.02202283849918434,0.06606851549755301,0.9543230016313214,6.019575856443719,0.8075040783034257,0.6606851549755302,6.080716426166421,4.080716426166421,204.03582130832106
258039,Aurélio Buta,1977,0,1,0.0,0.0455235204855842,2025-06-03,5000000.0,1997-02-10,Defender,FC Copenhagen,DK1,28.383299110198493,5.0,aurelio buta,1997,1997.0,Defender,0.3,0.8,28,83,64,8,FC Copenhagen,,0.013657056145675266,0.036418816388467376,1.2746585735963583,3.77845220030349,2.9135053110773903,0.3641881638846738,9.06271746864247,4.06271746864247,81.2543493728494
371686,Carlens Arcus,2055,0,1,0.0,0.0437956204379562,2025-06-03,1800000.0,1996-06-28,Defender,Angers SCO,FR1,29.00479123887748,1.8,carlens arcus,1996,1996.0,Defender,0.0,1.4,39,70,79,3,Angers SCO,Ligue 1,0.0,0.06131386861313868,1.7080291970802919,3.065693430656934,3.4598540145985406,0.1313868613138686,5.844732481407482,4.0447324814074825,224.70736007819346
95641,Darko Brasanac,1613,1,2,0.0557966522008679,0.1115933044017358,2025-06-09,500000.0,1992-02-12,Midfield,CD Leganés,ES1,33.379876796714576,0.5,darko brasanac,1992,1992.0,Midfield,1.8,0.4,6,43,53,12,CD Leganés,La Liga,0.1004339739615623,0.022318660880347178,0.33477991320520767,2.3992560446373217,2.957222566646001,0.6695598264104153,4.538642934842932,4.038642934842932,807.7285869685865
255788,Cameron Burgess,1540,0,2,0.0,0.1168831168831168,2025-05-30,2000000.0,1995-10-21,Defender,Swansea City,GB1,29.691991786447637,2.0,cameron burgess,1995,1995.0,Defender,1.1,0.5,2,42,4,10,Swansea City,Premier League,0.0642857142857143,0.02922077922077922,0.11688311688311688,2.4545454545454546,0.23376623376623376,0.5844155844155845,6.037829785954786,4.037829785954786,201.8914892977393
720518,Roberto Fernández,1509,6,1,0.3578528827037773,0.0596421471172962,2025-06-09,6000000.0,2002-07-03,Attack,RCD Espanyol Barcelona,ES1,22.99247091033539,6.0,roberto fernandez,2002,2002.0,Attack,3.6,0.6,7,17,50,21,RCD Espanyol Barcelona,La Liga,0.21471172962226642,0.03578528827037773,0.41749502982107356,1.0139165009940359,2.982107355864811,1.2524850894632207,10.029241913641917,4.029241913641917,67.15403189403195
388125,Stanko Juric,1735,0,0,0.0,0.0,2025-06-09,1200000.0,1996-08-16,Midfield,Real Valladolid CF,ES1,28.870636550308006,1.2,stanko juric,1996,1996.0,Midfield,0.8,0.5,5,57,8,8,Real Valladolid CF,La Liga,0.0414985590778098,0.025936599423631124,0.25936599423631124,2.956772334293948,0.414985590778098,0.414985590778098,5.207903490028487,4.007903490028487,333.99195750237396
333903,Lars Ritzka,919,1,0,0.0979325353645266,0.0,2025-06-05,1000000.0,1998-05-07,Defender,FC St. Pauli,L1,27.148528405201915,1.0,lars ritzka,1998,1998.0,Defender,0.4,0.2,8,21,34,8,FC St. Pauli,Bundesliga,0.03917301414581067,0.019586507072905334,0.7834602829162133,2.05658324265506,3.3297062023939064,0.7834602829162133,5.00390767935768,4.00390767935768,400.390767935768
84938,Timo Horn,1170,0,0,0.0,0.0,2025-06-05,800000.0,1993-05-12,Goalkeeper,VfL Bochum,L1,32.134154688569474,0.8,timo horn,1993,1993.0,Goalkeeper,0.0,0.0,0,1,0,0,VfL Bochum,Bundesliga,0.0,0.0,0.0,0.07692307692307693,0.0,0.0,4.789463569763569,3.9894635697635694,498.6829462204462
336125,Mërgim Vojvoda,1826,1,2,0.0492880613362541,0.0985761226725082,2025-06-17,3000000.0,1995-02-01,Defender,Como 1907,IT1,30.409308692676248,3.0,mergim vojvoda,1995,1995.0,Defender,0.6000000000000001,2.4,34,107,74,9,Como 1907,Serie A,0.029572836801752468,0.11829134720700986,1.6757940854326396,5.2738225629791895,3.647316538882804,0.443592552026287,6.963646365671364,3.963646365671364,132.1215455223788
181768,Hernani,1329,3,3,0.2031602708803611,0.2031602708803611,2025-06-17,1600000.0,1994-03-27,Midfield,Parma Calcio 1913,IT1,31.260780287474333,1.6,hernani,1994,1994.0,Midfield,2.8,1.5,29,78,40,17,Parma Calcio 1913,Serie A,0.18961625282167044,0.10158013544018057,1.963882618510158,5.282167042889391,2.708803611738149,1.1512415349887133,5.557600685425687,3.9576006854256867,247.3500428391054
190393,Corentin Tolisso,2333,7,7,0.2700385769395628,0.2700385769395628,2025-06-03,12000000.0,1994-08-03,Midfield,Olympique Lyon,FR1,30.90759753593429,12.0,corentin tolisso,1994,1994.0,Midfield,5.3,4.9,31,166,133,51,Olympique Lyon,Ligue 1,0.2044577796828118,0.18902700385769394,1.1958851264466352,6.403771967423919,5.130732961851693,1.967423917702529,15.954276899951905,3.954276899951905,32.95230749959921
392163,Noah Weißhaupt,1245,1,1,0.072289156626506,0.072289156626506,2024-05-29,5000000.0,2001-09-20,Attack,Legia Warszawa,PL1,23.77549623545517,5.0,noah weihaupt,2001,2001.0,Attack,2.1,1.8,50,39,104,19,Legia Warszawa,,0.15180722891566265,0.13012048192771083,3.6144578313253013,2.8192771084337354,7.518072289156627,1.3734939759036144,8.940166687016688,3.9401666870166885,78.80333374033377
55735,Henrikh Mkhitaryan,2412,1,5,0.0373134328358209,0.1865671641791045,2025-06-17,4000000.0,1989-01-21,Midfield,Inter Milan,IT1,36.43805612594114,4.0,henrikh mkhitaryan,1989,1989.0,Midfield,1.5,2.7,72,199,93,23,Inter Milan,Serie A,0.055970149253731345,0.10074626865671642,2.6865671641791042,7.425373134328358,3.470149253731343,0.8582089552238806,7.939905156880159,3.939905156880159,98.49762892200398
247555,Edimilson Fernandes,1103,0,1,0.0,0.0815956482320942,2025-06-03,3000000.0,1996-04-15,Midfield,BSC Young Boys,C1,29.207392197125255,3.0,edimilson fernandes,1996,1996.0,Midfield,0.4,0.6,7,40,3,10,BSC Young Boys,,0.032638259292837715,0.04895738893925657,0.57116953762466,3.2638259292837715,0.24478694469628287,0.8159564823209429,6.929579871054874,3.929579871054874,130.98599570182913
400131,Siebe Van der Heyden,972,1,0,0.0925925925925926,0.0,2025-06-05,2500000.0,1998-05-30,Defender,KAA Gent,BE1,27.085557837097877,2.5,siebe van der heyden,1998,1998.0,Defender,1.7,0.1,11,33,27,4,KAA Gent,,0.1574074074074074,0.00925925925925926,1.0185185185185186,3.0555555555555554,2.5,0.3703703703703704,6.428531573056574,3.928531573056574,157.14126292226297
160241,Kevin Akpoguma,2216,0,0,0.0,0.0,2025-06-05,2500000.0,1995-04-19,Defender,TSG 1899 Hoffenheim,L1,30.198494182067076,2.5,kevin akpoguma,1995,1995.0,Defender,0.1,0.3,14,98,16,5,TSG 1899 Hoffenheim,Bundesliga,0.004061371841155235,0.012184115523465704,0.5685920577617328,3.9801444043321297,0.6498194945848376,0.20306859205776173,6.419359644059645,3.9193596440596448,156.77438576238578
288255,Donny van de Beek,1424,2,2,0.1264044943820224,0.1264044943820224,2025-06-09,5000000.0,1997-04-18,Midfield,Girona FC,ES1,28.199863107460644,5.0,donny van de beek,1997,1997.0,Midfield,1.5,3.2,17,45,85,18,Girona FC,La Liga,0.09480337078651685,0.20224719101123598,1.074438202247191,2.8441011235955056,5.372191011235955,1.1376404494382022,8.916566197691195,3.9165661976911945,78.3313239538239
357885,Pablo Fornals,1838,2,0,0.0979325353645266,0.0,2025-06-09,6000000.0,1996-02-22,Midfield,Real Betis Balompié,ES1,29.352498288843258,6.0,pablo fornals,1996,1996.0,Midfield,1.8,3.3,32,146,85,23,Real Betis Balompié,La Liga,0.088139281828074,0.16158868335146898,1.5669205658324266,7.149075081610446,4.162132752992383,1.1262241566920566,9.891285275835275,3.8912852758352745,64.85475459725457
1089202,Moïse Bombito,2195,0,0,0.0,0.0,2025-06-03,10000000.0,2000-03-30,Defender,OGC Nice,FR1,25.251197809719372,10.0,moise bombito,2000,2000.0,Defender,0.7,0.2,27,97,10,8,OGC Nice,Ligue 1,0.02870159453302961,0.008200455580865604,1.1070615034168565,3.9772209567198176,0.41002277904328016,0.32801822323462415,13.871244336219343,3.871244336219343,38.712443362193426
418659,Amine Gouiri,2089,13,5,0.5600765916706558,0.215414073719483,2025-06-03,30000000.0,2000-02-16,Attack,Olympique Marseille,FR1,25.36892539356605,30.0,amine gouiri,2000,2000.0,Attack,8.4,3.6,17,20,97,51,Olympique Marseille,Ligue 1,0.3618956438487314,0.15509813307802775,0.7324078506462423,0.861656294877932,4.179033030157971,2.197223551938727,33.81119949957449,3.8111994995744922,12.703998331914972
278296,Antonio Raíllo,3209,2,0,0.0560922405733873,0.0,2025-06-09,1800000.0,1991-10-08,Defender,RCD Mallorca,ES1,33.72758384668035,1.8,antonio raillo,1991,1991.0,Defender,2.0,1.6,31,108,20,35,RCD Mallorca,La Liga,0.056092240573387346,0.04487379245870988,0.8694297288875039,3.028980990962917,0.5609224057338735,0.9816142100342786,5.5966324610574585,3.7966324610574587,210.92402561430325
223974,Stefan Posch,1097,0,0,0.0,0.0,2025-06-17,8000000.0,1997-05-14,Defender,Bologna Football Club 1909,IT1,28.128678986995208,8.0,stefan posch,1997,1997.0,Defender,0.5,0.7,16,59,40,5,Bologna Football Club 1909,Serie A,0.04102096627164995,0.05742935278030993,1.3126709206927984,4.840474020054694,3.281677301731996,0.4102096627164995,11.778368686868689,3.7783686868686885,47.22960858585861
386552,Lassana Coulibaly,2673,1,1,0.0336700336700336,0.0336700336700336,2025-06-17,2500000.0,1996-04-10,Midfield,US Lecce,IT1,29.22108145106092,2.5,lassana coulibaly,1996,1996.0,Midfield,0.8,0.9,21,93,49,9,US Lecce,Serie A,0.026936026936026935,0.030303030303030304,0.7070707070707072,3.1313131313131315,1.6498316498316499,0.30303030303030304,6.266312530062527,3.7663125300625273,150.6525012025011
94192,Patrick Drewes,1890,0,0,0.0,0.0,2025-06-05,500000.0,1993-02-04,Goalkeeper,Borussia Dortmund,L1,32.39972621492129,0.5,patrick drewes,1993,1993.0,Goalkeeper,0.0,0.0,0,0,0,0,Borussia Dortmund,Bundesliga,0.0,0.0,0.0,0.0,0.0,0.0,4.24471637806638,3.7447163780663804,748.9432756132761
178313,Jean-Eudes Aholou,1978,2,0,0.0910010111223458,0.0,2024-06-03,800000.0,1994-03-20,Midfield,Angers SCO,FR1,31.279945242984255,0.8,jeaneudes aholou,1994,1994.0,Midfield,1.8,1.0,15,68,16,27,Angers SCO,Ligue 1,0.08190091001011122,0.0455005055611729,0.6825075834175935,3.094034378159757,0.7280080889787665,1.2285136501516685,4.543034704184702,3.7430347041847023,467.87933802308777
357796,Domagoj Bradarić,1944,1,0,0.0462962962962963,0.0,2025-06-17,4000000.0,1999-12-10,Defender,Hellas Verona,IT1,25.555099247091032,4.0,domagoj bradaric,1999,1999.0,Defender,0.8,2.2,30,46,83,9,Hellas Verona,Serie A,0.03703703703703704,0.10185185185185186,1.3888888888888888,2.1296296296296298,3.8425925925925926,0.41666666666666663,7.73876241813742,3.73876241813742,93.4690604534355
310458,Giangiacomo Magnani,1060,1,0,0.0849056603773584,0.0,2024-06-05,3000000.0,1995-10-04,Defender,Hellas Verona,IT1,29.738535249828885,3.0,giangiacomo magnani,1995,1995.0,Defender,1.1,0.0,4,31,7,11,Hellas Verona,Serie A,0.09339622641509435,0.0,0.33962264150943394,2.6320754716981134,0.5943396226415094,0.9339622641509433,6.71450623913124,3.7145062391312402,123.81687463770801
341264,Fran García,2174,0,2,0.0,0.0827966881324747,2025-06-09,18000000.0,1999-08-14,Defender,Real Madrid,ES1,25.87816563997262,18.0,fran garcia,1999,1999.0,Defender,0.9,1.8,78,119,177,14,Real Madrid,La Liga,0.037258509659613616,0.07451701931922723,3.229070837166513,4.926402943882245,7.3275068997240105,0.5795768169273229,21.709867989418004,3.7098679894180044,20.610377718988914
625202,Lautaro Valenti,1557,1,0,0.0578034682080924,0.0,2025-06-17,1500000.0,1999-01-14,Defender,Parma Calcio 1913,IT1,26.458590006844627,1.5,lautaro valenti,1999,1999.0,Defender,0.2,0.2,3,28,3,7,Parma Calcio 1913,Serie A,0.011560693641618497,0.011560693641618497,0.17341040462427745,1.6184971098265895,0.17341040462427745,0.40462427745664736,5.202446346246346,3.7024463462463464,246.8297564164231
279455,Harry Wilson,1159,6,2,0.4659188955996548,0.1553062985332183,2025-05-30,15000000.0,1997-03-22,Attack,Fulham FC,GB1,28.27378507871321,15.0,harry wilson,1997,1997.0,Attack,4.2,1.1,22,51,96,43,Fulham FC,Premier League,0.32614322691975844,0.08541846419327007,1.7083692838654012,3.9603106125970666,7.454702329594477,3.3390854184641934,18.697882407407405,3.6978824074074055,24.652549382716035
460245,Moritz Jenz,1601,0,0,0.0,0.0,2025-06-05,5000000.0,1999-04-30,Defender,VfL Wolfsburg,L1,26.168377823408623,5.0,moritz jenz,1999,1999.0,Defender,1.6,0.3,1,47,3,10,VfL Wolfsburg,Bundesliga,0.08994378513429106,0.016864459712679573,0.056214865708931916,2.6420986883198,0.16864459712679578,0.5621486570893192,8.697444033744038,3.6974440337440377,73.94888067488075
361065,Mitchel Bakker,1160,3,2,0.2327586206896551,0.1551724137931034,2025-06-03,7000000.0,2000-06-20,Midfield,Atalanta BC,IT1,25.026694045174537,7.0,mitchel bakker,2000,2000.0,Midfield,0.0,0.0,0,1,1,0,Atalanta BC,Serie A,0.0,0.0,0.0,0.07758620689655173,0.07758620689655173,0.0,10.692628170903175,3.692628170903175,52.75183101290251
807689,Frank Magri,1514,5,1,0.297225891677675,0.059445178335535,2025-06-03,3000000.0,1999-09-04,Attack,FC Toulouse,FR1,25.82067077344285,3.0,frank magri,1999,1999.0,Attack,6.0,1.5,17,25,80,44,FC Toulouse,Ligue 1,0.35667107001321,0.0891677675033025,1.0105680317040953,1.4861294583883753,4.755614266842801,2.6155878467635403,6.667598508898511,3.667598508898511,122.25328362995036
364857,Falaye Sacko,1208,0,1,0.0,0.0745033112582781,2024-06-03,4000000.0,1995-05-01,Defender,Montpellier HSC,FR1,30.16563997262149,4.0,falaye sacko,1995,1995.0,Defender,0.0,0.2,21,59,34,0,Montpellier HSC,Ligue 1,0.0,0.014900662251655629,1.564569536423841,4.395695364238411,2.533112582781457,0.0,7.662485702260706,3.662485702260706,91.56214255651764
527425,Luke Woolfenden,1187,0,0,0.0,0.0,2025-05-30,2000000.0,1998-10-21,Defender,Ipswich Town,GB1,26.691307323750856,2.0,luke woolfenden,1998,1998.0,Defender,0.0,0.0,7,15,0,1,Ipswich Town,Premier League,0.0,0.0,0.5307497893850043,1.1373209772535806,0.0,0.07582139848357203,5.6272876151626186,3.6272876151626186,181.36438075813092
849410,Valentín Barco,1452,0,2,0.0,0.1239669421487603,2025-06-03,12000000.0,2004-07-23,Midfield,RC Strasbourg Alsace,FR1,20.93634496919918,12.0,valentin barco,2004,2004.0,Midfield,0.5,1.5,20,64,55,10,RC Strasbourg Alsace,Ligue 1,0.030991735537190084,0.09297520661157024,1.2396694214876034,3.9669421487603307,3.409090909090909,0.6198347107438017,15.623865669515665,3.6238656695156646,30.198880579297203
196231,Marvin Friedrich,980,0,1,0.0,0.0918367346938775,2025-06-05,3500000.0,1995-12-13,Defender,Borussia Mönchengladbach,L1,29.54688569472964,3.5,marvin friedrich,1995,1995.0,Defender,0.4,0.6,11,36,3,7,Borussia Mönchengladbach,Bundesliga,0.036734693877551024,0.055102040816326525,1.010204081632653,3.306122448979592,0.2755102040816326,0.6428571428571428,7.10952521182521,3.6095252118252104,103.12929176643458
112515,Marcos Alonso,2649,3,0,0.101925254813137,0.0,2025-06-09,1500000.0,1990-12-28,Defender,Celta de Vigo,ES1,34.50513347022587,1.5,marcos alonso,1990,1990.0,Defender,4.0,1.3,64,215,49,31,Celta de Vigo,La Liga,0.13590033975084936,0.044167610419026046,2.17440543601359,7.304643261608154,1.6647791619479047,1.0532276330690826,5.050069806119808,3.550069806119808,236.6713204079872
100986,Thomas Meunier,1925,2,0,0.0935064935064935,0.0,2025-06-03,2000000.0,1991-09-12,Defender,LOSC Lille,FR1,33.79876796714579,2.0,thomas meunier,1991,1991.0,Defender,1.9,0.7,64,136,148,28,LOSC Lille,Ligue 1,0.08883116883116883,0.03272727272727272,2.9922077922077923,6.358441558441559,6.91948051948052,1.309090909090909,5.548115745365743,3.5481157453657426,177.40578726828713
188888,Sheraldo Becker,994,2,1,0.1810865191146881,0.090543259557344,2025-06-09,2500000.0,1995-02-09,Attack,CA Osasuna,ES1,30.38740588637919,2.5,sheraldo becker,1995,1995.0,Attack,2.0,2.0,51,23,110,22,CA Osasuna,La Liga,0.18108651911468815,0.18108651911468815,4.617706237424548,2.0824949698189132,9.959758551307848,1.9919517102615694,6.045670761645761,3.545670761645761,141.82683046583045
524285,Luca Netz,959,0,2,0.0,0.1876955161626694,2025-06-05,6000000.0,2003-05-15,Defender,Borussia Mönchengladbach,L1,22.127310061601644,6.0,luca netz,2003,2003.0,Defender,0.2,1.9,16,28,55,3,Borussia Mönchengladbach,Bundesliga,0.018769551616266946,0.17831074035453598,1.5015641293013555,2.627737226277372,5.1616266944734095,0.28154327424400416,9.538212566137567,3.5382125661375667,58.97020943562611
900909,Paul Wanner,1779,3,2,0.1517706576728499,0.1011804384485666,2025-06-05,18000000.0,2005-12-23,Midfield,PSV Eindhoven,NL1,19.51813826146475,18.0,paul wanner,2005,2005.0,Midfield,3.7,1.3,28,64,65,24,PSV Eindhoven,,0.18718381112984825,0.06576728499156831,1.4165261382799326,3.2377740303541316,3.2883642495784144,1.2141652613827993,21.536425505050502,3.5364255050505022,19.64680836139168
251075,Zeki Çelik,2262,0,2,0.0,0.0795755968169761,2025-06-17,6000000.0,1997-02-17,Defender,Associazione Sportiva Roma,IT1,28.36413415468857,6.0,zeki celik,1997,1997.0,Defender,0.6,1.6,28,106,93,13,Associazione Sportiva Roma,Serie A,0.023872679045092837,0.0636604774535809,1.1140583554376657,4.2175066312997345,3.70026525198939,0.5172413793103449,9.513429533810415,3.513429533810415,58.55715889684024
289257,Jon Guridi,2097,3,1,0.1287553648068669,0.0429184549356223,2025-06-09,3000000.0,1995-02-28,Midfield,Deportivo Alavés,ES1,30.33538672142368,3.0,jon guridi,1995,1995.0,Midfield,4.2,1.2,27,79,90,23,Deportivo Alavés,La Liga,0.18025751072961377,0.051502145922746774,1.1587982832618027,3.3905579399141628,3.8626609442060085,0.9871244635193133,6.511317135642132,3.511317135642132,117.04390452140441
103565,Wahbi Khazri,1082,1,1,0.0831792975970425,0.0831792975970425,2025-06-03,1000000.0,1991-02-08,Attack,Montpellier HSC,FR1,34.390143737166326,1.0,wahbi khazri,1991,1991.0,Attack,2.3,2.2,24,33,53,36,Montpellier HSC,Ligue 1,0.19131238447319776,0.18299445471349357,1.9963031423290203,2.744916820702403,4.408502772643254,2.99445471349353,4.47369660848411,3.4736966084841097,347.36966084841094
184892,Florian Thauvin,1972,8,3,0.3651115618661257,0.1369168356997971,2025-06-17,5000000.0,1993-01-26,Attack,RC Lens,FR1,32.42436687200548,5.0,florian thauvin,1993,1993.0,Attack,8.1,3.8,92,90,148,51,RC Lens,Ligue 1,0.3696754563894523,0.17342799188640973,4.198782961460446,4.1075050709939145,6.754563894523327,2.3275862068965516,8.468208818033817,3.4682088180338173,69.36417636067634
510396,Álex Suárez,2469,0,0,0.0,0.0,2024-06-07,1200000.0,1993-03-18,Defender,UD Las Palmas,ES1,32.284736481861735,1.2,alex suarez,1993,1993.0,Defender,0.5,0.1,6,53,3,6,UD Las Palmas,La Liga,0.01822600243013366,0.003645200486026732,0.21871202916160387,1.9319562575941678,0.10935601458080194,0.21871202916160387,4.651739817589815,3.4517398175898144,287.6449847991512
451801,Abdul Mumin,2020,2,1,0.0891089108910891,0.0445544554455445,2025-06-09,5000000.0,1998-06-06,Defender,Rayo Vallecano,ES1,27.066392881587955,5.0,abdul mumin,1998,1998.0,Defender,0.6,0.2,12,40,6,10,Rayo Vallecano,La Liga,0.026732673267326732,0.008910891089108912,0.5346534653465347,1.7821782178217822,0.26732673267326734,0.44554455445544555,8.445772438672433,3.4457724386724333,68.91544877344866
319745,Dani Ceballos,1218,0,0,0.0,0.0,2025-06-09,10000000.0,1996-08-07,Midfield,Real Madrid,ES1,28.8952772073922,10.0,dani ceballos,1996,1996.0,Midfield,0.4,1.6,42,150,17,7,Real Madrid,La Liga,0.02955665024630542,0.11822660098522168,3.103448275862069,11.083743842364532,1.2561576354679804,0.5172413793103449,13.441756084656086,3.4417560846560864,34.41756084656086
691786,Morgan Guilavogui,1817,6,2,0.2971931755641167,0.0990643918547055,2025-06-05,4000000.0,1998-03-10,Attack,Real Salt Lake,MLS1,27.307323750855577,4.0,morgan guilavogui,1998,1998.0,Attack,7.1,1.9,42,41,135,41,Real Salt Lake,,0.35167859108420474,0.09411117226197027,2.0803522289488168,2.030820033021464,6.6868464501926255,2.030820033021464,7.38070972730973,3.38070972730973,84.51774318274326
441170,Valentin Rosier,2592,1,2,0.0347222222222222,0.0694444444444444,2025-06-09,3000000.0,1996-08-19,Defender,CA Osasuna,ES1,28.862422997946613,3.0,valentin rosier,1996,1996.0,Defender,0.9,1.1,41,74,89,14,CA Osasuna,La Liga,0.03125,0.03819444444444445,1.4236111111111112,2.569444444444444,3.0902777777777777,0.4861111111111111,6.378366135716136,3.378366135716136,112.6122045238712
340205,Gorka Guruzeta,1842,7,2,0.3420195439739413,0.0977198697068403,2025-06-09,9000000.0,1996-09-12,Attack,Athletic Bilbao,ES1,28.79671457905544,9.0,gorka guruzeta,1996,1996.0,Attack,6.7,1.5,8,31,64,59,Athletic Bilbao,La Liga,0.3273615635179153,0.0732899022801303,0.39087947882736157,1.514657980456026,3.1270358306188926,2.8827361563517915,12.370491021016017,3.370491021016017,37.44990023351129
382478,Cédric Zesiger,1748,0,2,0.0,0.102974828375286,2025-06-05,7000000.0,1998-06-24,Defender,FC Augsburg,L1,27.017111567419576,7.0,cedric zesiger,1998,1998.0,Defender,1.3,1.3,7,59,9,12,FC Augsburg,Bundesliga,0.06693363844393593,0.06693363844393593,0.36041189931350115,3.0377574370709386,0.4633867276887872,0.6178489702517163,10.355226950826948,3.355226950826948,47.93181358324211
118850,Ivan Ordets,1865,0,0,0.0,0.0,2025-06-05,1000000.0,1992-07-08,Defender,VfL Bochum,L1,32.97741273100616,1.0,ivan ordets,1992,1992.0,Defender,0.7,0.7,2,48,4,11,VfL Bochum,Bundesliga,0.033780160857908845,0.033780160857908845,0.096514745308311,2.3163538873994636,0.193029490616622,0.5308310991957105,4.344999854774853,3.344999854774853,334.4999854774853
118847,Dominik Kohr,2305,2,0,0.0780911062906724,0.0,2025-06-05,3500000.0,1994-01-31,Defender,1.FSV Mainz 05,L1,31.411362080766597,3.5,dominik kohr,1994,1994.0,Defender,1.6,0.6,26,101,31,13,1.FSV Mainz 05,Bundesliga,0.062472885032537964,0.023427331887201735,1.0151843817787418,3.943600867678959,1.210412147505423,0.5075921908893709,6.818457647907652,3.3184576479076524,94.81307565450436
212723,Djibril Sow,2070,2,1,0.0869565217391304,0.0434782608695652,2025-06-09,7500000.0,1997-02-06,Midfield,Sevilla FC,ES1,28.39425051334702,7.5,djibril sow,1997,1997.0,Midfield,2.4,1.6,23,100,50,22,Sevilla FC,La Liga,0.10434782608695652,0.06956521739130436,1.0,4.3478260869565215,2.1739130434782608,0.9565217391304348,10.795275600325589,3.2952756003255885,43.93700800434118
507344,Becir Omeragic,1803,0,0,0.0,0.0,2025-06-03,4500000.0,2002-01-20,Defender,FC Basel 1893,C1,23.44147843942505,4.5,becir omeragic,2002,2002.0,Defender,0.3,0.1,21,51,3,7,FC Basel 1893,,0.014975041597337771,0.004991680532445923,1.0482529118136439,2.545757071547421,0.1497504159733777,0.34941763727121466,7.779793054168044,3.279793054168044,72.8842900926232
118689,Leonardo Spinazzola,1519,1,1,0.0592495062541145,0.0592495062541145,2025-06-17,3500000.0,1993-03-25,Defender,SSC Napoli,IT1,32.26557152635181,3.5,leonardo spinazzola,1993,1993.0,Defender,0.8,3.5,83,88,81,12,SSC Napoli,Serie A,0.04739960500329164,0.2073732718894009,4.917709019091507,5.21395655036208,4.799210006583278,0.7109940750493746,6.7510514430014394,3.2510514430014394,92.88718408575541
412660,Keinan Davis,1062,2,1,0.1694915254237288,0.0847457627118644,2025-06-17,3400000.0,1998-02-13,Attack,Udinese Calcio,IT1,27.37577002053388,3.4,keinan davis,1998,1998.0,Attack,2.9,2.1,26,22,77,29,Udinese Calcio,Serie A,0.24576271186440676,0.17796610169491525,2.2033898305084745,1.864406779661017,6.525423728813559,2.457627118644068,6.639604411329413,3.2396044113294127,95.2824826861592
197473,Alberto Grassi,2216,1,1,0.0406137184115523,0.0406137184115523,2025-06-17,1800000.0,1995-03-07,Midfield,US Cremonese,IT1,30.316221765913756,1.8,alberto grassi,1995,1995.0,Midfield,1.0,0.8,18,74,24,11,US Cremonese,Serie A,0.04061371841155235,0.03249097472924188,0.7310469314079422,3.0054151624548737,0.9747292418772563,0.44675090252707583,5.033247382247384,3.2332473822473844,179.62485456929912
337092,Tim Siersleben,1182,0,0,0.0,0.0,2025-06-05,2000000.0,2000-03-09,Defender,1. Fußballclub Heidenheim 1846,L1,25.308692676249144,2.0,tim siersleben,2000,2000.0,Defender,0.6,0.5,8,31,12,4,1. Fußballclub Heidenheim 1846,Bundesliga,0.045685279187817264,0.03807106598984771,0.6091370558375634,2.3604060913705585,0.9137055837563451,0.3045685279187817,5.225905205905207,3.2259052059052067,161.29526029526033
555500,Jorge Herrando,1364,1,0,0.0659824046920821,0.0,2025-06-09,4000000.0,2001-02-28,Defender,CA Osasuna,ES1,24.33401779603012,4.0,jorge herrando,2001,2001.0,Defender,1.2,0.0,7,38,1,12,CA Osasuna,La Liga,0.07917888563049853,0.0,0.46187683284457476,2.5073313782991202,0.06598240469208211,0.7917888563049854,7.212219662744658,3.2122196627446584,80.30549156861646
315779,Christian Pulisic,2492,11,11,0.3972712680577849,0.3972712680577849,2025-06-17,50000000.0,1998-09-18,Attack,AC Milan,IT1,26.781656399726216,50.0,christian pulisic,1998,1998.0,Attack,12.0,6.4,121,105,191,53,AC Milan,Serie A,0.4333868378812199,0.23113964686998395,4.3699839486356336,3.792134831460674,6.898073836276083,1.9141252006420546,53.18766173641172,3.1876617364117195,6.37532347282344
910905,Mamadou Sarr,2368,0,1,0.0,0.0380067567567567,2025-06-03,20000000.0,2005-08-29,Defender,Chelsea FC,GB1,19.835728952772072,20.0,mamadou sarr,2005,2005.0,Defender,0.8,0.3,7,52,1,5,Chelsea FC,Premier League,0.030405405405405407,0.011402027027027029,0.2660472972972973,1.9763513513513515,0.03800675675675676,0.1900337837837838,23.183788251563257,3.183788251563257,15.918941257816286
337333,Alex Král,2711,0,1,0.0,0.0331980818886019,2025-06-09,6000000.0,1998-05-19,Midfield,1.FC Union Berlin,L1,27.11567419575633,6.0,alex kral,1998,1998.0,Midfield,1.5,1.5,49,78,79,21,1.FC Union Berlin,Bundesliga,0.04979712283290298,0.04979712283290298,1.6267060125414976,2.589450387310955,2.6226484691995573,0.6971597196606418,9.170181986531983,3.1701819865319827,52.83636644219971
691892,Nathaniel Brown,1952,3,7,0.1383196721311475,0.3227459016393442,2025-06-05,22000000.0,2003-06-16,Defender,Eintracht Frankfurt,L1,22.039698836413415,22.0,nathaniel brown,2003,2003.0,Defender,2.2,5.1,45,63,119,13,Eintracht Frankfurt,Bundesliga,0.1014344262295082,0.23514344262295078,2.0747950819672134,2.9047131147540983,5.486680327868853,0.5993852459016393,25.161440300440304,3.1614403004403044,14.370183183819565
142021,Sergi Darder,2763,2,6,0.0651465798045602,0.1954397394136807,2025-06-09,4000000.0,1993-12-22,Midfield,RCD Mallorca,ES1,31.520876112251884,4.0,sergi darder,1993,1993.0,Midfield,2.1,3.7,37,142,83,36,RCD Mallorca,La Liga,0.06840390879478828,0.12052117263843648,1.205211726384365,4.625407166123779,2.7035830618892507,1.1726384364820848,7.149587409812407,3.1495874098124066,78.73968524531017
452477,Junior Adamu,1554,2,2,0.1158301158301158,0.1158301158301158,2025-06-05,5000000.0,2001-06-06,Attack,SC Freiburg,L1,24.06570841889117,5.0,junior adamu,2001,2001.0,Attack,5.5,2.4,8,14,84,36,SC Freiburg,Bundesliga,0.31853281853281856,0.138996138996139,0.4633204633204633,0.8108108108108109,4.864864864864865,2.0849420849420848,8.142267454767456,3.142267454767456,62.84534909534912
705395,Gerard Martín,1028,1,3,0.0875486381322957,0.2626459143968871,2025-06-09,12000000.0,2002-02-26,Defender,FC Barcelona,ES1,23.34017796030116,12.0,gerard martin,2002,2002.0,Defender,0.5,1.1,10,40,122,7,FC Barcelona,La Liga,0.04377431906614786,0.0963035019455253,0.8754863813229572,3.501945525291829,10.680933852140077,0.6128404669260701,15.136667809042798,3.136667809042798,26.138898408689986
290017,Hassane Kamara,2007,1,4,0.0448430493273542,0.179372197309417,2025-06-17,3500000.0,1994-03-05,Defender,Udinese Calcio,IT1,31.32101300479124,3.5,hassane kamara,1994,1994.0,Defender,0.9,2.7,52,61,103,17,Udinese Calcio,Serie A,0.04035874439461883,0.1210762331838565,2.3318385650224216,2.7354260089686098,4.618834080717488,0.7623318385650224,6.616923273948275,3.1169232739482746,89.05495068423642
195778,Alexander Nübel,3060,0,1,0.0,0.0294117647058823,2025-06-05,12000000.0,1996-09-30,Goalkeeper,VfB Stuttgart,L1,28.747433264887064,12.0,alexander nubel,1996,1996.0,Goalkeeper,0.0,0.3,0,0,0,0,VfB Stuttgart,Bundesliga,0.0,0.008823529411764706,0.0,0.0,0.0,0.0,15.114114850889848,3.114114850889848,25.950957090748734
278359,Borja Iglesias,1964,11,3,0.5040733197556008,0.1374745417515274,2025-06-09,3000000.0,1993-01-17,Attack,Celta de Vigo,ES1,32.44900752908966,3.0,borja iglesias,1993,1993.0,Attack,9.3,3.2,22,28,108,46,Celta de Vigo,La Liga,0.4261710794297353,0.14663951120162932,1.0081466395112015,1.2830957230142568,4.94908350305499,2.107942973523422,6.105028018278016,3.1050280182780163,103.50093394260054
355627,Sergio Akieme,2527,2,3,0.0712307083498219,0.1068460625247328,2024-06-03,7000000.0,1997-12-16,Defender,Stade Reims,FR1,27.53730321697467,7.0,sergio akieme,1997,1997.0,Defender,1.5,2.5,55,86,97,26,Stade Reims,Ligue 1,0.053423031262366444,0.0890383854372774,1.958844479620103,3.0629204590423424,3.4546893549663635,0.9259992085476849,10.096438756613752,3.096438756613752,44.23483938019646
255508,Iñaki Williams,2653,6,8,0.2035431586882774,0.2713908782510366,2025-06-09,15000000.0,1994-06-15,Attack,Athletic Bilbao,ES1,31.041752224503764,15.0,inaki williams,1994,1994.0,Attack,7.6,7.8,107,76,302,63,Athletic Bilbao,La Liga,0.2578213343384847,0.26460610629476067,3.6298529966076143,2.5782133433848475,10.24500565397663,2.1372031662269126,18.095884439634453,3.095884439634453,20.639229597563023
142031,Omar Mascarell,1990,1,0,0.0452261306532663,0.0,2025-06-09,900000.0,1993-02-02,Midfield,RCD Mallorca,ES1,32.40520191649555,0.9,omar mascarell,1993,1993.0,Midfield,0.5,0.2,10,75,12,9,RCD Mallorca,La Liga,0.022613065326633167,0.009045226130653266,0.45226130653266333,3.3919597989949746,0.542713567839196,0.40703517587939697,3.967229077404078,3.067229077404078,340.80323082267535
537127,Théo Sainte-Luce,1018,1,0,0.0884086444007858,0.0,2024-06-03,1000000.0,1998-10-20,Defender,Montpellier HSC,FR1,26.694045174537987,1.0,theo sainteluce,1998,1998.0,Defender,1.0,0.8,19,22,33,8,Montpellier HSC,Ligue 1,0.08840864440078584,0.0707269155206287,1.6797642436149314,1.9449901768172888,2.9174852652259333,0.7072691552062867,4.061670643586434,3.0616706435864343,306.1670643586434
243028,Jan Bednarek,2535,2,0,0.0710059171597633,0.0,2025-05-30,9000000.0,1996-04-12,Defender,FC Porto,PO1,29.215605749486652,9.0,jan bednarek,1996,1996.0,Defender,0.7,0.5,5,60,2,5,FC Porto,,0.02485207100591716,0.01775147928994083,0.1775147928994083,2.130177514792899,0.07100591715976332,0.1775147928994083,12.055651467051465,3.055651467051465,33.9516829672385
343463,Cyle Larin,1772,7,2,0.3555304740406321,0.1015801354401805,2025-06-09,3500000.0,1995-04-17,Attack,Feyenoord Rotterdam,NL1,30.203969883641346,3.5,cyle larin,1995,1995.0,Attack,6.9,1.4,20,20,95,38,Feyenoord Rotterdam,,0.3504514672686231,0.07110609480812641,1.0158013544018059,1.0158013544018059,4.8250564334085775,1.930022573363431,6.549957272357272,3.049957272357272,87.14163635306491
789082,Vanderson,2073,1,3,0.0434153400868306,0.130246020260492,2025-06-03,20000000.0,2001-06-21,Defender,AS Monaco,FR1,24.024640657084188,20.0,vanderson,2001,2001.0,Defender,2.2,3.1,57,102,151,21,AS Monaco,Ligue 1,0.0955137481910275,0.1345875542691751,2.4746743849493487,4.428364688856729,6.555716353111432,0.9117221418234442,23.039134499759488,3.039134499759488,15.195672498797439
401320,Dara O'Shea,3123,0,2,0.0,0.0576368876080691,2025-05-30,14000000.0,1999-03-04,Defender,Ipswich Town,GB1,26.324435318275153,14.0,dara oshea,1999,1999.0,Defender,1.3,0.5,3,80,8,22,Ipswich Town,Premier League,0.037463976945244955,0.01440922190201729,0.08645533141210375,2.3054755043227666,0.23054755043227665,0.6340057636887608,17.03811273726274,3.0381127372627397,21.700805266162426
322655,Flavius Daniliuc,1003,0,0,0.0,0.0,2025-06-17,2700000.0,2001-04-27,Defender,FC Basel 1893,C1,24.175222450376456,2.7,flavius daniliuc,2001,2001.0,Defender,0.1,0.1,8,38,8,3,FC Basel 1893,,0.00897308075772682,0.00897308075772682,0.7178464606181455,3.409770687936191,0.7178464606181455,0.2691924227318046,5.7326441077441075,3.0326441077441073,112.32015213867064
139304,Karol Mets,900,0,0,0.0,0.0,2025-06-05,1300000.0,1993-05-16,Defender,FC St. Pauli,L1,32.12320328542094,1.3,karol mets,1993,1993.0,Defender,0.1,0.2,5,54,2,3,FC St. Pauli,Bundesliga,0.01,0.02,0.5,5.3999999999999995,0.2,0.30000000000000004,4.330974182299181,3.0309741822991816,233.1518601768601
578539,Chris Richards,1925,1,0,0.0467532467532467,0.0,2025-05-30,14000000.0,2000-03-28,Defender,Crystal Palace,GB1,25.25667351129363,14.0,chris richards,2000,2000.0,Defender,1.4,0.1,6,39,2,12,Crystal Palace,Premier League,0.06545454545454545,0.004675324675324675,0.2805194805194805,1.8233766233766233,0.09350649350649351,0.561038961038961,17.017756737706748,3.0177567377067476,21.55540526933391
226524,Morten Thorsby,1903,0,1,0.0,0.047293746715712,2025-06-17,3000000.0,1996-05-05,Midfield,US Cremonese,IT1,29.152635181382617,3.0,morten thorsby,1996,1996.0,Midfield,2.8,2.1,24,58,76,15,US Cremonese,Serie A,0.13242249080399368,0.09931686810299527,1.1350499211770888,2.743037309511298,3.5943247503941143,0.7094062007356804,6.012497330447328,3.012497330447328,100.41657768157759
118284,Jordan Ferri,1781,0,2,0.0,0.1010668163952835,2025-06-03,2000000.0,1992-03-12,Midfield,Montpellier HSC,FR1,33.30047912388775,2.0,jordan ferri,1992,1992.0,Midfield,0.4,0.9,19,137,42,14,Montpellier HSC,Ligue 1,0.020213363279056713,0.045480067377877596,0.9601347557551937,6.923076923076923,2.1224031443009546,0.7074677147669848,4.9962869787619795,2.9962869787619795,149.814348938099
586853,Vitinha,1334,2,3,0.1349325337331334,0.2023988005997001,2025-06-17,8000000.0,2000-03-15,Attack,Genoa CFC,IT1,25.29226557152635,8.0,vitinha,2000,2000.0,Attack,1.6,3.3,38,19,71,33,Genoa CFC,Serie A,0.10794602698650677,0.22263868065967016,2.5637181409295353,1.2818590704647677,4.7901049475262365,2.2263868065967016,10.990897426647418,2.990897426647418,37.38621783309273
134270,Dan Burn,3330,1,1,0.027027027027027,0.027027027027027,2025-05-30,6000000.0,1992-05-09,Defender,Newcastle United,GB1,33.14168377823409,6.0,dan burn,1992,1992.0,Defender,2.0,0.9,12,75,14,23,Newcastle United,Premier League,0.05405405405405405,0.024324324324324326,0.32432432432432434,2.0270270270270268,0.3783783783783784,0.6216216216216216,8.959663988788991,2.959663988788991,49.32773314648318
672803,Bertuğ Yıldırım,1087,1,0,0.0827966881324747,0.0,2025-06-09,2000000.0,2002-07-12,Attack,Stade Rennais FC,FR1,22.967830253251197,2.0,bertug yldrm,2002,2002.0,Attack,2.5,1.2,8,14,48,19,Stade Rennais FC,Ligue 1,0.20699172033118673,0.09935602575896964,0.6623735050597976,1.1591536338546458,3.974241030358786,1.5731370745170195,4.957579053354051,2.957579053354051,147.87895266770255
133731,Patrick Mainka,3060,1,1,0.0294117647058823,0.0294117647058823,2025-06-05,3000000.0,1994-11-06,Defender,1. Fußballclub Heidenheim 1846,L1,30.647501711156742,3.0,patrick mainka,1994,1994.0,Defender,1.9,0.3,21,102,12,25,1. Fußballclub Heidenheim 1846,Bundesliga,0.05588235294117647,0.008823529411764706,0.6176470588235294,3.0,0.3529411764705882,0.7352941176470589,5.952769520294522,2.952769520294522,98.42565067648407
143559,Matija Nastasić,2112,1,0,0.0426136363636363,0.0,2024-06-07,1500000.0,1993-03-28,Defender,CD Leganés,ES1,32.257357973990416,1.5,matija nastasic,1993,1993.0,Defender,0.1,0.1,1,59,0,2,CD Leganés,La Liga,0.004261363636363636,0.004261363636363636,0.04261363636363637,2.5142045454545454,0.0,0.08522727272727273,4.430859999259999,2.930859999259999,195.39066661733327
569387,Valentin Gendrey,1596,1,2,0.056390977443609,0.112781954887218,2025-06-05,7000000.0,2000-06-21,Defender,TSG 1899 Hoffenheim,L1,25.02395619438741,7.0,valentin gendrey,2000,2000.0,Defender,1.3,1.9,31,54,90,12,TSG 1899 Hoffenheim,Bundesliga,0.07330827067669173,0.10714285714285714,1.7481203007518795,3.045112781954887,5.075187969924812,0.6766917293233082,9.925909530284533,2.9259095302845335,41.79870757549334
454863,András Schäfer,1537,1,1,0.0585556278464541,0.0585556278464541,2025-06-05,5000000.0,1999-04-13,Midfield,1.FC Union Berlin,L1,26.21492128678987,5.0,andras schafer,1999,1999.0,Midfield,0.6,0.9,23,55,42,12,1.FC Union Berlin,Bundesliga,0.03513337670787248,0.05270006506180872,1.346779440468445,3.2205595315549775,2.4593363695510733,0.7026675341574495,7.918510108410107,2.918510108410107,58.37020216820215
517753,Óscar Valentín,1829,0,0,0.0,0.0,2025-06-09,2500000.0,1994-08-20,Midfield,Rayo Vallecano,ES1,30.86105407255305,2.5,oscar valentin,1994,1994.0,Midfield,0.4,0.9,13,86,8,5,Rayo Vallecano,La Liga,0.019682886823400764,0.04428649535265172,0.6396938217605248,4.231820667031164,0.3936577364680153,0.24603608529250956,5.411417344692339,2.911417344692339,116.45669378769354
243760,Álex Muñoz,1420,3,0,0.1901408450704225,0.0,2025-06-09,1000000.0,1994-07-30,Defender,UD Las Palmas,ES1,30.91854893908282,1.0,alex munoz,1994,1994.0,Defender,0.9,0.5,15,45,53,9,UD Las Palmas,La Liga,0.05704225352112676,0.03169014084507042,0.9507042253521126,2.852112676056338,3.3591549295774645,0.5704225352112676,3.8728457144707136,2.8728457144707136,287.28457144707136
315865,Andrea Pinamonti,2860,10,1,0.3146853146853147,0.0314685314685314,2025-06-17,15000000.0,1999-05-19,Attack,US Sassuolo,IT1,26.116358658453116,15.0,andrea pinamonti,1999,1999.0,Attack,7.7,1.7,20,46,132,78,US Sassuolo,Serie A,0.2423076923076923,0.0534965034965035,0.6293706293706294,1.4475524475524475,4.153846153846154,2.4545454545454546,17.86280245032744,2.8628024503274396,19.085349668849595
342046,Axel Tuanzebe,1717,0,1,0.0,0.052417006406523,2025-05-30,5000000.0,1997-11-14,Defender,Burnley FC,GB1,27.6249144421629,5.0,axel tuanzebe,1997,1997.0,Defender,0.2,0.3,10,61,15,4,Burnley FC,Premier League,0.010483401281304603,0.0157251019219569,0.52417006406523,3.1974373907979032,0.7862550960978452,0.20966802562609202,7.852774711399708,2.852774711399708,57.05549422799416
242631,Alex Iwobi,2998,9,6,0.2701801200800534,0.1801200800533689,2025-05-30,28000000.0,1996-05-03,Attack,Fulham FC,GB1,29.15811088295688,28.0,alex iwobi,1996,1996.0,Attack,4.7,7.0,144,213,246,68,Fulham FC,Premier League,0.1410940627084723,0.21014009339559708,4.322881921280854,6.394262841894596,7.384923282188125,2.0413609072715144,30.847743963443968,2.8477439634439676,10.170514155157028
822959,Tom Bischof,2569,5,2,0.1751654340210198,0.0700661736084079,2025-06-05,30000000.0,2005-06-28,Midfield,Bayern Munich,L1,20.005475701574262,30.0,tom bischof,2005,2005.0,Midfield,2.2,3.6,47,138,102,51,Bayern Munich,Bundesliga,0.07707279096924874,0.1261191124951343,1.6465550797975865,4.834565978980148,3.573374854028805,1.7866874270144024,32.84286320346322,2.8428632034632173,9.476210678210723
532937,Johan Vásquez,3041,3,0,0.0887865833607366,0.0,2025-06-17,14000000.0,1998-10-22,Defender,Genoa CFC,IT1,26.688569472963724,14.0,johan vasquez,1998,1998.0,Defender,2.4,0.3,37,96,12,36,Genoa CFC,Serie A,0.07102926668858928,0.00887865833607366,1.0950345281157514,2.841170667543571,0.3551463334429464,1.0654390003288392,16.83855463610464,2.8385546361046394,20.275390257890283
124410,Rani Khedira,2727,1,1,0.033003300330033,0.033003300330033,2025-06-05,2500000.0,1994-01-27,Midfield,1.FC Union Berlin,L1,31.42231348391513,2.5,rani khedira,1994,1994.0,Midfield,1.4,0.6,12,80,34,14,1.FC Union Berlin,Bundesliga,0.046204620462046195,0.019801980198019802,0.396039603960396,2.6402640264026402,1.1221122112211221,0.46204620462046203,5.336897621822622,2.8368976218226223,113.47590487290489
249089,Lewis Cook,2978,1,3,0.0302216252518468,0.0906648757555406,2025-05-30,15000000.0,1997-02-03,Midfield,AFC Bournemouth,GB1,28.40246406570842,15.0,lewis cook,1997,1997.0,Midfield,0.9,4.1,33,158,52,14,AFC Bournemouth,Premier League,0.02719946272666219,0.12390866353257218,0.9973136333109469,4.775016789791806,1.5715245130960378,0.4231027535258563,17.823361435786445,2.8233614357864454,18.822409571909635
163744,Jack Stephens,1394,1,0,0.0645624103299856,0.0,2025-05-30,1500000.0,1994-01-27,Defender,Southampton FC,GB1,31.42231348391513,1.5,jack stephens,1994,1994.0,Defender,0.6,0.2,14,63,2,4,Southampton FC,Premier League,0.03873744619799139,0.01291248206599713,0.9038737446197991,4.067431850789096,0.1291248206599713,0.2582496413199426,4.315634546009544,2.8156345460095444,187.7089697339696
895334,Yarek Gasiorowski,946,0,0,0.0,0.0,2025-06-09,7500000.0,2005-01-12,Defender,PSV Eindhoven,NL1,20.46269678302533,7.5,yarek gasiorowski,2005,2005.0,Defender,1.1,0.1,9,38,0,3,PSV Eindhoven,,0.1046511627906977,0.009513742071881607,0.8562367864693446,3.61522198731501,0.0,0.2854122621564482,10.281275962000965,2.781275962000965,37.0836794933462
780630,Willy Kambwala,1114,0,0,0.0,0.0,2025-06-09,4000000.0,2004-08-25,Defender,Villarreal CF,ES1,20.84599589322382,4.0,willy kambwala,2004,2004.0,Defender,0.3,0.1,2,16,0,4,Villarreal CF,La Liga,0.02423698384201077,0.008078994614003592,0.16157989228007183,1.2926391382405746,0.0,0.32315978456014366,6.780279052429049,2.780279052429049,69.50697631072622
461019,Samuele Birindelli,1476,3,0,0.1829268292682927,0.0,2025-06-17,2800000.0,1999-07-19,Defender,AC Monza,IT1,25.949349760438057,2.8,samuele birindelli,1999,1999.0,Defender,2.1,1.4,40,35,100,16,AC Monza,Serie A,0.12804878048780488,0.08536585365853658,2.4390243902439024,2.1341463414634148,6.097560975609755,0.975609756097561,5.576663805638803,2.776663805638803,99.1665644871001
488626,Jesús Areso,3089,0,3,0.0,0.0874069278083522,2025-06-09,12000000.0,1999-07-02,Defender,Athletic Bilbao,ES1,25.9958932238193,12.0,jesus areso,1999,1999.0,Defender,0.2,3.5,101,106,203,8,Athletic Bilbao,La Liga,0.005827128520556815,0.10197474910974426,2.9426999028811913,3.088378115895112,5.914535448365166,0.23308514082227258,14.769151672401671,2.769151672401671,23.076263936680594
234523,Antonio Sanabria,1319,2,1,0.136467020470053,0.0682335102350265,2025-06-17,2800000.0,1996-03-04,Attack,US Cremonese,IT1,29.322381930184804,2.8,antonio sanabria,1996,1996.0,Attack,2.9,0.5,6,18,54,18,US Cremonese,Serie A,0.19787717968157698,0.03411675511751327,0.4094010614101592,1.2282031842304777,3.6846095526914326,1.2282031842304777,5.552577304177304,2.7525773041773043,98.30633229204658
228444,Ridgeciano Haps,1368,1,1,0.0657894736842105,0.0657894736842105,2024-06-05,900000.0,1993-06-12,Defender,Venezia FC,IT1,32.049281314168375,0.9,ridgeciano haps,1993,1993.0,Defender,1.2,0.7,26,52,47,15,Venezia FC,Serie A,0.07894736842105263,0.04605263157894736,1.7105263157894737,3.4210526315789473,3.0921052631578947,0.9868421052631579,3.6225522348022348,2.722552234802235,302.50580386691496
187097,Budu Zivzivadze,955,2,2,0.1884816753926702,0.1884816753926702,2025-06-05,2000000.0,1994-03-10,Attack,1. Fußballclub Heidenheim 1846,L1,31.307323750855577,2.0,budu zivzivadze,1994,1994.0,Attack,1.7,1.5,11,20,43,22,1. Fußballclub Heidenheim 1846,Bundesliga,0.16020942408376962,0.14136125654450263,1.0366492146596857,1.8848167539267018,4.052356020942408,2.0732984293193715,4.719508136308136,2.7195081363081357,135.97540681540679
248999,Lucas Höler,1869,6,3,0.2889245585874799,0.1444622792937399,2025-06-05,3000000.0,1994-07-10,Attack,SC Freiburg,L1,30.973305954825463,3.0,lucas holer,1994,1994.0,Attack,7.7,2.9,21,47,122,34,SC Freiburg,Bundesliga,0.3707865168539326,0.13964686998394865,1.0112359550561798,2.2632423756019264,5.874799357945426,1.6372391653290528,5.719422414622416,2.719422414622416,90.6474138207472
235931,Alessandro Deiola,1429,2,1,0.125962211336599,0.0629811056682995,2025-06-17,1600000.0,1995-08-01,Midfield,Cagliari Calcio,IT1,29.913757700205338,1.6,alessandro deiola,1995,1995.0,Midfield,1.7,0.6,11,40,36,18,Cagliari Calcio,Serie A,0.10706787963610916,0.03778866340097971,0.6927921623512946,2.5192442267319803,2.2673198040587823,1.1336599020293912,4.303517760017761,2.703517760017761,168.96986000111005
205938,Mario Pašalić,1970,3,4,0.1370558375634517,0.182741116751269,2025-06-17,10000000.0,1995-02-09,Midfield,Atalanta BC,IT1,30.38740588637919,10.0,mario pasalic,1995,1995.0,Midfield,6.6,3.3,44,149,68,45,Atalanta BC,Serie A,0.3015228426395939,0.15076142131979695,2.010152284263959,6.807106598984771,3.1065989847715736,2.0558375634517767,12.690845023495024,2.690845023495024,26.908450234950244
421637,Frank Onyeka,2620,0,1,0.0,0.0343511450381679,2025-06-05,7000000.0,1998-01-01,Midfield,Brentford FC,GB1,27.49349760438056,7.0,frank onyeka,1998,1998.0,Midfield,1.4,1.3,46,107,71,24,Brentford FC,Premier League,0.04809160305343511,0.044656488549618324,1.5801526717557253,3.6755725190839694,2.4389312977099236,0.8244274809160306,9.681442664742663,2.6814426647426632,38.30632378203805
286949,Adam Masina,1918,1,3,0.0469238790406673,0.140771637122002,2025-06-17,1500000.0,1994-01-02,Defender,Torino FC,IT1,31.49075975359343,1.5,adam masina,1994,1994.0,Defender,0.7,0.3,15,73,10,8,Torino FC,Serie A,0.03284671532846715,0.014077163712200207,0.7038581856100105,3.425443169968718,0.4692387904066736,0.3753910323253389,4.1657787425537425,2.6657787425537425,177.71858283691617
537382,Bryan Gil,1734,3,3,0.1557093425605536,0.1557093425605536,2025-06-09,15000000.0,2001-02-11,Attack,Girona FC,ES1,24.38056125941136,15.0,bryan gil,2001,2001.0,Attack,2.3,2.9,76,74,210,32,Girona FC,La Liga,0.11937716262975777,0.15051903114186851,3.9446366782006925,3.8408304498269894,10.899653979238755,1.6608996539792389,17.65740784585784,2.65740784585784,17.716052305718932
340376,Abel Ruiz,1358,4,0,0.2650957290132548,0.0,2025-06-09,4000000.0,2000-01-28,Attack,Girona FC,ES1,25.42094455852156,4.0,abel ruiz,2000,2000.0,Attack,4.6,0.5,21,23,71,21,Girona FC,La Liga,0.304860088365243,0.03313696612665685,1.3917525773195876,1.524300441826215,4.705449189985273,1.3917525773195876,6.633554760979762,2.633554760979762,65.83886902449404
255838,Patrick Ciurria,1107,1,1,0.08130081300813,0.08130081300813,2025-06-17,1500000.0,1995-02-09,Midfield,AC Monza,IT1,30.38740588637919,1.5,patrick ciurria,1995,1995.0,Midfield,0.8,2.3,19,27,52,11,AC Monza,Serie A,0.06504065040650407,0.18699186991869915,1.5447154471544715,2.1951219512195124,4.227642276422764,0.8943089430894309,4.1271309403559435,2.6271309403559435,175.14206269039622
290537,Jean Butez,1665,0,0,0.0,0.0,2025-06-17,3500000.0,1995-06-08,Goalkeeper,Como 1907,IT1,30.06160164271047,3.5,jean butez,1995,1995.0,Goalkeeper,0.0,0.0,0,1,0,0,Como 1907,Serie A,0.0,0.0,0.0,0.05405405405405405,0.0,0.0,6.111823152773157,2.611823152773157,74.62351865066162
277137,Renato Tapia,2428,1,0,0.0370675453047775,0.0,2025-06-09,2000000.0,1995-07-28,Midfield,,,29.924709103353862,2.0,renato tapia,1995,1995.0,Midfield,0.6,0.4,17,83,20,14,,,0.022240527182866558,0.01482701812191104,0.6301482701812191,3.0766062602965403,0.7413509060955519,0.5189456342668863,4.611460197210195,2.611460197210195,130.57300986050976
787151,Lukas Ullrich,1918,1,2,0.0469238790406673,0.0938477580813347,2025-06-05,8000000.0,2004-03-16,Defender,Borussia Mönchengladbach,L1,21.28952772073922,8.0,lukas ullrich,2004,2004.0,Defender,0.9,1.8,31,39,71,8,Borussia Mönchengladbach,Bundesliga,0.04223149113660062,0.08446298227320125,1.4546402502606883,1.830031282586027,3.331595411887383,0.3753910323253389,10.607249013949012,2.607249013949012,32.59061267436265
284732,Ramy Bensebaini,2023,1,6,0.0444883835887296,0.2669303015323777,2025-06-05,7000000.0,1995-04-16,Defender,Borussia Dortmund,L1,30.206707734428473,7.0,ramy bensebaini,1995,1995.0,Defender,1.3,3.2,26,128,58,20,Borussia Dortmund,Bundesliga,0.057834898665348494,0.14236282748393475,1.1566979733069698,5.69451309935739,2.5803262481463176,0.8897676717745923,9.59815962833463,2.5981596283346295,37.116566119066135
111038,Dennis Appiah,2126,0,1,0.0,0.0423330197554092,2025-06-03,800000.0,1992-06-09,Defender,AS Saint-Étienne,FR1,33.05681040383299,0.8,dennis appiah,1992,1992.0,Defender,0.2,2.1,51,108,110,5,AS Saint-Étienne,Ligue 1,0.008466603951081843,0.08889934148635936,2.15898400752587,4.571966133584196,4.656632173095014,0.2116650987770461,3.3900840548340585,2.5900840548340582,323.7605068542573
245744,Takuma Asano,1059,2,1,0.1699716713881019,0.0849858356940509,2025-06-09,2500000.0,1994-11-10,Attack,RCD Mallorca,ES1,30.636550308008218,2.5,takuma asano,1994,1994.0,Attack,2.7,0.7,28,20,76,28,RCD Mallorca,La Liga,0.22946175637393768,0.059490084985835696,2.3796033994334276,1.6997167138810199,6.458923512747875,2.3796033994334276,5.087745455470453,2.5877454554704533,103.50981821881813
358115,Luis Pérez,2558,0,0,0.0,0.0,2025-06-09,1400000.0,1995-02-04,Defender,Gaziantep FK,TR1,30.401095140314855,1.4,luis perez,1995,1995.0,Defender,0.2,2.1,41,89,117,5,Gaziantep FK,,0.007036747458952307,0.07388584831899922,1.4425332290852229,3.131352619233777,4.1164972634870995,0.17591868647380765,3.9829677970177984,2.5829677970177984,184.49769978698563
238266,Duje Caleta-Car,1585,1,0,0.056782334384858,0.0,2025-06-03,7000000.0,1996-09-17,Defender,Real Sociedad,ES1,28.78302532511978,7.0,duje caletacar,1996,1996.0,Defender,2.1,0.1,4,46,0,11,Real Sociedad,La Liga,0.11924290220820191,0.0056782334384858045,0.22712933753943218,2.61198738170347,0.0,0.6246056782334385,9.58275548988049,2.5827554898804905,36.89650699829272
379869,Arthur Desmas,1620,0,0,0.0,0.0,2024-06-03,2500000.0,1994-04-07,Goalkeeper,Le Havre AC,FR1,31.23066392881588,2.5,arthur desmas,1994,1994.0,Goalkeeper,0.0,0.0,0,0,0,0,Le Havre AC,Ligue 1,0.0,0.0,0.0,0.0,0.0,0.0,5.078018331668332,2.578018331668332,103.12073326673328
32113,Armando Izzo,2439,1,1,0.03690036900369,0.03690036900369,2025-06-17,1500000.0,1992-03-02,Defender,AC Monza,IT1,33.327857631759066,1.5,armando izzo,1992,1992.0,Defender,0.4,0.8,12,72,12,6,AC Monza,Serie A,0.014760147601476014,0.02952029520295203,0.44280442804428044,2.6568265682656826,0.44280442804428044,0.22140221402214022,4.065096864246864,2.565096864246864,171.0064576164576
126557,Jonathan Gradit,2116,0,0,0.0,0.0,2025-06-03,4000000.0,1992-11-24,Defender,RC Lens,FR1,32.596851471594796,4.0,jonathan gradit,1992,1992.0,Defender,0.8,0.7,18,127,4,16,RC Lens,Ligue 1,0.034026465028355386,0.02977315689981096,0.7655954631379962,5.401701323251418,0.17013232514177695,0.6805293005671078,6.552605066230066,2.5526050662300657,63.81512665575164
429983,Jørgen Strand Larsen,2603,14,4,0.4840568574721475,0.1383019592777564,2025-05-30,30000000.0,2000-02-06,Attack,Wolverhampton Wanderers,GB1,25.39630390143737,30.0,jrgen strand larsen,2000,2000.0,Attack,10.3,3.0,17,29,112,54,Wolverhampton Wanderers,Premier League,0.3561275451402229,0.10372646945831732,0.5877833269304649,1.0026892047637341,3.8724548597771804,1.867076450249712,32.550542550042536,2.550542550042536,8.501808500141788
221025,André Gomes,1281,0,0,0.0,0.0,2025-06-03,6000000.0,1993-07-30,Midfield,LOSC Lille,FR1,31.917864476386036,6.0,andre gomes,1993,1993.0,Midfield,0.5,0.7,18,101,28,11,LOSC Lille,Ligue 1,0.0351288056206089,0.04918032786885246,1.2646370023419204,7.096018735362998,1.9672131147540983,0.7728337236533959,8.542343657268663,2.5423436572686633,42.372394287811055
354352,Frédéric Guilbert,2450,0,1,0.0,0.036734693877551,2025-06-17,2500000.0,1994-12-24,Defender,FC Nantes,FR1,30.5160848733744,2.5,frederic guilbert,1994,1994.0,Defender,0.3,1.8,48,88,45,11,FC Nantes,Ligue 1,0.011020408163265306,0.06612244897959184,1.7632653061224488,3.23265306122449,1.653061224489796,0.40408163265306124,5.03739884004884,2.53739884004884,101.4959536019536
525299,Miguel Gutiérrez,2464,1,5,0.036525974025974,0.1826298701298701,2025-06-09,20000000.0,2001-07-27,Defender,SSC Napoli,IT1,23.926078028747433,20.0,miguel gutierrez,2001,2001.0,Defender,1.6,4.1,63,103,199,28,SSC Napoli,Serie A,0.05844155844155844,0.1497564935064935,2.3011363636363638,3.7621753246753245,7.268668831168831,1.0227272727272727,22.53513547378547,2.53513547378547,12.67567736892735
117674,Maximilian Arnold,2359,3,5,0.1144552776600254,0.1907587961000423,2025-06-05,5000000.0,1994-05-27,Midfield,VfL Wolfsburg,L1,31.09377138945927,5.0,maximilian arnold,1994,1994.0,Midfield,0.9,3.5,9,128,16,27,VfL Wolfsburg,Bundesliga,0.034336583298007636,0.13353115727002968,0.3433658329800763,4.883425180161085,0.6104281475201356,1.030097498940229,7.524526996151999,2.524526996151999,50.490539923039975
358504,Ritsu Doan,2874,10,8,0.313152400835073,0.2505219206680584,2025-06-05,25000000.0,1998-06-16,Attack,Eintracht Frankfurt,L1,27.039014373716633,25.0,ritsu doan,1998,1998.0,Attack,6.6,3.7,64,130,178,61,Eintracht Frankfurt,Bundesliga,0.2066805845511482,0.11586638830897704,2.0041753653444676,4.07098121085595,5.5741127348643005,1.9102296450939455,27.515086701261698,2.5150867012616978,10.060346805046791
247915,Jonas Omlin,979,0,0,0.0,0.0,2025-06-05,2500000.0,1994-01-10,Goalkeeper,Bayer 04 Leverkusen,L1,31.468856947296377,2.5,jonas omlin,1994,1994.0,Goalkeeper,0.0,0.0,0,0,0,0,Bayer 04 Leverkusen,Bundesliga,0.0,0.0,0.0,0.0,0.0,0.0,5.012281406556403,2.5122814065564034,100.49125626225614
225873,Karol Linetty,1544,1,1,0.0582901554404145,0.0582901554404145,2025-06-17,1800000.0,1995-02-02,Midfield,Kocaelispor,TR1,30.406570841889117,1.8,karol linetty,1995,1995.0,Midfield,1.1,0.9,18,47,19,17,Kocaelispor,,0.06411917098445596,0.05246113989637306,1.049222797927461,2.739637305699482,1.1075129533678756,0.9909326424870466,4.301635281385281,2.5016352813852816,138.97973785473786
503991,Yunus Musah,1574,0,2,0.0,0.1143583227445997,2025-06-17,20000000.0,2002-11-29,Midfield,AC Milan,IT1,22.584531143052704,20.0,yunus musah,2002,2002.0,Midfield,1.9,1.8,51,84,74,22,AC Milan,Serie A,0.10864040660736976,0.10292249047013977,2.9161372299872936,4.803049555273189,4.231257941550191,1.2579415501905973,22.49539693362194,2.49539693362194,12.4769846681097
300168,Mikel Vesga,981,0,0,0.0,0.0,2025-06-09,2500000.0,1993-04-08,Midfield,Athletic Bilbao,ES1,32.22724161533196,2.5,mikel vesga,1993,1993.0,Midfield,1.2,1.0,10,64,22,5,Athletic Bilbao,La Liga,0.11009174311926605,0.09174311926605505,0.9174311926605505,5.871559633027523,2.018348623853211,0.45871559633027525,4.981389766714764,2.4813897667147637,99.25559066859056
166683,Mamadou Sylla,1583,5,1,0.2842703727100442,0.0568540745420088,2025-06-09,1200000.0,1994-03-20,Attack,Al-Riyadh Saudi Club,SA1,31.279945242984255,1.2,mamadou sylla,1994,1994.0,Attack,5.1,1.7,15,22,52,18,Al-Riyadh Saudi Club,,0.28995578016424506,0.09665192672141504,0.8528111181301328,1.2507896399241945,2.9564118761844598,1.0233733417561592,3.6640294344544335,2.4640294344544333,205.33578620453613
220878,Issiaga Sylla,1133,1,0,0.0794351279788173,0.0,2025-06-03,1500000.0,1994-01-01,Defender,A.G.S Asteras Tripolis,GR1,31.49349760438056,1.5,issiaga sylla,1994,1994.0,Defender,1.8,0.6,33,53,46,11,A.G.S Asteras Tripolis,,0.14298323036187113,0.04766107678729038,2.621359223300971,4.210061782877316,3.654015887025596,0.8737864077669902,3.922627262552263,2.422627262552263,161.50848417015087
199248,Bryan Cristante,2047,4,3,0.175867122618466,0.1319003419638495,2025-06-17,7000000.0,1995-03-03,Midfield,Associazione Sportiva Roma,IT1,30.327173169062284,7.0,bryan cristante,1995,1995.0,Midfield,2.1,1.4,25,145,41,30,Associazione Sportiva Roma,Serie A,0.09233023937469467,0.06155349291646311,1.0991695163654127,6.375183194919394,1.8026380068392769,1.3190034196384954,9.377576406926408,2.3775764069264085,33.96537724180583
161869,Djibril Sidibé,2105,0,3,0.0,0.1282660332541567,2025-06-03,1000000.0,1992-07-29,Defender,FC Toulouse,FR1,32.91991786447639,1.0,djibril sidibe,1992,1992.0,Defender,0.4,2.9,16,121,50,5,FC Toulouse,Ligue 1,0.017102137767220905,0.12399049881235154,0.684085510688836,5.173396674584323,2.137767220902613,0.2137767220902613,3.3754679764679776,2.3754679764679776,237.54679764679776
123551,Sam Morsy,2757,1,1,0.0326441784548422,0.0326441784548422,2025-05-30,500000.0,1991-09-10,Midfield,Ipswich Town,GB1,33.804243668720055,0.5,sam morsy,1991,1991.0,Midfield,0.4,1.2,22,120,13,13,Ipswich Town,Premier League,0.013057671381936888,0.03917301414581066,0.7181719260065289,3.9173014145810665,0.4243743199129488,0.4243743199129488,2.8647389591889603,2.3647389591889603,472.94779183779207
102423,Leandro Cabrera,2870,4,2,0.1254355400696864,0.0627177700348432,2025-06-09,1000000.0,1991-06-17,Defender,RCD Espanyol Barcelona,ES1,34.03696098562629,1.0,leandro cabrera,1991,1991.0,Defender,1.1,0.9,9,69,6,19,RCD Espanyol Barcelona,La Liga,0.03449477351916377,0.028222996515679444,0.28222996515679444,2.1637630662020904,0.18815331010452963,0.5958188153310104,3.3646785954785967,2.3646785954785967,236.46785954785966
272812,Kingsley Ehizibue,2510,0,1,0.0,0.0358565737051792,2025-06-17,2400000.0,1995-05-25,Defender,Udinese Calcio,IT1,30.09993155373032,2.4,kingsley ehizibue,1995,1995.0,Defender,1.2,2.2,54,55,116,14,Udinese Calcio,Serie A,0.043027888446215135,0.07888446215139443,1.9362549800796813,1.9721115537848606,4.159362549800797,0.50199203187251,4.763539440189441,2.363539440189441,98.48081000789338
249730,Guillermo Maripán,2341,1,1,0.0384451089278086,0.0384451089278086,2025-06-17,4000000.0,1994-05-06,Defender,Torino FC,IT1,31.15126625598905,4.0,guillermo maripan,1994,1994.0,Defender,0.9,1.0,14,96,9,12,Torino FC,Serie A,0.03460059803502777,0.03844510892780863,0.5382315249893208,3.6907304570696287,0.3460059803502777,0.4613413071337036,6.361282418044918,2.361282418044918,59.032060451122945
855308,Arthur Atta,1245,0,0,0.0,0.0,2025-06-17,8000000.0,2003-01-14,Midfield,Udinese Calcio,IT1,22.458590006844627,8.0,arthur atta,2003,2003.0,Midfield,1.3,1.4,31,57,77,26,Udinese Calcio,Serie A,0.09397590361445785,0.10120481927710843,2.2409638554216866,4.120481927710843,5.566265060240964,1.8795180722891567,10.360490476190481,2.3604904761904812,29.506130952381014
293194,Borna Sosa,1186,0,0,0.0,0.0,2025-06-17,4500000.0,1998-01-21,Defender,Crystal Palace,GB1,27.43874058863792,4.5,borna sosa,1998,1998.0,Defender,0.3,0.7,13,51,49,4,Crystal Palace,Premier League,0.022765598650927484,0.05311973018549746,0.9865092748735245,3.870151770657673,3.7183811129848228,0.30354131534569984,6.855273322973323,2.355273322973323,52.33940717718496
748382,Amin Sarr,1921,4,1,0.187402394586153,0.0468505986465382,2025-06-17,5000000.0,2001-03-11,Attack,Hellas Verona,IT1,24.303901437371664,5.0,amin sarr,2001,2001.0,Attack,3.2,2.1,31,41,103,23,Hellas Verona,Serie A,0.14992191566892246,0.09838625715773035,1.4523685580426862,1.9208745445080686,4.825611660593441,1.07756376887038,7.336261339586334,2.3362613395863336,46.72522679172667
559979,Abdel Abqar,2467,0,1,0.0,0.0364815565464126,2025-06-09,7500000.0,1999-03-10,Defender,Getafe CF,ES1,26.308008213552363,7.5,abdel abqar,1999,1999.0,Defender,0.9,0.3,16,79,4,12,Getafe CF,La Liga,0.032833400891771385,0.010944466963923793,0.5837049047426024,2.882042967166599,0.1459262261856506,0.4377786785569518,9.832602503052495,2.3326025030524953,31.1013667073666
93604,Lukas Kübler,1849,5,1,0.243374797187669,0.0486749594375338,2025-06-05,1500000.0,1992-08-30,Defender,SC Freiburg,L1,32.832306639288156,1.5,lukas kubler,1992,1992.0,Defender,2.7,0.8,24,78,49,18,SC Freiburg,Bundesliga,0.13142239048134127,0.038939967550027044,1.1681990265008113,3.7966468361276364,2.3850730124391566,0.8761492698756085,3.829149444999447,2.329149444999447,155.27662966662982
552223,Filip Stanković,1368,0,0,0.0,0.0,2025-06-17,6000000.0,2002-02-25,Goalkeeper,Venezia FC,IT1,23.342915811088297,6.0,filip stankovic,2002,2002.0,Goalkeeper,0.0,0.0,0,0,0,0,Venezia FC,Serie A,0.0,0.0,0.0,0.0,0.0,0.0,8.285434006734006,2.2854340067340058,38.0905667789001
505194,Luke Thomas,1113,0,0,0.0,0.0,2025-05-30,6000000.0,2001-06-10,Defender,Leicester City,GB1,24.05475701574264,6.0,luke thomas,2001,2001.0,Defender,0.4,0.5,5,37,16,5,Leicester City,Premier League,0.03234501347708895,0.04043126684636119,0.40431266846361186,2.9919137466307273,1.293800539083558,0.40431266846361186,8.274813213638218,2.274813213638218,37.91355356063697
127202,Matz Sels,3420,0,0,0.0,0.0,2025-05-30,7000000.0,1992-02-26,Goalkeeper,Nottingham Forest,GB1,33.34154688569473,7.0,matz sels,1992,1992.0,Goalkeeper,0.0,0.4,1,2,0,0,Nottingham Forest,Premier League,0.0,0.010526315789473684,0.026315789473684213,0.052631578947368425,0.0,0.0,9.254363780663775,2.254363780663775,32.20519686662536
126737,Juanmi,935,0,0,0.0,0.0,2025-06-09,2000000.0,1993-05-20,Attack,Getafe CF,ES1,32.11225188227242,2.0,juanmi,1993,1993.0,Attack,3.5999999999999996,0.7,10,12,46,19,Getafe CF,La Liga,0.34652406417112297,0.06737967914438503,0.9625668449197861,1.1550802139037433,4.427807486631016,1.8288770053475936,4.2439162994413016,2.2439162994413016,112.19581497206508
138055,Haris Belkebla,1795,0,1,0.0,0.0501392757660167,2025-06-03,2000000.0,1994-01-28,Midfield,Angers SCO,FR1,31.419575633127995,2.0,haris belkebla,1994,1994.0,Midfield,0.1,0.9,8,69,15,3,Angers SCO,Ligue 1,0.005013927576601671,0.04512534818941504,0.4011142061281337,3.4596100278551534,0.7520891364902508,0.15041782729805014,4.2434233826358785,2.2434233826358785,112.17116913179393
448628,Javi Galán,1781,0,3,0.0,0.1516002245929253,2025-06-09,4000000.0,1994-11-19,Defender,CA Osasuna,ES1,30.611909650924023,4.0,javi galan,1994,1994.0,Defender,0.2,3.9,52,54,107,9,CA Osasuna,La Liga,0.010106681639528357,0.1970802919708029,2.627737226277372,2.728804042672656,5.40707467714767,0.454800673778776,6.198774783549782,2.1987747835497817,54.96936958874454
106405,Jeffrey Gouweleeuw,2945,1,4,0.030560271646859,0.1222410865874363,2025-06-05,1500000.0,1991-07-10,Defender,FC Augsburg,L1,33.973990417522245,1.5,jeffrey gouweleeuw,1991,1991.0,Defender,1.7,2.2,24,142,19,17,FC Augsburg,Bundesliga,0.051952461799660433,0.06723259762308999,0.7334465195246179,4.33955857385399,0.5806451612903226,0.5195246179966044,3.696567929292931,2.196567929292931,146.43786195286205
126719,Juan Bernat,907,0,2,0.0,0.1984564498346196,2025-06-09,2000000.0,1993-03-01,Defender,Getafe CF,ES1,32.33127994524298,2.0,juan bernat,1993,1993.0,Defender,0.3,0.4,4,8,23,2,Getafe CF,La Liga,0.02976846747519294,0.03969128996692393,0.39691289966923926,0.7938257993384785,2.2822491730981254,0.19845644983461963,4.195592245717245,2.195592245717245,109.77961228586226
211474,Ali Abdi,1397,5,2,0.3221188260558339,0.1288475304223335,2025-06-03,3000000.0,1993-12-20,Defender,OGC Nice,FR1,31.526351813826142,3.0,ali abdi,1993,1993.0,Defender,4.3,1.9,35,42,101,29,OGC Nice,Ligue 1,0.2770221904080172,0.12240515390121688,2.2548317823908377,2.705798138869005,6.506800286327845,1.8682891911238368,5.18891117123617,2.18891117123617,72.96370570787234
199733,Danilo Cataldi,1740,3,0,0.1551724137931034,0.0,2025-06-17,3500000.0,1994-08-06,Midfield,Società Sportiva Lazio S.p.A.,IT1,30.899383983572896,3.5,danilo cataldi,1994,1994.0,Midfield,1.1,0.8,18,90,16,13,Società Sportiva Lazio S.p.A.,Serie A,0.05689655172413794,0.04137931034482759,0.9310344827586207,4.655172413793103,0.8275862068965517,0.6724137931034483,5.687139430014429,2.1871394300144287,62.489698000412254
436064,Ramon Hendriks,1141,0,1,0.0,0.0788781770376862,2025-06-05,5000000.0,2001-07-18,Defender,VfB Stuttgart,L1,23.95071868583162,5.0,ramon hendriks,2001,2001.0,Defender,0.6,1.0,8,36,22,5,VfB Stuttgart,Bundesliga,0.04732690622261174,0.07887817703768624,0.6310254163014899,2.8396143733567043,1.735319894829097,0.3943908851884312,7.1803844266844274,2.1803844266844274,43.607688533688545
404950,Nicolas Seiwald,2080,0,0,0.0,0.0,2025-06-05,18000000.0,2001-05-04,Midfield,RB Leipzig,L1,24.15605749486653,18.0,nicolas seiwald,2001,2001.0,Midfield,0.2,1.7,17,140,30,5,RB Leipzig,Bundesliga,0.008653846153846154,0.07355769230769231,0.7355769230769231,6.0576923076923075,1.2980769230769231,0.21634615384615385,20.16910139027639,2.1691013902763885,12.05056327931327
196792,Julian Weigl,2888,0,2,0.0,0.0623268698060941,2025-06-05,6000000.0,1995-09-08,Midfield,Al-Qadsiah Saudi Football Club,SA1,29.809719370294317,6.0,julian weigl,1995,1995.0,Midfield,0.7,1.1,11,122,9,19,Al-Qadsiah Saudi Football Club,,0.02181440443213296,0.0342797783933518,0.342797783933518,3.801939058171745,0.28047091412742386,0.5921052631578947,8.148064141414142,2.1480641414141424,35.801069023569035
173491,Joel Pohjanpalo,1615,6,0,0.3343653250773993,0.0,2023-06-12,3500000.0,1994-09-13,Attack,Palermo FC,IT1,30.795345653661876,3.5,joel pohjanpalo,1994,1994.0,Attack,7.5,1.7,9,29,72,34,Palermo FC,Serie A,0.4179566563467492,0.09473684210526316,0.5015479876160991,1.6160990712074301,4.012383900928793,1.894736842105263,5.643914550264552,2.143914550264552,61.254701436130055
420002,Jean-Philippe Mateta,2656,14,2,0.4743975903614457,0.0677710843373494,2025-05-30,30000000.0,1997-06-28,Attack,Crystal Palace,GB1,28.005475701574262,30.0,jeanphilippe mateta,1997,1997.0,Attack,13.5,3.2,45,52,122,68,Crystal Palace,Premier League,0.4574548192771084,0.10843373493975905,1.5248493975903614,1.7620481927710845,4.134036144578314,2.3042168674698793,32.109699314574314,2.109699314574314,7.032331048581048
262300,Ryan Manning,1468,0,1,0.0,0.0613079019073569,2025-05-30,3000000.0,1996-06-14,Defender,Southampton FC,GB1,29.04312114989733,3.0,ryan manning,1996,1996.0,Defender,0.3,3.2,14,35,74,8,Southampton FC,Premier League,0.018392370572207082,0.19618528610354224,0.8583106267029973,2.1457765667574935,4.536784741144414,0.49046321525885556,5.0961227244977225,2.0961227244977225,69.87075748325742
74294,Nemanja Gudelj,2496,1,1,0.0360576923076923,0.0360576923076923,2025-06-09,3000000.0,1991-11-16,Midfield,Sevilla FC,ES1,33.620807665982205,3.0,nemanja gudelj,1991,1991.0,Midfield,1.6,0.6,14,64,5,22,Sevilla FC,La Liga,0.057692307692307696,0.021634615384615384,0.5048076923076923,2.3076923076923075,0.1802884615384615,0.7932692307692307,5.082594300606805,2.0825943006068046,69.41981002022682
324223,James Bree,1073,0,1,0.0,0.0838769804287045,2025-05-30,2500000.0,1997-12-11,Defender,Southampton FC,GB1,27.550992470910337,2.5,james bree,1997,1997.0,Defender,0.1,0.9,13,34,43,4,Southampton FC,Premier League,0.008387698042870456,0.0754892823858341,1.0904007455731595,2.8518173345759554,3.6067101584342964,0.33550792171481825,4.56548830706331,2.06548830706331,82.6195322825324
907813,Pablo Marín,1236,1,2,0.0728155339805825,0.145631067961165,2025-06-09,8000000.0,2003-07-03,Midfield,Real Sociedad,ES1,21.99315537303217,8.0,pablo marin,2003,2003.0,Midfield,1.4,1.0,20,45,47,21,Real Sociedad,La Liga,0.10194174757281553,0.07281553398058253,1.4563106796116503,3.2766990291262132,3.4223300970873787,1.529126213592233,10.037334711584709,2.037334711584709,25.46668389480886
362977,Josip Juranovic,1159,0,0,0.0,0.0,2025-06-05,4000000.0,1995-08-16,Defender,1.FC Union Berlin,L1,29.872689938398356,4.0,josip juranovic,1995,1995.0,Defender,0.3,1.8,19,52,45,6,1.FC Union Berlin,Bundesliga,0.02329594477998274,0.13977566867989646,1.4754098360655739,4.037963761863676,3.4943917169974115,0.4659188955996548,6.0085232045732,2.0085232045732004,50.21308011433001
124555,Cristiano Biraghi,1589,1,0,0.0566393958464443,0.0,2025-06-17,1800000.0,1992-09-01,Defender,Torino FC,IT1,32.82683093771389,1.8,cristiano biraghi,1992,1992.0,Defender,0.7,3.0,27,51,66,15,Torino FC,Serie A,0.03964757709251101,0.1699181875393329,1.5292636878539965,2.888609188168659,3.7382001258653244,0.8495909376966646,3.779005074555075,1.9790050745550751,109.94472636417083
210178,Pablo Marí,2726,0,0,0.0,0.0,2025-06-17,3500000.0,1993-08-31,Defender,Al-Hilal Saudi Football Club,SA1,31.83025325119781,3.5,pablo mari,1993,1993.0,Defender,0.3,0.1,7,85,1,7,Al-Hilal Saudi Football Club,,0.009904622157006602,0.003301540719002201,0.23110785033015405,2.806309611151871,0.03301540719002201,0.23110785033015405,5.476218882968879,1.9762188829688787,56.46339665625367
251876,Pablo Maffeo,2375,0,2,0.0,0.0757894736842105,2025-06-09,5000000.0,1997-07-12,Defender,RCD Mallorca,ES1,27.967145790554415,5.0,pablo maffeo,1997,1997.0,Defender,0.3,4.1,46,74,122,7,RCD Mallorca,La Liga,0.011368421052631578,0.15536842105263157,1.7431578947368422,2.8042105263157895,4.623157894736842,0.26526315789473687,6.9689512321012295,1.9689512321012295,39.37902464202459
432090,Nicolò Fagioli,1527,1,2,0.0589390962671905,0.1178781925343811,2025-06-17,18000000.0,2001-02-12,Midfield,ACF Fiorentina,IT1,24.37782340862423,18.0,nicolo fagioli,2001,2001.0,Midfield,1.1,3.1,34,91,37,22,ACF Fiorentina,Serie A,0.06483300589390963,0.18271119842829078,2.0039292730844793,5.363457760314342,2.180746561886051,1.2966601178781925,19.953972617197618,1.9539726171976177,10.855403428875654
583404,Marcus Pedersen,1357,0,0,0.0,0.0,2025-06-17,3000000.0,2000-07-16,Defender,Torino FC,IT1,24.955509924709105,3.0,marcus pedersen,2000,2000.0,Defender,0.6,0.4,44,19,77,8,Torino FC,Serie A,0.0397936624907885,0.02652910832719234,2.918201915991157,1.260132645541636,5.106853352984524,0.5305821665438467,4.953589517889517,1.953589517889517,65.11965059631723
182916,Wesley Saïd,905,3,0,0.2983425414364641,0.0,2025-06-03,3000000.0,1995-04-19,Attack,RC Lens,FR1,30.198494182067076,3.0,wesley said,1995,1995.0,Attack,3.2,1.0,16,24,53,17,RC Lens,Ligue 1,0.318232044198895,0.0994475138121547,1.5911602209944753,2.386740331491713,5.2707182320441985,1.6906077348066297,4.927831512931509,1.9278315129315091,64.26105043105031
96718,Óscar de Marcos,1561,0,4,0.0,0.230621396540679,2025-06-09,1500000.0,1989-04-14,Defender,Athletic Bilbao,ES1,36.21081451060917,1.5,oscar de marcos,1989,1989.0,Defender,1.0,2.6,26,102,78,8,Athletic Bilbao,La Liga,0.05765534913516976,0.14990390775144138,1.4990390775144138,5.880845611787316,4.497117232543242,0.46124279308135807,3.406834811484811,1.9068348114848108,127.12232076565407
128969,Mathew Ryan,1260,0,0,0.0,0.0,2025-06-03,2500000.0,1992-04-08,Goalkeeper,Levante UD,ES1,33.22655715263518,2.5,mathew ryan,1992,1992.0,Goalkeeper,0.0,0.0,0,0,0,0,Levante UD,La Liga,0.0,0.0,0.0,0.0,0.0,0.0,4.399625445850448,1.8996254458504476,75.9850178340179
340328,Stephy Mavididi,1617,4,1,0.222634508348794,0.0556586270871985,2025-05-30,10000000.0,1998-05-31,Attack,Leicester City,GB1,27.082819986310746,10.0,stephy mavididi,1998,1998.0,Attack,1.8,2.6,91,57,138,26,Leicester City,Premier League,0.10018552875695734,0.14471243042671614,5.0649350649350655,3.172541743970315,7.680890538033395,1.4471243042671613,11.889081285381279,1.8890812853812786,18.890812853812786
43824,Kevin Müller,2940,0,0,0.0,0.0,2025-06-05,700000.0,1991-03-15,Goalkeeper,1. Fußballclub Heidenheim 1846,L1,34.2943189596167,0.7,kevin muller,1991,1991.0,Goalkeeper,0.0,0.0,0,1,0,0,1. Fußballclub Heidenheim 1846,Bundesliga,0.0,0.0,0.0,0.030612244897959183,0.0,0.0,2.5817224395974394,1.8817224395974395,268.81749137106283
768380,Arouna Sangante,1251,3,0,0.2158273381294964,0.0,2025-06-03,8000000.0,2002-04-12,Defender,Le Havre AC,FR1,23.21697467488022,8.0,arouna sangante,2002,2002.0,Defender,1.0,0.1,11,48,3,7,Le Havre AC,Ligue 1,0.07194244604316546,0.007194244604316547,0.7913669064748201,3.4532374100719423,0.2158273381294964,0.5035971223021583,9.871754661079652,1.8717546610796525,23.396933263495654
242940,Edoardo Goldaniga,2529,1,0,0.0355871886120996,0.0,2025-06-17,3000000.0,1993-11-02,Defender,Como 1907,IT1,31.65776865160849,3.0,edoardo goldaniga,1993,1993.0,Defender,2.5,0.3,20,81,8,12,Como 1907,Serie A,0.08896797153024912,0.010676156583629894,0.7117437722419929,2.8825622775800714,0.2846975088967972,0.42704626334519574,4.864381154031153,1.864381154031153,62.1460384677051
709957,Álex Valle,1034,0,0,0.0,0.0,2025-06-17,6000000.0,2004-04-25,Defender,Como 1907,IT1,21.180013689253936,6.0,alex valle,2004,2004.0,Defender,0.3,0.7,19,44,30,9,Como 1907,Serie A,0.02611218568665377,0.0609284332688588,1.653771760154739,3.829787234042553,2.611218568665377,0.7833655705996132,7.856250998075998,1.856250998075998,30.937516634599966
572265,Lorenzo Lucca,2363,12,2,0.4570461278036394,0.0761743546339399,2025-06-17,22000000.0,2000-09-10,Attack,SSC Napoli,IT1,24.802190280629706,22.0,lorenzo lucca,2000,2000.0,Attack,7.6,1.6,15,18,98,64,SSC Napoli,Serie A,0.28946254760897167,0.06093948370715193,0.5713076597545493,0.6855691917054592,3.732543377063055,2.4375793482860773,23.85131174843674,1.8513117484367392,8.415053401985178
392765,Emile Smith Rowe,2060,6,3,0.2621359223300971,0.1310679611650485,2025-05-30,30000000.0,2000-07-28,Midfield,Fulham FC,GB1,24.922655715263517,30.0,emile smith rowe,2000,2000.0,Midfield,4.5,1.4,53,126,127,37,Fulham FC,Premier League,0.1966019417475728,0.06116504854368932,2.3155339805825244,5.504854368932039,5.548543689320389,1.616504854368932,31.83853523328525,1.8385352332852491,6.1284507776174975
358166,Eldor Shomurodov,1093,4,4,0.3293687099725526,0.3293687099725526,2025-06-17,5000000.0,1995-06-29,Attack,Basaksehir FK,TR1,30.0041067761807,5.0,eldor shomurodov,1995,1995.0,Attack,4.7,1.3,19,21,62,29,Basaksehir FK,,0.3870082342177494,0.10704483074107961,1.5645013723696248,1.729185727355901,5.105215004574565,2.3879231473010063,6.80081461038961,1.8008146103896099,36.0162922077922
61812,Yuri Berchiche,2041,0,2,0.0,0.0881920627143557,2025-06-09,1400000.0,1990-02-10,Defender,Athletic Bilbao,ES1,35.383983572895275,1.4,yuri berchiche,1990,1990.0,Defender,0.6,2.2,43,161,66,16,Athletic Bilbao,La Liga,0.026457618814306715,0.0970112689857913,1.8961293483586479,7.099461048505635,2.910338069573738,0.7055365017148456,3.1950005429755404,1.7950005429755405,128.2143244982529
255488,Yeray Álvarez,1781,1,0,0.0505334081976417,0.0,2025-06-09,7000000.0,1995-01-24,Defender,Athletic Bilbao,ES1,30.431211498973305,7.0,yeray alvarez,1995,1995.0,Defender,0.5,0.2,19,105,0,9,Athletic Bilbao,La Liga,0.02526670409882089,0.010106681639528357,0.9601347557551937,5.306007860752386,0.0,0.454800673778776,8.779587438487434,1.7795874384874342,25.42267769267763
111811,Florent Hanin,2679,1,2,0.0335946248600224,0.0671892497200448,2025-06-03,300000.0,1990-02-04,Defender,Angers SCO,FR1,35.40041067761807,0.3,florent hanin,1990,1990.0,Defender,0.9,1.9,48,99,108,11,Angers SCO,Ligue 1,0.030235162374020155,0.06382978723404255,1.612541993281075,3.325867861142217,3.6282194848824187,0.36954087346024633,2.0795618372368367,1.7795618372368367,593.1872790789455
58995,Anthony Jung,1898,0,0,0.0,0.0,2025-06-05,1000000.0,1991-11-03,Defender,SC Freiburg,L1,33.65639972621492,1.0,anthony jung,1991,1991.0,Defender,0.0,0.1,20,121,6,1,SC Freiburg,Bundesliga,0.0,0.004741833508956797,0.9483667017913593,5.737618545837724,0.2845100105374078,0.04741833508956796,2.76779708023458,1.7677970802345802,176.77970802345803
301238,Michele Di Gregorio,2970,0,0,0.0,0.0,2025-06-17,18000000.0,1997-07-27,Goalkeeper,Juventus FC,IT1,27.926078028747433,18.0,michele di gregorio,1997,1997.0,Goalkeeper,0.0,0.5,0,0,0,0,Juventus FC,Serie A,0.0,0.015151515151515152,0.0,0.0,0.0,0.0,19.756934958559956,1.756934958559956,9.760749769777535
228948,Thilo Kehrer,2384,4,0,0.1510067114093959,0.0,2025-06-03,20000000.0,1996-09-21,Defender,AS Monaco,FR1,28.772073921971252,20.0,thilo kehrer,1996,1996.0,Defender,1.5,0.3,16,139,2,12,AS Monaco,Ligue 1,0.056627516778523485,0.011325503355704697,0.6040268456375839,5.24748322147651,0.07550335570469799,0.4530201342281879,21.756436951011953,1.7564369510119526,8.782184755059763
289446,Yerry Mina,2576,1,0,0.0349378881987577,0.0,2025-06-17,3000000.0,1994-09-23,Defender,Cagliari Calcio,IT1,30.767967145790553,3.0,yerry mina,1994,1994.0,Defender,2.3,0.3,17,76,9,26,Cagliari Calcio,Serie A,0.08035714285714285,0.010481366459627328,0.593944099378882,2.6552795031055902,0.3144409937888199,0.9083850931677019,4.6952106032856005,1.6952106032856005,56.50702010952001
146227,Jasper Cillessen,2337,0,0,0.0,0.0,2025-06-09,800000.0,1989-04-22,Goalkeeper,NEC Nijmegen,NL1,36.18891170431211,0.8,jasper cillessen,1989,1989.0,Goalkeeper,0.0,0.0,0,0,0,0,NEC Nijmegen,,0.0,0.0,0.0,0.0,0.0,0.0,2.4260427470677466,1.6260427470677465,203.2553433834683
536508,Han-Noah Massengo,1046,0,0,0.0,0.0,2025-06-03,5000000.0,2001-07-07,Midfield,FC Augsburg,L1,23.980835044490075,5.0,hannoah massengo,2001,2001.0,Midfield,0.4,0.4,13,28,13,6,FC Augsburg,Bundesliga,0.03441682600382409,0.03441682600382409,1.118546845124283,2.409177820267687,1.118546845124283,0.5162523900573613,6.622561470936466,1.622561470936466,32.45122941872932
215599,Lukas Klostermann,1834,1,0,0.0490730643402399,0.0,2025-06-05,8000000.0,1996-06-03,Defender,RB Leipzig,L1,29.073237508555785,8.0,lukas klostermann,1996,1996.0,Defender,0.3,0.1,16,83,26,4,RB Leipzig,Bundesliga,0.014721919302071973,0.004907306434023991,0.7851690294438386,4.073064340239913,1.2758996728462377,0.19629225736095965,9.614086483886476,1.6140864838864761,20.17608104858095
371851,Jaka Bijol,2964,1,2,0.0303643724696356,0.0607287449392712,2025-06-17,18000000.0,1999-02-05,Defender,Leeds United,GB1,26.39835728952772,18.0,jaka bijol,1999,1999.0,Defender,2.0,0.6,22,98,10,19,Leeds United,Premier League,0.06072874493927125,0.018218623481781375,0.6680161943319838,2.9757085020242915,0.3036437246963563,0.5769230769230769,19.604671470196475,1.6046714701964753,8.914841501091528
327251,Ridle Baku,2453,4,5,0.1467590705258866,0.1834488381573583,2025-06-05,9000000.0,1998-04-08,Defender,RB Leipzig,L1,27.227926078028748,9.0,ridle baku,1998,1998.0,Defender,1.4,1.5,21,41,97,17,RB Leipzig,Bundesliga,0.05136567468406033,0.0550346514472075,0.770485120260905,1.5042804728903383,3.558907460252752,0.6237260497350183,10.56445217652717,1.5644521765271708,17.38280196141301
182875,Jean-Charles Castelletto,2622,0,0,0.0,0.0,2025-06-03,3500000.0,1995-01-26,Defender,FC Nantes,FR1,30.42573579739904,3.5,jeancharles castelletto,1995,1995.0,Defender,1.8,0.1,21,87,19,17,FC Nantes,Ligue 1,0.06178489702517162,0.0034324942791762016,0.7208237986270023,2.986270022883295,0.6521739130434783,0.5835240274599542,5.06319026344026,1.5631902634402604,44.66257895543601
85295,Iván Balliu,1190,0,0,0.0,0.0,2025-06-09,1400000.0,1992-01-01,Defender,Rayo Vallecano,ES1,33.49486652977413,1.4,ivan balliu,1992,1992.0,Defender,0.0,0.5,8,46,21,1,Rayo Vallecano,La Liga,0.0,0.03781512605042017,0.6050420168067228,3.4789915966386555,1.588235294117647,0.07563025210084034,2.9601044376919363,1.5601044376919364,111.43603126370975
170929,Massadio Haïdara,1680,0,0,0.0,0.0,2025-06-03,1500000.0,1992-12-02,Defender,Kocaelispor,TR1,32.57494866529774,1.5,massadio haidara,1992,1992.0,Defender,0.3,0.5,44,77,76,10,Kocaelispor,,0.01607142857142857,0.026785714285714288,2.357142857142857,4.125,4.071428571428571,0.5357142857142857,3.049361784511784,1.5493617845117842,103.29078563411895
691482,Jacopo Fazzini,1390,4,1,0.2589928057553957,0.0647482014388489,2025-06-17,10000000.0,2003-03-16,Midfield,ACF Fiorentina,IT1,22.29158110882957,10.0,jacopo fazzini,2003,2003.0,Midfield,3.1,0.5,34,49,88,27,ACF Fiorentina,Serie A,0.20071942446043167,0.03237410071942446,2.2014388489208634,3.172661870503597,5.697841726618705,1.7482014388489207,11.545340933140935,1.5453409331409347,15.453409331409345
298976,Borja Mayoral,1105,5,1,0.4072398190045249,0.0814479638009049,2025-06-09,7500000.0,1997-04-05,Attack,Getafe CF,ES1,28.23545516769336,7.5,borja mayoral,1997,1997.0,Attack,3.4,0.9,10,13,43,19,Getafe CF,La Liga,0.27692307692307694,0.07330316742081448,0.8144796380090499,1.0588235294117647,3.502262443438914,1.5475113122171946,9.045224463499466,1.5452244634994656,20.602992846659543
176139,Mattia Bani,1511,0,0,0.0,0.0,2024-06-05,2500000.0,1993-12-10,Defender,Genoa CFC,IT1,31.55373032169747,2.5,mattia bani,1993,1993.0,Defender,1.2,0.2,6,25,3,8,Genoa CFC,Serie A,0.071475843812045,0.011912640635340834,0.357379219060225,1.4890800794176042,0.1786896095301125,0.47650562541363334,4.014205543993043,1.514205543993043,60.568221759721716
122840,Loïc Nego,2464,0,1,0.0,0.036525974025974,2025-06-03,700000.0,1991-01-15,Defender,Le Havre AC,FR1,34.455852156057496,0.7,loic nego,1991,1991.0,Defender,0.8,0.7,64,102,123,11,Le Havre AC,Ligue 1,0.02922077922077922,0.025568181818181816,2.337662337662338,3.7256493506493507,4.492694805194805,0.40178571428571425,2.195744722869724,1.495744722869724,213.67781755281774
505653,Fábio Silva,1878,10,3,0.4792332268370607,0.1437699680511182,2025-06-09,20000000.0,2002-07-19,Attack,Borussia Dortmund,L1,22.94866529774127,20.0,fabio silva,2002,2002.0,Attack,8.8,2.0,30,26,119,46,Borussia Dortmund,Bundesliga,0.42172523961661346,0.09584664536741215,1.4376996805111821,1.2460063897763578,5.702875399361022,2.2044728434504792,21.485326647426636,1.4853266474266356,7.426633237133178
464598,Casper Tengstedt,1531,6,2,0.3527106466361855,0.1175702155453951,2025-06-17,6000000.0,2000-06-01,Attack,Feyenoord Rotterdam,NL1,25.078713210130047,6.0,casper tengstedt,2000,2000.0,Attack,5.3,0.9,29,29,85,37,Feyenoord Rotterdam,,0.3115610711952972,0.052906596995427824,1.7047681254082299,1.7047681254082299,4.996734160679295,2.1750489875898107,7.4804806332556275,1.4804806332556275,24.674677220927123
357117,Alban Lafont,1080,0,0,0.0,0.0,2025-06-03,3000000.0,1999-01-23,Goalkeeper,Panathinaikos Athlitikos Omilos,GR1,26.43394934976044,3.0,alban lafont,1999,1999.0,Goalkeeper,0.0,0.0,0,0,0,0,Panathinaikos Athlitikos Omilos,,0.0,0.0,0.0,0.0,0.0,0.0,4.475875103600102,1.475875103600102,49.19583678667007
73517,Ørjan Nyland,2674,0,0,0.0,0.0,2025-06-09,900000.0,1990-09-10,Goalkeeper,Sevilla FC,ES1,34.80355920602327,0.9,rjan nyland,1990,1990.0,Goalkeeper,0.0,0.3,0,1,0,0,Sevilla FC,La Liga,0.0,0.010097232610321616,0.0,0.033657442034405384,0.0,0.0,2.3735819786694767,1.4735819786694768,163.73133096327518
926694,Arthur Vermeeren,1576,0,2,0.0,0.1142131979695431,2025-06-05,22000000.0,2005-02-07,Midfield,Olympique Marseille,FR1,20.39151266255989,22.0,arthur vermeeren,2005,2005.0,Midfield,0.4,0.9,14,77,20,4,Olympique Marseille,Ligue 1,0.022842639593908632,0.05139593908629442,0.799492385786802,4.397208121827411,1.1421319796954315,0.22842639593908629,23.455523256373272,1.4555232563732723,6.616014801696692
331401,Manuel Lazzari,1409,0,2,0.0,0.127750177430802,2025-06-17,3500000.0,1993-11-29,Defender,Società Sportiva Lazio S.p.A.,IT1,31.58384668035592,3.5,manuel lazzari,1993,1993.0,Defender,0.1,1.3,72,66,96,6,Società Sportiva Lazio S.p.A.,Serie A,0.0063875088715401,0.0830376153300213,4.599006387508871,4.215755855216465,6.1320085166784954,0.38325053229240597,4.950106672031671,1.450106672031671,41.43161920090489
203746,Ruben Aguilar,1129,1,3,0.0797165633303808,0.2391496899911425,2025-06-03,3500000.0,1993-04-26,Defender,RC Lens,FR1,32.17796030116359,3.5,ruben aguilar,1993,1993.0,Defender,0.8,1.9,32,74,101,11,RC Lens,Ligue 1,0.0637732506643047,0.15146147032772364,2.5509300265721877,5.899025686448184,8.051372896368468,0.8768821966341894,4.9434959355459345,1.4434959355459345,41.24274101559813
249994,José Sá,2610,0,0,0.0,0.0,2025-05-30,7000000.0,1993-01-17,Goalkeeper,Wolverhampton Wanderers,GB1,32.44900752908966,7.0,jose sa,1993,1993.0,Goalkeeper,0.0,0.2,0,2,0,0,Wolverhampton Wanderers,Premier League,0.0,0.006896551724137932,0.0,0.06896551724137931,0.0,0.0,8.441678641728641,1.4416786417286414,20.59540916755202
167491,Stefano Sabelli,2059,0,2,0.0,0.0874210781932977,2025-06-17,1400000.0,1993-01-13,Defender,Genoa CFC,IT1,32.459958932238195,1.4,stefano sabelli,1993,1993.0,Defender,0.1,1.9,36,88,43,6,Genoa CFC,Serie A,0.0043710539096648866,0.08305002428363283,1.5735794074793588,3.8465274405050995,1.879553181155901,0.26226323457989315,2.816522667147665,1.4165226671476652,101.18019051054752
184894,Alfred Duncan,959,0,0,0.0,0.0,2024-06-05,4000000.0,1993-03-10,Midfield,Venezia FC,IT1,32.3066392881588,4.0,alfred duncan,1993,1993.0,Midfield,0.8,1.1,11,53,12,15,Venezia FC,Serie A,0.07507820646506778,0.10323253388946821,1.032325338894682,4.973931178310741,1.1261730969760166,1.407716371220021,5.409939670514666,1.4099396705146656,35.24849176286664
346779,Ché Adams,2658,9,3,0.3047404063205418,0.1015801354401805,2025-06-17,15000000.0,1996-07-13,Attack,Torino FC,IT1,28.9637234770705,15.0,che adams,1996,1996.0,Attack,9.0,2.0,23,40,153,63,Torino FC,Serie A,0.3047404063205418,0.06772009029345372,0.7787810383747178,1.3544018058690745,5.18058690744921,2.1331828442437923,16.400432936507944,1.4004329365079435,9.336219576719623
119277,Yannick Gerhardt,1508,1,1,0.059681697612732,0.059681697612732,2025-06-05,2500000.0,1994-03-13,Midfield,VfL Wolfsburg,L1,31.299110198494184,2.5,yannick gerhardt,1994,1994.0,Midfield,1.2,0.2,27,57,63,15,VfL Wolfsburg,Bundesliga,0.0716180371352785,0.01193633952254642,1.6114058355437666,3.4018567639257293,3.759946949602122,0.8952254641909814,3.8376465377215374,1.3376465377215374,53.5058615088615
55508,Lewis Holtby,1235,0,2,0.0,0.145748987854251,2025-06-05,500000.0,1990-09-18,Midfield,NAC Breda,NL1,34.78165639972622,0.5,lewis holtby,1990,1990.0,Midfield,0.5,1.5,14,47,34,7,NAC Breda,,0.03643724696356275,0.10931174089068826,1.0202429149797572,3.425101214574899,2.4777327935222675,0.5101214574898786,1.8240147940022935,1.3240147940022935,264.8029588004587
743386,Malick Fofana,1586,5,4,0.2837326607818411,0.2269861286254728,2025-06-03,30000000.0,2005-03-31,Attack,Olympique Lyon,FR1,20.249144421629023,30.0,malick fofana,2005,2005.0,Attack,3.8,3.7,112,45,205,31,Olympique Lyon,Ligue 1,0.21563682219419925,0.20996216897856243,6.355611601513242,2.55359394703657,11.633039092055487,1.7591424968474147,31.32355613275611,1.32355613275611,4.4118537758537
415381,Mats Wieffer,1008,1,5,0.0892857142857142,0.4464285714285714,2025-05-30,25000000.0,1999-11-16,Defender,Brighton & Hove Albion,GB1,25.620807665982205,25.0,mats wieffer,1999,1999.0,Defender,0.8,1.6,18,62,23,9,Brighton & Hove Albion,Premier League,0.07142857142857142,0.14285714285714285,1.607142857142857,5.535714285714286,2.0535714285714284,0.8035714285714285,26.320655878380876,1.320655878380876,5.282623513523504
323167,Matteo Gabbia,2154,2,0,0.0835654596100278,0.0,2025-06-17,14000000.0,1999-10-21,Defender,AC Milan,IT1,25.691991786447637,14.0,matteo gabbia,1999,1999.0,Defender,1.1,0.2,13,74,2,14,AC Milan,Serie A,0.04596100278551533,0.008356545961002786,0.5431754874651811,3.0919220055710306,0.08356545961002786,0.5849582172701949,15.317645102120109,1.3176451021201085,9.411750729429347
370683,Andreas Hanche-Olsen,1279,1,1,0.070367474589523,0.070367474589523,2025-06-05,6000000.0,1997-01-17,Defender,1.FSV Mainz 05,L1,28.449007529089663,6.0,andreas hancheolsen,1997,1997.0,Defender,0.8,0.3,2,34,5,12,1.FSV Mainz 05,Bundesliga,0.056293979671618456,0.02111024237685692,0.14073494917904614,2.392494136043784,0.3518373729476153,0.8444096950742769,7.299604497354497,1.2996044973544967,21.66007495590828
286297,Lorenzo Pellegrini,1633,2,2,0.1102265768524188,0.1102265768524188,2025-06-17,9000000.0,1996-06-19,Midfield,Associazione Sportiva Roma,IT1,29.02943189596167,9.0,lorenzo pellegrini,1996,1996.0,Midfield,4.7,2.5,27,61,82,41,Associazione Sportiva Roma,Serie A,0.25903245560318433,0.13778322106552357,1.4880587875076547,3.3619105939987755,4.519289650949173,2.2596448254745867,10.269849744699748,1.2698497446997479,14.109441607774976
85906,Danny da Costa,2010,0,1,0.0,0.044776119402985,2025-06-05,1500000.0,1993-07-13,Defender,1.FSV Mainz 05,L1,31.964407939767284,1.5,danny da costa,1993,1993.0,Defender,0.1,0.6,21,109,22,5,1.FSV Mainz 05,Bundesliga,0.004477611940298508,0.026865671641791045,0.9402985074626866,4.880597014925373,0.9850746268656717,0.22388059701492538,2.762124398749398,1.262124398749398,84.14162658329319
207917,Alberto Moreno,1736,0,0,0.0,0.0,2025-06-17,1500000.0,1992-07-05,Defender,Como 1907,IT1,32.98562628336756,1.5,alberto moreno,1992,1992.0,Defender,0.4,1.2,23,81,58,14,Como 1907,Serie A,0.020737327188940093,0.06221198156682028,1.1923963133640554,4.199308755760368,3.0069124423963136,0.7258064516129032,2.7400604293854296,1.2400604293854296,82.67069529236197
40633,Milan Badelj,1487,1,0,0.0605245460659045,0.0,2025-06-17,800000.0,1989-02-25,Midfield,Genoa CFC,IT1,36.342231348391515,0.8,milan badelj,1989,1989.0,Midfield,1.0,1.1,8,83,14,14,Genoa CFC,Serie A,0.0605245460659045,0.06657700067249496,0.484196368527236,5.023537323470074,0.8473436449226631,0.8473436449226631,2.0122361915861915,1.2122361915861914,151.52952394827392
99331,Jannik Vestergaard,1395,0,0,0.0,0.0,2025-05-30,2000000.0,1992-08-03,Defender,Leicester City,GB1,32.90622861054072,2.0,jannik vestergaard,1992,1992.0,Defender,0.1,0.1,3,32,2,3,Leicester City,Premier League,0.0064516129032258064,0.0064516129032258064,0.1935483870967742,2.064516129032258,0.12903225806451613,0.1935483870967742,3.206777350427352,1.2067773504273518,60.33886752136759
165895,Matteo Politano,2832,3,5,0.0953389830508474,0.1588983050847457,2025-06-17,10000000.0,1993-08-03,Attack,SSC Napoli,IT1,31.906913073237508,10.0,matteo politano,1993,1993.0,Attack,3.1,4.8,135,129,278,56,SSC Napoli,Serie A,0.09851694915254237,0.15254237288135591,4.290254237288136,4.09957627118644,8.834745762711865,1.7796610169491527,11.199548833573829,1.1995488335738287,11.995488335738287
67063,Danny Welbeck,2121,10,4,0.4243281471004244,0.1697312588401697,2025-05-30,5000000.0,1990-11-26,Attack,Brighton & Hove Albion,GB1,34.5927446954141,5.0,danny welbeck,1990,1990.0,Attack,9.6,1.4,21,47,95,59,Brighton & Hove Albion,Premier League,0.4073550212164073,0.0594059405940594,0.8910891089108911,1.9943422913719944,4.031117397454031,2.5035360678925036,6.196422662060163,1.1964226620601632,23.928453241203265
354726,Florian Sotoca,1799,1,1,0.0500277932184546,0.0500277932184546,2025-06-03,2000000.0,1990-10-25,Attack,RC Lens,FR1,34.680355920602324,2.0,florian sotoca,1990,1990.0,Attack,4.6,1.5,44,105,170,47,RC Lens,Ligue 1,0.23012784880489157,0.07504168982768204,2.201222901612007,5.252918287937743,8.504724847137298,2.351306281267371,3.195651792651792,1.195651792651792,59.7825896325896
76467,Kiko Femenía,2229,0,1,0.0,0.0403768506056527,2025-06-09,900000.0,1991-02-02,Defender,Getafe CF,ES1,34.40657084188912,0.9,kiko femenia,1991,1991.0,Defender,0.4,1.3,52,112,44,3,Getafe CF,La Liga,0.016150740242261104,0.052489905787348586,2.0995962314939436,4.522207267833109,1.7765814266487214,0.12113055181695828,2.087146288896289,1.187146288896289,131.90514321069878
62351,Abdoulaye Bamba,1511,0,0,0.0,0.0,2025-06-03,300000.0,1990-04-25,Defender,Angers SCO,FR1,35.181382614647504,0.3,abdoulaye bamba,1990,1990.0,Defender,0.1,0.3,1,16,3,1,Angers SCO,Ligue 1,0.005956320317670417,0.01786896095301125,0.05956320317670417,0.9530112508272667,0.1786896095301125,0.05956320317670417,1.4543621512746499,1.1543621512746498,384.7873837582166
332560,Deiver Machado,1805,1,4,0.0498614958448753,0.1994459833795014,2025-06-03,3000000.0,1993-09-02,Defender,RC Lens,FR1,31.824777549623544,3.0,deiver machado,1993,1993.0,Defender,2.3,2.1,42,45,80,23,RC Lens,Ligue 1,0.1146814404432133,0.10470914127423822,2.0941828254847645,2.243767313019391,3.988919667590028,1.1468144044321331,4.138545217745218,1.138545217745218,37.95150725817393
517842,Aihen Muñoz,1098,0,0,0.0,0.0,2025-06-09,4000000.0,1997-08-16,Defender,Real Sociedad,ES1,27.871321013004792,4.0,aihen munoz,1997,1997.0,Defender,0.2,0.3,26,38,28,6,Real Sociedad,La Liga,0.01639344262295082,0.02459016393442623,2.1311475409836067,3.1147540983606556,2.295081967213115,0.4918032786885246,5.137344604469604,1.1373446044696038,28.433615111740096
84435,Kevin Vogt,1371,1,0,0.0656455142231947,0.0,2025-06-05,1000000.0,1991-09-23,Defender,1.FC Union Berlin,L1,33.76865160848734,1.0,kevin vogt,1991,1991.0,Defender,0.8,0.0,11,70,2,0,1.FC Union Berlin,Bundesliga,0.0525164113785558,0.0,0.7221006564551423,4.595185995623632,0.13129102844638948,0.0,2.1059508658008643,1.1059508658008643,110.59508658008643
229604,Gerónimo Rulli,3060,0,0,0.0,0.0,2025-06-03,8000000.0,1992-05-20,Goalkeeper,Olympique Marseille,FR1,33.111567419575636,8.0,geronimo rulli,1992,1992.0,Goalkeeper,0.0,0.1,0,1,0,0,Olympique Marseille,Ligue 1,0.0,0.0029411764705882357,0.0,0.029411764705882353,0.0,0.0,9.105050132275132,1.1050501322751316,13.813126653439145
124028,Ismaily,907,0,1,0.0,0.0992282249173098,2025-06-03,1200000.0,1990-01-11,Defender,LOSC Lille,FR1,35.46611909650924,1.2,ismaily,1990,1990.0,Defender,0.7,1.0,15,54,51,10,LOSC Lille,Ligue 1,0.06945975744211687,0.09922822491730982,1.4884233737596473,5.35832414553473,5.0606394707828,0.992282249173098,2.2880694176194165,1.0880694176194166,90.67245146828472
72476,Bernd Leno,3420,0,1,0.0,0.0263157894736842,2025-05-30,10000000.0,1992-03-04,Goalkeeper,Fulham FC,GB1,33.322381930184804,10.0,bernd leno,1992,1992.0,Goalkeeper,0.0,0.1,0,0,0,0,Fulham FC,Premier League,0.0,0.002631578947368421,0.0,0.0,0.0,0.0,11.079143809893807,1.0791438098938073,10.791438098938073
45403,André Ayew,1451,4,1,0.248104755341144,0.062026188835286,2025-06-03,600000.0,1989-12-17,Attack,NAC Breda,NL1,35.53456536618754,0.6,andre ayew,1989,1989.0,Attack,4.3,0.2,5,18,43,22,NAC Breda,,0.26671261199172985,0.012405237767057204,0.31013094417643006,1.1164713990351482,2.6671261199172984,1.3645761543762922,1.6467800162800168,1.046780016280017,174.4633360466695
164771,Jordan Veretout,1554,2,0,0.1158301158301158,0.0,2025-06-03,4000000.0,1993-03-01,Midfield,Olympique Lyon,FR1,32.33127994524298,4.0,jordan veretout,1993,1993.0,Midfield,1.9,0.6,35,99,60,21,Olympique Lyon,Ligue 1,0.11003861003861003,0.03474903474903475,2.0270270270270268,5.7335907335907335,3.4749034749034746,1.2162162162162162,5.040460005735007,1.0404600057350066,26.011500143375166
550106,Matteo Cancellieri,1430,3,0,0.1888111888111888,0.0,2025-06-17,4500000.0,2002-02-12,Attack,Società Sportiva Lazio S.p.A.,IT1,23.378507871321013,4.5,matteo cancellieri,2002,2002.0,Attack,2.7,0.7,40,24,79,22,Società Sportiva Lazio S.p.A.,Serie A,0.16993006993006995,0.044055944055944055,2.5174825174825175,1.5104895104895104,4.972027972027972,1.3846153846153846,5.508282394457392,1.0082823944573924,22.4062754323865
405385,Yukinari Sugawara,1557,1,1,0.0578034682080924,0.0578034682080924,2025-05-30,11000000.0,2000-06-28,Defender,SV Werder Bremen,L1,25.00479123887748,11.0,yukinari sugawara,2000,2000.0,Defender,0.5,2.2,33,72,78,14,SV Werder Bremen,Bundesliga,0.028901734104046242,0.1271676300578035,1.9075144508670518,4.161849710982659,4.508670520231214,0.8092485549132947,11.990976671476673,0.9909766714766732,9.00887883160612
60543,Mathieu Gorgelin,1440,0,0,0.0,0.0,2025-06-03,300000.0,1990-08-05,Goalkeeper,RC Lens,FR1,34.902121834360024,0.3,mathieu gorgelin,1990,1990.0,Goalkeeper,0.0,0.0,0,0,0,0,RC Lens,Ligue 1,0.0,0.0,0.0,0.0,0.0,0.0,1.2814100505975516,0.9814100505975516,327.1366835325172
221316,Lucas Vázquez,2193,1,5,0.0410396716826265,0.2051983584131327,2025-06-09,3000000.0,1991-07-01,Defender,Bayer 04 Leverkusen,L1,33.998631074606436,3.0,lucas vazquez,1991,1991.0,Defender,1.4,4.7,37,99,194,15,Bayer 04 Leverkusen,Bundesliga,0.057455540355677154,0.19288645690834472,1.518467852257182,4.062927496580027,7.961696306429548,0.615595075239398,3.9752553455803468,0.9752553455803468,32.50851151934489
275303,Hans Hateboer,1680,0,0,0.0,0.0,2025-06-03,2500000.0,1994-01-09,Defender,Stade Rennais FC,FR1,31.471594798083505,2.5,hans hateboer,1994,1994.0,Defender,0.4,1.5,28,92,63,8,Stade Rennais FC,Ligue 1,0.02142857142857143,0.08035714285714285,1.5,4.928571428571429,3.375,0.4285714285714286,3.460310537610534,0.9603105376105341,38.41242150442136
171679,Matt Doherty,2112,2,1,0.0852272727272727,0.0426136363636363,2025-05-30,2000000.0,1992-01-16,Defender,Wolverhampton Wanderers,GB1,33.45379876796714,2.0,matt doherty,1992,1992.0,Defender,1.0,1.5,29,79,41,10,Wolverhampton Wanderers,Premier League,0.04261363636363637,0.06392045454545454,1.2357954545454546,3.366477272727273,1.7471590909090908,0.42613636363636365,2.9494389878639877,0.9494389878639877,47.47194939319939
636703,Fermín López,1245,6,5,0.4337349397590362,0.36144578313253,2025-06-09,50000000.0,2003-05-11,Midfield,FC Barcelona,ES1,22.138261464750173,50.0,fermin lopez,2003,2003.0,Midfield,5.6,3.9,31,79,108,41,FC Barcelona,La Liga,0.40481927710843374,0.2819277108433735,2.2409638554216866,5.710843373493977,7.807228915662651,2.963855421686747,50.94371530784033,0.9437153078403284,1.8874306156806568
277179,Angeliño,3179,2,2,0.0566215791129285,0.0566215791129285,2025-06-17,20000000.0,1997-01-04,Defender,Associazione Sportiva Roma,IT1,28.484599589322382,20.0,angelino,1997,1997.0,Defender,1.4,3.7,66,172,172,24,Associazione Sportiva Roma,Serie A,0.03963510537905001,0.1047499213589179,1.8685121107266436,4.869455803711859,4.869455803711859,0.6794589493551432,20.941427775927767,0.9414277759277674,4.707138879638837
75921,Christopher Trimmel,1744,0,3,0.0,0.1548165137614679,2025-06-05,600000.0,1987-02-24,Defender,1.FC Union Berlin,L1,38.34633812457221,0.6,christopher trimmel,1987,1987.0,Defender,0.2,2.1,18,73,45,9,1.FC Union Berlin,Bundesliga,0.010321100917431193,0.10837155963302753,0.9288990825688074,3.767201834862385,2.3222477064220186,0.4644495412844037,1.537487454674955,0.9374874546749551,156.24790911249252
248732,Paweł Dawidowicz,1848,0,0,0.0,0.0,2025-06-17,2500000.0,1995-05-20,Defender,Raków Częstochowa,PL1,30.11362080766598,2.5,pawe dawidowicz,1995,1995.0,Defender,0.3,0.0,10,39,3,4,Raków Częstochowa,,0.01461038961038961,0.0,0.487012987012987,1.8993506493506493,0.14610389610389612,0.19480519480519481,3.436877189477193,0.936877189477193,37.47508757908772
99922,Marc Bartra,2101,2,1,0.08567348881485,0.042836744407425,2025-06-09,1000000.0,1991-01-15,Defender,Real Betis Balompié,ES1,34.455852156057496,1.0,marc bartra,1991,1991.0,Defender,1.2,0.2,7,68,1,18,Real Betis Balompié,La Liga,0.05140409328891004,0.008567348881485007,0.29985721085197525,2.9128986197049027,0.042836744407425034,0.7710613993336507,1.9362208513708508,0.9362208513708508,93.62208513708508
253677,Tyrone Mings,1121,0,0,0.0,0.0,2025-05-30,5000000.0,1993-03-13,Defender,Aston Villa,GB1,32.2984257357974,5.0,tyrone mings,1993,1993.0,Defender,0.8,0.2,7,40,1,9,Aston Villa,Premier League,0.06422836752899197,0.016057091882247992,0.5619982158786797,3.2114183764495987,0.08028545941123996,0.7225691347011597,5.935295851370852,0.935295851370852,18.70591702741704
81512,Christian Kabasele,1163,2,0,0.1547721410146173,0.0,2025-06-17,700000.0,1991-02-24,Defender,Udinese Calcio,IT1,34.34633812457221,0.7,christian kabasele,1991,1991.0,Defender,1.5,0.4,9,44,7,15,Udinese Calcio,Serie A,0.11607910576096303,0.030954428202923472,0.6964746345657781,3.404987102321582,0.5417024935511607,1.1607910576096303,1.6276479409479403,0.9276479409479403,132.52113442113432
74683,Nemanja Matić,2025,0,1,0.0,0.0444444444444444,2025-06-03,2000000.0,1988-08-01,Midfield,US Sassuolo,IT1,36.91170431211499,2.0,nemanja matic,1988,1988.0,Midfield,0.1,1.3,35,150,15,2,US Sassuolo,Serie A,0.0044444444444444444,0.057777777777777775,1.5555555555555554,6.666666666666666,0.6666666666666667,0.08888888888888889,2.905599759499759,0.9055997594997591,45.279987974987954
413039,Bryan Mbeumo,3417,20,8,0.5267778753292361,0.2107111501316944,2025-05-30,55000000.0,1999-08-07,Attack,Manchester United,GB1,25.897330595482547,55.0,bryan mbeumo,1999,1999.0,Attack,12.3,8.3,130,141,351,79,Manchester United,Premier League,0.3239683933274803,0.21861281826163304,3.424056189640035,3.713784021071115,9.244951712028094,2.080772607550483,55.90245742220742,0.9024574222074193,1.6408316767407622
555820,Martín Payero,1383,1,1,0.0650759219088937,0.0650759219088937,2025-06-17,5500000.0,1998-09-11,Midfield,US Cremonese,IT1,26.80082135523614,5.5,martin payero,1998,1998.0,Midfield,1.2,1.3,33,51,44,31,US Cremonese,Serie A,0.07809110629067245,0.08459869848156183,2.1475054229934925,3.318872017353579,2.8633405639913234,2.017353579175705,6.397503786028787,0.8975037860287873,16.318250655068862
16136,Dante,1967,0,0,0.0,0.0,2025-06-03,500000.0,1983-10-18,Defender,OGC Nice,FR1,41.700205338809035,0.5,dante,1983,1983.0,Defender,0.5,0.2,18,96,8,9,OGC Nice,Ligue 1,0.022877478393492627,0.009150991357397052,0.8235892221657347,4.392475851550585,0.36603965429588203,0.41179461108286736,1.3813611795611802,0.8813611795611802,176.27223591223606
69633,Christian Eriksen,1056,1,2,0.0852272727272727,0.1704545454545454,2025-05-30,4000000.0,1992-02-14,Midfield,VfL Wolfsburg,L1,33.374401095140314,4.0,christian eriksen,1992,1992.0,Midfield,1.4,3.2,13,55,29,14,VfL Wolfsburg,Bundesliga,0.11931818181818181,0.2727272727272727,1.1079545454545454,4.6875,2.471590909090909,1.1931818181818181,4.871170930920928,0.8711709309209281,21.779273273023204
376514,Mathías Olivera,2372,0,3,0.0,0.1138279932546374,2025-06-17,20000000.0,1997-10-31,Defender,SSC Napoli,IT1,27.66324435318275,20.0,mathias olivera,1997,1997.0,Defender,1.1,1.7,46,126,62,16,SSC Napoli,Serie A,0.04173693086003373,0.0645025295109612,1.745362563237774,4.780775716694772,2.3524451939291735,0.6070826306913997,20.864816369741376,0.8648163697413764,4.324081848706882
530742,Fisayo Dele-Bashiru,943,3,1,0.2863202545068929,0.0954400848356309,2025-06-17,7500000.0,2001-02-06,Midfield,Società Sportiva Lazio S.p.A.,IT1,24.39425051334702,7.5,fisayo delebashiru,2001,2001.0,Midfield,1.1,0.8,23,26,57,16,Società Sportiva Lazio S.p.A.,Serie A,0.10498409331919407,0.07635206786850478,2.1951219512195124,2.481442205726405,5.440084835630965,1.5270413573700956,8.318550970325965,0.8185509703259655,10.914012937679539
257474,Vanja Milinković-Savić,3330,0,0,0.0,0.0,2025-06-17,16000000.0,1997-02-20,Goalkeeper,SSC Napoli,IT1,28.355920602327178,16.0,vanja milinkovicsavic,1997,1997.0,Goalkeeper,0.0,0.1,0,0,0,0,SSC Napoli,Serie A,0.0,0.002702702702702703,0.0,0.0,0.0,0.0,16.81801286306287,0.8180128630628687,5.112580394142929
23951,Steve Mandanda,1486,0,0,0.0,0.0,2025-06-03,500000.0,1985-03-28,Goalkeeper,Stade Rennais FC,FR1,40.257357973990416,0.5,steve mandanda,1985,1985.0,Goalkeeper,0.0,0.1,0,0,1,0,Stade Rennais FC,Ligue 1,0.0,0.006056527590847915,0.0,0.0,0.06056527590847914,0.0,1.3026004305879313,0.8026004305879313,160.52008611758626
7825,Pepe Reina,1035,0,0,0.0,0.0,2024-06-07,600000.0,1982-08-31,Goalkeeper,Como 1907,IT1,42.83093771389459,0.6,pepe reina,1982,1982.0,Goalkeeper,0.0,0.0,0,0,0,0,Como 1907,Serie A,0.0,0.0,0.0,0.0,0.0,0.0,1.392866327653828,0.792866327653828,132.14438794230466
61841,Adam Smith,1595,0,0,0.0,0.0,2025-05-30,750000.0,1991-04-29,Defender,AFC Bournemouth,GB1,34.171115674195754,0.75,adam smith,1991,1991.0,Defender,0.7,0.4,15,49,34,3,AFC Bournemouth,Premier League,0.03949843260188088,0.022570532915360503,0.8463949843260189,2.7648902821316614,1.9184952978056429,0.16927899686520376,1.5331318422318423,0.7831318422318423,104.41757896424564
657430,Samú Costa,2655,0,2,0.0,0.0677966101694915,2025-06-09,15000000.0,2000-11-27,Midfield,RCD Mallorca,ES1,24.588637919233403,15.0,samu costa,2000,2000.0,Midfield,1.8,1.2,24,116,69,30,RCD Mallorca,La Liga,0.061016949152542375,0.04067796610169491,0.8135593220338984,3.932203389830508,2.3389830508474576,1.0169491525423728,15.774778367003368,0.7747783670033677,5.165189113355784
129444,David López,2431,1,1,0.037021801727684,0.037021801727684,2025-06-09,1000000.0,1989-10-09,Defender,Girona FC,ES1,35.723477070499655,1.0,david lopez,1989,1989.0,Defender,0.9,0.6,17,132,7,12,Girona FC,La Liga,0.03331962155491568,0.022213081036610446,0.6293706293706294,4.886877828054299,0.2591526120937886,0.444261620732209,1.7702712588337584,0.7702712588337584,77.02712588337583
82350,Stefan Bell,1438,0,1,0.0,0.062586926286509,2025-06-05,800000.0,1991-08-24,Defender,1.FSV Mainz 05,L1,33.8507871321013,0.8,stefan bell,1991,1991.0,Defender,0.8,1.0,8,38,5,12,1.FSV Mainz 05,Bundesliga,0.050069541029207236,0.06258692628650904,0.5006954102920723,2.3783031988873433,0.31293463143254524,0.7510431154381085,1.5693746253746264,0.7693746253746263,96.1718281718283
646750,Cristhian Mosquera,3320,1,0,0.0271084337349397,0.0,2025-06-09,30000000.0,2004-06-27,Defender,Arsenal FC,GB1,21.00752908966461,30.0,cristhian mosquera,2004,2004.0,Defender,0.4,0.0,35,123,6,5,Arsenal FC,Premier League,0.010843373493975903,0.0,0.9487951807228915,3.33433734939759,0.16265060240963855,0.13554216867469882,30.763217966292977,0.7632179662929772,2.5440598876432574
182904,Clément Lenglet,1976,2,1,0.0910931174089068,0.0455465587044534,2025-06-09,7500000.0,1995-06-17,Defender,Atlético de Madrid,ES1,30.036960985626283,7.5,clement lenglet,1995,1995.0,Defender,2.4,1.1,16,79,1,10,Atlético de Madrid,La Liga,0.10931174089068826,0.05010121457489879,0.728744939271255,3.5981781376518223,0.04554655870445344,0.45546558704453444,8.244825781625787,0.7448257816257868,9.931010421677158
86784,Ricardo Rodríguez,1279,0,1,0.0,0.070367474589523,2025-06-09,2000000.0,1992-08-25,Defender,Real Betis Balompié,ES1,32.84599589322382,2.0,ricardo rodriguez,1992,1992.0,Defender,0.2,0.4,19,63,32,5,Real Betis Balompié,La Liga,0.014073494917904614,0.028146989835809228,1.3369820172009383,4.433150899139953,2.251759186864738,0.3518373729476153,2.7430600769600777,0.7430600769600777,37.153003848003884
413220,James Justin,2921,2,2,0.061622731941116,0.061622731941116,2025-05-30,13000000.0,1998-02-23,Defender,Leeds United,GB1,27.34839151266256,13.0,james justin,1998,1998.0,Defender,1.5,0.8,39,91,96,25,Leeds United,Premier League,0.046217048955837045,0.024649092776446425,1.201643272851763,2.8038343033207807,2.957891133173571,0.7702841492639506,13.727981211381215,0.7279812113812145,5.599855472163188
814446,Luca Marianucci,1065,0,0,0.0,0.0,2025-06-17,7500000.0,2004-07-23,Defender,SSC Napoli,IT1,20.93634496919918,7.5,luca marianucci,2004,2004.0,Defender,0.6,0.2,12,28,3,8,SSC Napoli,Serie A,0.05070422535211268,0.016901408450704227,1.0140845070422535,2.3661971830985915,0.2535211267605634,0.676056338028169,8.22308781773781,0.7230878177378095,9.641170903170794
239802,Adam Marusic,2333,4,1,0.1543077582511787,0.0385769395627946,2025-06-17,3500000.0,1992-10-17,Defender,Società Sportiva Lazio S.p.A.,IT1,32.70088980150582,3.5,adam marusic,1992,1992.0,Defender,2.0,0.6,23,84,108,23,Società Sportiva Lazio S.p.A.,Serie A,0.07715387912558937,0.02314616373767681,0.8872696099442778,3.2404629232747535,4.166309472781825,0.8872696099442778,4.217482659932656,0.7174826599326556,20.499504569504445
14086,Ashley Young,1870,1,3,0.0481283422459893,0.1443850267379679,2025-05-30,500000.0,1985-07-09,Defender,Everton FC,GB1,39.97535934291581,0.5,ashley young,1985,1985.0,Defender,0.3,2.3,24,90,32,6,Everton FC,Premier League,0.014438502673796792,0.11069518716577538,1.1550802139037433,4.331550802139037,1.5401069518716577,0.2887700534759358,1.1915637052762054,0.6915637052762054,138.31274105524108
599419,Max Rosenfelder,1245,1,0,0.072289156626506,0.0,2025-06-05,8000000.0,2003-02-10,Defender,SC Freiburg,L1,22.38466803559206,8.0,max rosenfelder,2003,2003.0,Defender,0.4,0.7,24,29,18,5,SC Freiburg,Bundesliga,0.02891566265060241,0.05060240963855422,1.7349397590361448,2.0963855421686746,1.3012048192771084,0.36144578313253006,8.684889755152254,0.6848897551522537,8.561121939403172
229804,Aritz Elustondo,1456,0,0,0.0,0.0,2025-06-09,3000000.0,1994-03-28,Defender,Real Sociedad,ES1,31.2580424366872,3.0,aritz elustondo,1994,1994.0,Defender,0.4,0.2,17,51,4,4,Real Sociedad,La Liga,0.024725274725274724,0.012362637362637362,1.0508241758241759,3.1524725274725274,0.24725274725274726,0.24725274725274726,3.6842991462241486,0.6842991462241486,22.809971540804952
133179,Marten de Roon,3058,4,4,0.1177240026160889,0.1177240026160889,2025-06-17,5000000.0,1991-03-29,Midfield,Atalanta BC,IT1,34.25598904859685,5.0,marten de roon,1991,1991.0,Midfield,0.9,2.3,37,242,32,14,Atalanta BC,Serie A,0.026487900588620012,0.06769130150425114,1.0889470241988228,7.1223021582733805,0.9417920209287116,0.4120340091563113,5.683316835016834,0.6833168350168339,13.666336700336679
340324,Eddie Nketiah,1025,3,2,0.2634146341463415,0.1756097560975609,2025-05-30,18000000.0,1999-05-30,Attack,Crystal Palace,GB1,26.086242299794662,18.0,eddie nketiah,1999,1999.0,Attack,5.8,1.7,41,19,79,43,Crystal Palace,Premier League,0.5092682926829268,0.14926829268292682,3.6,1.6682926829268292,6.9365853658536585,3.775609756097561,18.6814169071669,0.6814169071668985,3.7856494842605475
139279,Nicolas Pallois,2020,0,2,0.0,0.0891089108910891,2025-06-03,400000.0,1987-09-19,Defender,FC Nantes,FR1,37.779603011635864,0.4,nicolas pallois,1987,1987.0,Defender,0.4,0.4,6,52,5,3,FC Nantes,Ligue 1,0.017821782178217824,0.017821782178217824,0.26732673267326734,2.3168316831683167,0.22277227722772278,0.13366336633663367,1.0716685365560357,0.6716685365560356,167.9171341390089
111266,Anthony Losilla,1138,0,0,0.0,0.0,2025-06-05,500000.0,1986-03-10,Midfield,VfL Bochum,L1,39.30732375085558,0.5,anthony losilla,1986,1986.0,Midfield,0.1,0.4,3,45,11,5,VfL Bochum,Bundesliga,0.007908611599297012,0.03163444639718805,0.23725834797891038,3.5588752196836553,0.8699472759226713,0.39543057996485065,1.126661513949014,0.6266615139490139,125.33230278980278
391780,Derrick Köhn,1347,2,2,0.1336302895322939,0.1336302895322939,2025-06-05,5000000.0,1999-02-04,Defender,1.FC Union Berlin,L1,26.401095140314855,5.0,derrick kohn,1999,1999.0,Defender,0.7,1.6,36,39,122,13,1.FC Union Berlin,Bundesliga,0.04677060133630289,0.10690423162583519,2.4053452115812917,2.6057906458797326,8.151447661469934,0.8685968819599108,5.621595811595814,0.6215958115958138,12.431916231916276
93707,Christian Günter,2324,2,4,0.0774526678141136,0.1549053356282272,2025-06-05,3500000.0,1993-02-28,Defender,SC Freiburg,L1,32.33401779603012,3.5,christian gunter,1993,1993.0,Defender,0.8,2.5,19,52,109,21,SC Freiburg,Bundesliga,0.03098106712564544,0.09681583476764198,0.7358003442340793,2.0137693631669533,4.2211703958691915,0.8132530120481928,4.098525444925443,0.5985254449254427,17.100726997869792
177779,Janik Haberer,1704,0,0,0.0,0.0,2025-06-05,2500000.0,1994-04-02,Midfield,1.FC Union Berlin,L1,31.24435318275154,2.5,janik haberer,1994,1994.0,Midfield,0.7,0.8,13,59,22,15,1.FC Union Berlin,Bundesliga,0.03697183098591549,0.04225352112676057,0.6866197183098591,3.1161971830985915,1.1619718309859155,0.7922535211267606,3.093005621693122,0.5930056216931221,23.720224867724884
162434,Niklas Stark,2111,0,1,0.0,0.0426338228327806,2025-06-05,4000000.0,1995-04-14,Defender,SV Werder Bremen,L1,30.21218343600274,4.0,niklas stark,1995,1995.0,Defender,1.1,0.1,7,62,3,12,SV Werder Bremen,Bundesliga,0.04689720511605874,0.004263382283278067,0.2984367598294647,2.6432970156324016,0.12790146849834202,0.5116058739933681,4.576500913900913,0.5765009139009134,14.412522847522835
864799,Stefan Bajcetic,975,1,0,0.0923076923076923,0.0,2025-06-09,9000000.0,2004-10-22,Midfield,Liverpool FC,GB1,20.687200547570157,9.0,stefan bajcetic,2004,2004.0,Midfield,0.3,0.2,8,39,9,5,Liverpool FC,Premier League,0.027692307692307693,0.018461538461538463,0.7384615384615385,3.6,0.8307692307692308,0.46153846153846156,9.56705752765753,0.5670575276575303,6.300639196194781
127181,Benjamin Lecomte,2673,0,0,0.0,0.0,2025-06-03,1500000.0,1991-04-26,Goalkeeper,Fulham FC,GB1,34.17932922655715,1.5,benjamin lecomte,1991,1991.0,Goalkeeper,0.0,0.1,0,1,0,0,Fulham FC,Premier League,0.0,0.003367003367003367,0.0,0.03367003367003367,0.0,0.0,2.0644787531912514,0.5644787531912514,37.631916879416764
199704,Yunis Abdelhamid,1003,0,0,0.0,0.0,2025-06-03,400000.0,1987-09-28,Defender,AS Saint-Étienne,FR1,37.75496235455168,0.4,yunis abdelhamid,1987,1987.0,Defender,0.2,0.1,4,22,3,2,AS Saint-Étienne,Ligue 1,0.01794616151545364,0.00897308075772682,0.35892323030907275,1.9740777666999003,0.2691924227318046,0.17946161515453637,0.9481968133718129,0.5481968133718129,137.04920334295323
135492,Youssouf Sabaly,1590,0,1,0.0,0.0566037735849056,2024-06-07,2500000.0,1993-03-05,Defender,Real Betis Balompié,ES1,32.32032854209446,2.5,youssouf sabaly,1993,1993.0,Defender,0.2,0.8,25,62,63,5,Real Betis Balompié,La Liga,0.011320754716981131,0.045283018867924525,1.4150943396226414,3.5094339622641506,3.5660377358490565,0.2830188679245283,3.0407405483405485,0.5407405483405485,21.62962193362194
82503,Aridane Hernández,1023,0,0,0.0,0.0,2024-06-07,800000.0,1989-03-23,Defender,Rayo Vallecano,ES1,36.27104722792608,0.8,aridane hernandez,1989,1989.0,Defender,0.9,0.0,2,38,0,8,Rayo Vallecano,La Liga,0.07917888563049853,0.0,0.17595307917888564,3.343108504398827,0.0,0.7038123167155426,1.3173506678506672,0.5173506678506672,64.6688334813334
571607,Fabio Miretti,1695,3,3,0.1592920353982301,0.1592920353982301,2025-06-17,14000000.0,2003-08-03,Midfield,Juventus FC,IT1,21.908281998631075,14.0,fabio miretti,2003,2003.0,Midfield,3.1,2.0,33,54,100,24,Juventus FC,Serie A,0.16460176991150444,0.10619469026548672,1.752212389380531,2.8672566371681416,5.3097345132743365,1.2743362831858407,14.485438732563729,0.48543873256372905,3.46741951831235
128901,Conor Coady,1714,1,0,0.0525087514585764,0.0,2025-05-30,2200000.0,1993-02-25,Defender,Leicester City,GB1,32.342231348391515,2.2,conor coady,1993,1993.0,Defender,0.4,0.1,3,32,0,2,Leicester City,Premier League,0.021003500583430573,0.005250875145857643,0.15752625437572929,1.6802800466744456,0.0,0.10501750291715285,2.6777589133089137,0.4777589133089135,21.71631424131425
711337,Evanilson,2336,10,5,0.3852739726027397,0.1926369863013698,2025-05-30,35000000.0,1999-10-06,Attack,AFC Bournemouth,GB1,25.73305954825462,35.0,evanilson,1999,1999.0,Attack,12.5,1.9,29,28,99,72,AFC Bournemouth,Premier League,0.4815924657534246,0.07320205479452054,1.1172945205479452,1.0787671232876712,3.8142123287671237,2.773972602739726,35.46302398989899,0.46302398989899274,1.3229256854256937
670096,Tanner Tessmann,1229,1,0,0.0732302685109845,0.0,2025-06-03,6000000.0,2001-09-24,Midfield,Olympique Lyon,FR1,23.76454483230664,6.0,tanner tessmann,2001,2001.0,Midfield,1.0,0.6,11,56,27,18,Olympique Lyon,Ligue 1,0.07323026851098453,0.043938161106590726,0.8055329536208299,4.100895036615134,1.9772172497965828,1.3181448331977217,6.419772075147075,0.41977207514707526,6.996201252451255
174196,Kenny Lala,2685,3,2,0.100558659217877,0.0670391061452514,2025-06-03,2000000.0,1991-10-03,Defender,Stade Brestois 29,FR1,33.74127310061601,2.0,kenny lala,1991,1991.0,Defender,3.0,4.3,58,138,91,9,Stade Brestois 29,Ligue 1,0.10055865921787709,0.1441340782122905,1.9441340782122907,4.625698324022347,3.0502793296089385,0.3016759776536313,2.41354523902024,0.4135452390202401,20.677261951012007
66100,Oriol Romeu,1359,0,0,0.0,0.0,2025-06-09,1200000.0,1991-09-24,Midfield,Girona FC,ES1,33.765913757700204,1.2,oriol romeu,1991,1991.0,Midfield,0.1,0.3,22,73,8,5,Girona FC,La Liga,0.006622516556291391,0.019867549668874173,1.456953642384106,4.8344370860927155,0.5298013245033113,0.33112582781456956,1.6087742965367968,0.40877429653679687,34.06452471139974
597432,Leopold Querfeld,1742,2,2,0.1033295063145809,0.1033295063145809,2025-06-05,13000000.0,2003-12-20,Defender,1.FC Union Berlin,L1,21.527720739219713,13.0,leopold querfeld,2003,2003.0,Defender,1.1,1.0,3,49,5,16,1.FC Union Berlin,Bundesliga,0.056831228473019524,0.05166475315729047,0.1549942594718714,2.5315729047072333,0.2583237657864524,0.8266360505166476,13.404618698893701,0.4046186988937013,3.1124515299515485
955070,Ernest Nuamah,1054,3,1,0.2561669829222011,0.0853889943074003,2025-06-03,15000000.0,2003-11-01,Attack,Olympique Lyon,FR1,21.661875427789184,15.0,ernest nuamah,2003,2003.0,Attack,2.2,1.5,44,33,131,28,Olympique Lyon,Ligue 1,0.18785578747628087,0.12808349146110057,3.757115749525617,2.8178368121442126,11.18595825426945,2.390891840607211,15.383910502460497,0.3839105024604965,2.5594033497366433
277384,Martin Valjent,2765,3,0,0.0976491862567811,0.0,2025-06-09,6000000.0,1995-12-11,Defender,RCD Mallorca,ES1,29.5523613963039,6.0,martin valjent,1995,1995.0,Defender,0.8,0.1,23,91,17,12,RCD Mallorca,La Liga,0.026039783001808318,0.0032549728752260397,0.7486437613019892,2.9620253164556964,0.5533453887884268,0.39059674502712477,6.378499242424245,0.3784992424242448,6.308320707070747
502722,Luka Sucic,1794,1,2,0.0501672240802675,0.1003344481605351,2025-06-09,15000000.0,2002-09-08,Midfield,Real Sociedad,ES1,22.809034907597535,15.0,luka sucic,2002,2002.0,Midfield,3.3,2.6,30,79,56,43,Real Sociedad,La Liga,0.16555183946488294,0.13043478260869565,1.5050167224080266,3.9632107023411374,2.809364548494983,2.157190635451505,15.376568254893257,0.3765682548932574,2.510455032621716
125020,José Luis Palomino,1077,1,0,0.0835654596100278,0.0,2025-06-17,700000.0,1990-01-05,Defender,Club Atlético Talleres,ARG1,35.48254620123203,0.7,jose luis palomino,1990,1990.0,Defender,0.5,0.0,4,35,1,2,Club Atlético Talleres,,0.04178272980501393,0.0,0.3342618384401114,2.9247910863509747,0.08356545961002786,0.1671309192200557,1.0610079846079834,0.36100798460798345,51.57256922971193
118534,Michael Keane,1046,3,0,0.2581261950286806,0.0,2025-05-30,5000000.0,1993-01-11,Defender,Everton FC,GB1,32.46543463381246,5.0,michael keane,1993,1993.0,Defender,0.6,0.1,1,14,3,10,Everton FC,Premier League,0.05162523900573614,0.008604206500956023,0.08604206500956023,1.2045889101338434,0.25812619502868067,0.8604206500956023,5.34742172919673,0.3474217291967303,6.948434583934607
55769,Danilo D'Ambrosio,1095,0,1,0.0,0.0821917808219178,2025-06-17,700000.0,1988-09-09,Defender,AC Monza,IT1,36.80492813141684,0.7,danilo dambrosio,1988,1988.0,Defender,0.5,0.4,10,34,16,9,AC Monza,Serie A,0.0410958904109589,0.03287671232876713,0.821917808219178,2.7945205479452055,1.3150684931506849,0.7397260273972602,1.0410378686128687,0.3410378686128688,48.71969551612411
256267,Vedat Muriqi,2067,7,2,0.3047895500725689,0.0870827285921625,2025-06-09,5000000.0,1994-04-24,Attack,RCD Mallorca,ES1,31.184120465434635,5.0,vedat muriqi,1994,1994.0,Attack,9.7,2.2,23,30,103,52,RCD Mallorca,La Liga,0.42235123367198835,0.09579100145137882,1.0014513788098693,1.3062409288824384,4.484760522496371,2.2641509433962264,5.322055447330446,0.3220554473304462,6.441108946608924
94005,Sead Kolasinac,1910,0,2,0.0,0.0942408376963351,2025-06-17,7000000.0,1993-06-20,Defender,Atalanta BC,IT1,32.02737850787132,7.0,sead kolasinac,1993,1993.0,Defender,0.8,1.8,52,142,47,10,Atalanta BC,Serie A,0.03769633507853404,0.08481675392670157,2.4502617801047117,6.691099476439791,2.2146596858638743,0.47120418848167545,7.306398556998559,0.306398556998559,4.377122242836557
501418,Adrià Pedrosa,2304,1,1,0.0390625,0.0390625,2025-06-09,7000000.0,1998-05-13,Defender,Elche CF,ES1,27.132101300479125,7.0,adria pedrosa,1998,1998.0,Defender,0.9,1.6,41,79,96,24,Elche CF,La Liga,0.03515625,0.0625,1.6015625,3.0859375000000004,3.75,0.9375,7.30190648148148,0.30190648148148025,4.312949735449718
108354,Jordan Ayew,1663,5,0,0.2705953096812988,0.0,2025-05-30,2500000.0,1991-09-11,Attack,Leicester City,GB1,33.80150581793292,2.5,jordan ayew,1991,1991.0,Attack,3.7,1.1,49,46,87,32,Leicester City,Premier League,0.20024052916416119,0.05953096812988575,2.651834034876729,2.4894768490679495,4.7083583884546005,1.7318099819603128,2.7948132432382433,0.2948132432382433,11.792529729529733
459665,Patrizio Masini,1533,1,0,0.0587084148727984,0.0,2025-06-17,6000000.0,2001-01-27,Midfield,Genoa CFC,IT1,24.421629021218344,6.0,patrizio masini,2001,2001.0,Midfield,0.4,0.2,16,44,27,8,Genoa CFC,Serie A,0.023483365949119376,0.011741682974559688,0.9393346379647749,2.583170254403131,1.5851272015655575,0.46966731898238745,6.291800527250529,0.29180052725052885,4.863342120842148
55089,Oliver Baumann,2520,0,0,0.0,0.0,2025-06-05,3000000.0,1990-06-02,Goalkeeper,TSG 1899 Hoffenheim,L1,35.07734428473648,3.0,oliver baumann,1990,1990.0,Goalkeeper,0.0,1.0,0,1,0,0,TSG 1899 Hoffenheim,Bundesliga,0.0,0.03571428571428571,0.0,0.03571428571428571,0.0,0.0,3.2770180777555766,0.27701807775557663,9.233935925185888
496745,Emil Holm,1135,1,1,0.079295154185022,0.079295154185022,2025-06-17,8000000.0,2000-05-13,Defender,Juventus FC,IT1,25.130732375085557,8.0,emil holm,2000,2000.0,Defender,0.6,0.7,29,49,43,10,Juventus FC,Serie A,0.04757709251101321,0.05550660792951542,2.2995594713656384,3.885462555066079,3.409691629955947,0.7929515418502203,8.258171060421057,0.2581710604210574,3.2271382552632177
583189,Anthony Elanga,2510,6,11,0.2151394422310756,0.3944223107569721,2025-05-30,42000000.0,2002-04-27,Attack,Newcastle United,GB1,23.17590691307324,42.0,anthony elanga,2002,2002.0,Attack,4.5,5.7,102,63,229,44,Newcastle United,Premier League,0.16135458167330677,0.2043824701195219,3.6573705179282867,2.258964143426295,8.211155378486056,1.5776892430278886,42.25167813852816,0.25167813852816323,0.5992336631622933
197747,Alessio Romagnoli,2673,2,0,0.0673400673400673,0.0,2025-06-17,7000000.0,1995-01-12,Defender,Società Sportiva Lazio S.p.A.,IT1,30.46406570841889,7.0,alessio romagnoli,1995,1995.0,Defender,2.4,0.3,8,90,4,20,Società Sportiva Lazio S.p.A.,Serie A,0.08080808080808081,0.010101010101010102,0.26936026936026936,3.0303030303030303,0.13468013468013468,0.6734006734006733,7.247846404521405,0.24784640452140483,3.540662921734355
33571,Lorenzo De Silvestri,1065,1,0,0.0845070422535211,0.0,2025-06-17,800000.0,1988-05-23,Defender,Bologna Football Club 1909,IT1,37.10335386721424,0.8,lorenzo de silvestri,1988,1988.0,Defender,0.8,0.3,4,46,30,9,Bologna Football Club 1909,Serie A,0.06760563380281691,0.02535211267605634,0.3380281690140845,3.887323943661972,2.535211267605634,0.76056338028169,1.0297892006142002,0.22978920061420016,28.72365007677502
389837,Nicolò Casale,1033,0,1,0.0,0.0871248789932236,2025-06-17,6000000.0,1998-02-14,Defender,Bologna Football Club 1909,IT1,27.37303216974675,6.0,nicolo casale,1998,1998.0,Defender,0.5,0.5,3,35,2,5,Bologna Football Club 1909,Serie A,0.04356243949661181,0.04356243949661181,0.2613746369796709,3.0493707647628265,0.17424975798644723,0.4356243949661181,6.217925806600808,0.21792580660080763,3.632096776680127
80293,Aïssa Mandi,1736,0,0,0.0,0.0,2025-06-03,1200000.0,1991-10-22,Defender,LOSC Lille,FR1,33.68925393566051,1.2,aissa mandi,1991,1991.0,Defender,0.3,0.4,12,82,21,6,LOSC Lille,Ligue 1,0.01555299539170507,0.020737327188940093,0.6221198156682028,4.251152073732719,1.0887096774193548,0.3110599078341014,1.4048427507677503,0.20484275076775038,17.070229230645868
483348,Djed Spence,1791,1,2,0.050251256281407,0.100502512562814,2025-05-30,20000000.0,2000-08-09,Defender,Tottenham Hotspur,GB1,24.889801505817932,20.0,djed spence,2000,2000.0,Defender,0.6,1.8,59,105,70,10,Tottenham Hotspur,Premier League,0.030150753768844216,0.09045226130653267,2.9648241206030153,5.276381909547739,3.517587939698492,0.5025125628140703,20.183375120250112,0.18337512025011193,0.9168756012505598
462823,Gustav Isaksen,2228,4,3,0.1615798922800718,0.1211849192100538,2025-06-17,20000000.0,2001-04-19,Attack,Società Sportiva Lazio S.p.A.,IT1,24.197125256673512,20.0,gustav isaksen,2001,2001.0,Attack,5.2,2.1,95,46,249,54,Società Sportiva Lazio S.p.A.,Serie A,0.21005385996409334,0.0848294434470377,3.8375224416517053,1.858168761220826,10.05834829443447,2.1813285457809695,20.075153636178634,0.07515363617863358,0.3757681808931679
364258,Bernardo,1781,0,0,0.0,0.0,2025-06-05,5500000.0,1995-05-14,Defender,TSG 1899 Hoffenheim,L1,30.130047912388775,5.5,bernardo,1995,1995.0,Defender,0.7,0.7,14,100,14,8,TSG 1899 Hoffenheim,Bundesliga,0.035373385738349236,0.035373385738349236,0.7074677147669848,5.053340819764177,0.7074677147669848,0.40426726558113424,5.573597930772934,0.07359793077293375,1.3381441958715228
923832,Nathan Zézé,1513,0,0,0.0,0.0,2025-06-03,15000000.0,2005-06-18,Defender,Neom Sports Club,SA1,20.032854209445585,15.0,nathan zeze,2005,2005.0,Defender,0.3,0.0,2,46,0,6,Neom Sports Club,,0.01784534038334435,0.0,0.11896893588896232,2.736285525446134,0.0,0.356906807666887,15.070999963924956,0.07099996392495633,0.4733330928330422
74842,Mario Götze,1549,3,2,0.1743060038734667,0.1162040025823111,2025-06-05,4000000.0,1992-06-03,Midfield,Eintracht Frankfurt,L1,33.073237508555785,4.0,mario gotze,1992,1992.0,Midfield,2.9,3.1,29,88,96,8,Eintracht Frankfurt,Bundesliga,0.1684958037443512,0.1801162040025823,1.684958037443512,5.112976113621691,5.577792123950936,0.46481601032924463,4.027846780996783,0.02784678099678306,0.6961695249195765
44058,Wojciech Szczesny,1350,0,0,0.0,0.0,2025-06-09,1000000.0,1990-04-18,Goalkeeper,FC Barcelona,ES1,35.200547570157426,1.0,wojciech szczesny,1990,1990.0,Goalkeeper,0.0,0.0,0,0,0,0,FC Barcelona,La Liga,0.0,0.0,0.0,0.0,0.0,0.0,1.003711886724386,0.0037118867243859377,0.37118867243859377
74960,Martin Dúbravka,900,0,0,0.0,0.0,2025-05-30,1000000.0,1989-01-15,Goalkeeper,Burnley FC,GB1,36.45448323066393,1.0,martin dubravka,1989,1989.0,Goalkeeper,0.0,0.0,0,0,0,0,Burnley FC,Premier League,0.0,0.0,0.0,0.0,0.0,0.0,0.9920881433381422,-0.007911856661857786,-0.7911856661857786
575998,Leonardo Balerdi,2276,0,0,0.0,0.0,2025-06-03,20000000.0,1999-01-26,Defender,Olympique Marseille,FR1,26.42573579739904,20.0,leonardo balerdi,1999,1999.0,Defender,0.9,0.7,13,105,5,15,Olympique Marseille,Ligue 1,0.035588752196836555,0.02768014059753954,0.5140597539543058,4.1520210896309315,0.19771528998242532,0.5931458699472759,19.985371632996635,-0.014628367003364673,-0.07314183501682336
735568,Natan,2171,1,1,0.0414555504375863,0.0414555504375863,2025-06-09,9000000.0,2001-02-06,Defender,Real Betis Balompié,ES1,24.39425051334702,9.0,natan,2001,2001.0,Defender,0.3,0.6,12,52,6,9,Real Betis Balompié,La Liga,0.012436665131275908,0.024873330262551816,0.4974666052510364,2.155688622754491,0.2487333026255182,0.37309995393827733,8.977225133200124,-0.022774866799876392,-0.25305407555418213
346551,Kamil Grabara,2586,0,0,0.0,0.0,2025-06-05,14000000.0,1999-01-08,Goalkeeper,VfL Wolfsburg,L1,26.47501711156742,14.0,kamil grabara,1999,1999.0,Goalkeeper,0.0,0.0,0,2,0,0,VfL Wolfsburg,Bundesliga,0.0,0.0,0.0,0.06960556844547564,0.0,0.0,13.969168434343434,-0.030831565656566084,-0.22022546897547202
533738,Jonathan David,2559,16,5,0.5627198124267292,0.1758499413833528,2025-06-03,45000000.0,2000-01-14,Attack,Juventus FC,IT1,25.45927446954141,45.0,jonathan david,2000,2000.0,Attack,16.2,4.4,40,65,184,66,Juventus FC,Serie A,0.5697538100820633,0.15474794841735054,1.4067995310668229,2.2860492379835873,6.471277842907385,2.321219226260258,44.95407057294556,-0.04592942705443903,-0.10206539345430897
60561,Anthony Lopes,1564,0,0,0.0,0.0,2025-06-03,1200000.0,1990-10-01,Goalkeeper,FC Nantes,FR1,34.7460643394935,1.2,anthony lopes,1990,1990.0,Goalkeeper,0.0,0.0,0,0,0,0,FC Nantes,Ligue 1,0.0,0.0,0.0,0.0,0.0,0.0,1.1502030242905241,-0.04979697570947583,-4.149747975789653
415912,Konstantinos Mavropanos,2037,0,0,0.0,0.0,2025-05-30,17000000.0,1997-12-11,Defender,West Ham United,GB1,27.550992470910337,17.0,konstantinos mavropanos,1997,1997.0,Defender,1.5,0.5,17,61,2,18,West Ham United,Premier League,0.0662739322533137,0.022091310751104563,0.7511045655375552,2.695139911634757,0.08836524300441825,0.7952871870397643,16.93789930254931,-0.06210069745068836,-0.36529822029816683
547985,Fabiano Parisi,1116,2,0,0.1612903225806451,0.0,2025-06-17,6000000.0,2000-11-09,Defender,ACF Fiorentina,IT1,24.637919233401774,6.0,fabiano parisi,2000,2000.0,Defender,0.5,0.8,25,40,35,8,ACF Fiorentina,Serie A,0.04032258064516129,0.06451612903225806,2.0161290322580645,3.225806451612903,2.82258064516129,0.6451612903225806,5.932478687978688,-0.06752131202131206,-1.1253552003552012
377393,Pierre Lees-Melou,1528,2,2,0.1178010471204188,0.1178010471204188,2025-06-03,6000000.0,1993-05-25,Midfield,Stade Brestois 29,FR1,32.09856262833676,6.0,pierre leesmelou,1993,1993.0,Midfield,1.3,2.8,23,105,36,22,Stade Brestois 29,Ligue 1,0.07657068062827226,0.16492146596858637,1.3547120418848169,6.18455497382199,2.1204188481675392,1.2958115183246073,5.927646418396415,-0.0723535816035854,-1.2058930267264234
406638,Oliver Skipp,1122,0,0,0.0,0.0,2025-05-30,10000000.0,2000-09-16,Midfield,Leicester City,GB1,24.78576317590691,10.0,oliver skipp,2000,2000.0,Midfield,0.4,0.3,16,35,19,5,Leicester City,Premier League,0.03208556149732621,0.02406417112299465,1.2834224598930482,2.8074866310160425,1.5240641711229945,0.40106951871657753,9.927205955155957,-0.07279404484404317,-0.7279404484404317
628366,Lucas Beltrán,1958,5,5,0.229826353421859,0.229826353421859,2025-06-17,18000000.0,2001-03-29,Attack,Club Atlético River Plate,ARG1,24.254620123203285,18.0,lucas beltran,2001,2001.0,Attack,5.4,3.0,23,64,94,26,Club Atlético River Plate,,0.24821246169560776,0.1378958120531154,1.0572012257405516,2.941777323799796,4.32073544433095,1.195097037793667,17.905667125467133,-0.0943328745328671,-0.524071525182595
733576,Alberto Moleiro,2728,6,1,0.1979472140762463,0.032991202346041,2025-06-09,25000000.0,2003-09-30,Attack,Villarreal CF,ES1,21.749486652977417,25.0,alberto moleiro,2003,2003.0,Attack,5.6,3.3,97,116,179,68,Villarreal CF,La Liga,0.18475073313782991,0.10887096774193547,3.200146627565983,3.826979472140762,5.905425219941349,2.2434017595307916,24.870022342472335,-0.12997765752766455,-0.5199106301106582
263918,Aleksandr Golovin,1153,3,0,0.2341717259323504,0.0,2025-06-03,20000000.0,1996-05-30,Midfield,AS Monaco,FR1,29.084188911704313,20.0,aleksandr golovin,1996,1996.0,Midfield,2.3,2.4,39,112,72,24,AS Monaco,Ligue 1,0.1795316565481353,0.18733738074588033,3.044232437120555,8.742411101474415,5.6201214223764095,1.873373807458803,19.86712703685203,-0.13287296314797103,-0.6643648157398552
246291,Diego Llorente,2521,2,0,0.0714002380007933,0.0,2025-06-09,6000000.0,1993-08-16,Defender,Real Betis Balompié,ES1,31.871321013004792,6.0,diego llorente,1993,1993.0,Defender,1.5,0.3,7,81,3,11,Real Betis Balompié,La Liga,0.053550178500595,0.010710035700119,0.24990083300277666,2.89170963903213,0.10710035700119,0.3927013090043634,5.853630784030784,-0.14636921596921582,-2.4394869328202633
57071,Péter Gulácsi,2632,0,0,0.0,0.0,2025-06-05,2000000.0,1990-05-06,Goalkeeper,RB Leipzig,L1,35.15126625598905,2.0,peter gulacsi,1990,1990.0,Goalkeeper,0.0,0.0,0,0,0,0,RB Leipzig,Bundesliga,0.0,0.0,0.0,0.0,0.0,0.0,1.8160061854811849,-0.18399381451881514,-9.199690725940757
707844,Mandela Keita,1828,0,2,0.0,0.0984682713347921,2025-06-17,12000000.0,2002-05-10,Midfield,Parma Calcio 1913,IT1,23.14031485284052,12.0,mandela keita,2002,2002.0,Midfield,0.1,1.0,13,50,5,5,Parma Calcio 1913,Serie A,0.004923413566739606,0.04923413566739606,0.6400437636761488,2.461706783369803,0.2461706783369803,0.2461706783369803,11.778858746808751,-0.22114125319124867,-1.8428437765937389
165513,Berat Djimsiti,2648,1,2,0.0339879154078549,0.0679758308157099,2025-06-17,6000000.0,1993-02-19,Defender,Atalanta BC,IT1,32.3586584531143,6.0,berat djimsiti,1993,1993.0,Defender,2.7,1.3,32,109,42,20,Atalanta BC,Serie A,0.09176737160120846,0.04418429003021149,1.0876132930513596,3.704682779456193,1.4274924471299093,0.6797583081570997,5.774736001961,-0.22526399803899988,-3.754399967316665
166601,Niklas Süle,1058,0,0,0.0,0.0,2025-06-05,8000000.0,1995-09-03,Defender,Borussia Dortmund,L1,29.82340862422998,8.0,niklas sule,1995,1995.0,Defender,0.6,0.1,15,47,10,9,Borussia Dortmund,Bundesliga,0.051039697542533076,0.008506616257088847,1.275992438563327,3.9981096408317582,0.8506616257088847,0.7655954631379962,7.753487938912938,-0.2465120610870617,-3.081400763588271
341051,Kyle Walker-Peters,2922,0,2,0.0,0.0616016427104722,2025-05-30,15000000.0,1997-04-13,Defender,West Ham United,GB1,28.213552361396303,15.0,kyle walkerpeters,1997,1997.0,Defender,0.8,2.8,114,139,144,20,West Ham United,Premier League,0.024640657084188913,0.08624229979466119,3.51129363449692,4.281314168377824,4.435318275154004,0.6160164271047228,14.752263961038949,-0.247736038961051,-1.6515735930736735
15452,Raúl Albiol,1189,0,0,0.0,0.0,2025-06-09,1000000.0,1985-09-04,Defender,Pisa Sporting Club,IT1,39.81930184804928,1.0,raul albiol,1985,1985.0,Defender,0.1,0.0,3,34,0,2,Pisa Sporting Club,Serie A,0.007569386038687974,0.0,0.2270815811606392,2.573591253153911,0.0,0.15138772077375945,0.7295329883079881,-0.2704670116920119,-27.046701169201192
445939,Omar Marmoush,2639,22,12,0.7502841985600606,0.4092459264873058,2025-05-30,75000000.0,1999-02-07,Attack,Manchester City,GB1,26.392881587953458,75.0,omar marmoush,1999,1999.0,Attack,14.3,9.0,102,87,203,124,Manchester City,Premier League,0.4876847290640395,0.30693444486547933,3.4785903751420992,2.967032967032967,6.923076923076923,4.22887457370216,74.72026250601247,-0.27973749398752545,-0.3729833253167006
121985,Juan Jesus,1074,0,1,0.0,0.0837988826815642,2025-06-17,1500000.0,1991-06-10,Defender,SSC Napoli,IT1,34.05612594113621,1.5,juan jesus,1991,1991.0,Defender,0.3,0.0,3,50,2,3,SSC Napoli,Serie A,0.02513966480446927,0.0,0.25139664804469275,4.189944134078212,0.16759776536312848,0.25139664804469275,1.184664957727459,-0.31533504227254094,-21.022336151502728
324358,Ollie Watkins,2610,16,8,0.5517241379310345,0.2758620689655172,2025-05-30,40000000.0,1995-12-30,Attack,Aston Villa,GB1,29.50034223134839,40.0,ollie watkins,1995,1995.0,Attack,15.3,3.3,55,31,165,82,Aston Villa,Premier League,0.5275862068965518,0.11379310344827585,1.896551724137931,1.0689655172413792,5.689655172413794,2.8275862068965516,39.65775204425201,-0.34224795574799316,-0.8556198893699829
343537,Artem Dovbyk,2432,12,3,0.444078947368421,0.1110197368421052,2025-06-17,30000000.0,1997-06-21,Attack,Associazione Sportiva Roma,IT1,28.024640657084188,30.0,artem dovbyk,1997,1997.0,Attack,11.9,2.4,24,16,175,61,Associazione Sportiva Roma,Serie A,0.44037828947368424,0.08881578947368421,0.888157894736842,0.5921052631578947,6.476151315789474,2.257401315789474,29.65189472101971,-0.34810527898029164,-1.1603509299343056
187718,Clinton Mata,2370,0,4,0.0,0.1518987341772152,2025-06-03,3500000.0,1992-11-07,Defender,Olympique Lyon,FR1,32.643394934976044,3.5,clinton mata,1992,1992.0,Defender,0.2,1.4,20,88,23,5,Olympique Lyon,Ligue 1,0.00759493670886076,0.05316455696202531,0.7594936708860759,3.3417721518987342,0.8734177215189874,0.18987341772151897,3.147206700706701,-0.35279329929329917,-10.07980855123712
53622,İlkay Gündoğan,2229,1,7,0.0403768506056527,0.2826379542395693,2025-05-30,5000000.0,1990-10-24,Midfield,Manchester City,GB1,34.68309377138946,5.0,ilkay gundogan,1990,1990.0,Midfield,3.2,3.5,64,127,96,27,Manchester City,Premier League,0.12920592193808883,0.14131897711978467,2.5841184387617764,5.1278600269179,3.876177658142665,1.0901749663526246,4.63111774290524,-0.36888225709475986,-7.377645141895198
355816,Ko Itakura,2790,3,1,0.0967741935483871,0.032258064516129,2025-06-05,12000000.0,1997-01-27,Defender,Ajax Amsterdam,NL1,28.421629021218344,12.0,ko itakura,1997,1997.0,Defender,1.6,0.8,23,69,5,21,Ajax Amsterdam,,0.05161290322580645,0.025806451612903226,0.7419354838709677,2.225806451612903,0.16129032258064516,0.6774193548387097,11.62699443611944,-0.37300556388055917,-3.1083796990046597
256448,Gianluca Mancini,3144,2,1,0.0572519083969465,0.0286259541984732,2025-06-17,15000000.0,1996-04-17,Defender,Associazione Sportiva Roma,IT1,29.201916495550993,15.0,gianluca mancini,1996,1996.0,Defender,1.7,0.9,45,139,23,22,Associazione Sportiva Roma,Serie A,0.04866412213740458,0.025763358778625955,1.2881679389312977,3.9790076335877864,0.6583969465648856,0.6297709923664122,14.625119479594481,-0.3748805204055188,-2.499203469370125
249126,Harry Winks,1540,0,2,0.0,0.1168831168831168,2025-05-30,9000000.0,1996-02-02,Midfield,Leicester City,GB1,29.4072553045859,9.0,harry winks,1996,1996.0,Midfield,0.2,1.2,19,101,11,10,Leicester City,Premier League,0.011688311688311689,0.07012987012987013,1.1103896103896105,5.902597402597402,0.6428571428571428,0.5844155844155845,8.624524933399934,-0.3754750666000657,-4.171945184445174
683895,Emmanuel Agbadou,2671,1,0,0.0336952452265069,0.0,2025-05-30,20000000.0,1997-06-17,Defender,Beşiktaş Jimnastik Kulübü,TR1,28.035592060232716,20.0,emmanuel agbadou,1997,1997.0,Defender,1.3,0.5,16,108,2,22,Beşiktaş Jimnastik Kulübü,,0.04380381879445901,0.016847622613253465,0.5391239236241109,3.6390864844627484,0.06739049045301386,0.7412953949831524,19.620900015725024,-0.37909998427497626,-1.8954999213748813
54906,Matteo Darmian,1782,3,2,0.1515151515151515,0.101010101010101,2025-06-17,2500000.0,1989-12-02,Defender,Inter Milan,IT1,35.57563312799452,2.5,matteo darmian,1989,1989.0,Defender,1.9,1.5,14,45,102,11,Inter Milan,Serie A,0.09595959595959597,0.07575757575757576,0.7070707070707072,2.2727272727272725,5.151515151515151,0.5555555555555556,2.114226043401042,-0.3857739565989582,-15.430958263958328
121477,Craig Dawson,970,0,0,0.0,0.0,2025-05-30,1500000.0,1990-05-06,Defender,Wolverhampton Wanderers,GB1,35.15126625598905,1.5,craig dawson,1990,1990.0,Defender,0.5,0.0,6,20,5,5,Wolverhampton Wanderers,Premier League,0.04639175257731959,0.0,0.5567010309278351,1.8556701030927836,0.4639175257731959,0.4639175257731959,1.0895798701298702,-0.41042012987012977,-27.361341991341988
45672,Kevin Trapp,2295,0,0,0.0,0.0,2025-06-05,2500000.0,1990-07-08,Goalkeeper,Paris FC,FR1,34.978781656399725,2.5,kevin trapp,1990,1990.0,Goalkeeper,0.0,0.0,0,1,0,0,Paris FC,Ligue 1,0.0,0.0,0.0,0.0392156862745098,0.0,0.0,2.0803931096681096,-0.41960689033189036,-16.784275613275614
289255,Andoni Gorosabel,1490,0,2,0.0,0.1208053691275167,2025-06-09,5000000.0,1996-08-04,Defender,Athletic Bilbao,ES1,28.903490759753595,5.0,andoni gorosabel,1996,1996.0,Defender,0.3,1.8,17,51,59,2,Athletic Bilbao,La Liga,0.018120805369127517,0.10872483221476512,1.0268456375838926,3.080536912751678,3.563758389261745,0.12080536912751677,4.539105315055313,-0.4608946849446873,-9.217893698893747
48015,Lukas Hradecky,2610,0,0,0.0,0.0,2025-06-05,2000000.0,1989-11-24,Goalkeeper,AS Monaco,FR1,35.59753593429158,2.0,lukas hradecky,1989,1989.0,Goalkeeper,0.0,0.0,0,0,0,0,AS Monaco,Ligue 1,0.0,0.0,0.0,0.0,0.0,0.0,1.515600529100529,-0.484399470899471,-24.21997354497355
290249,Mauro Arambarri,2664,10,0,0.3378378378378378,0.0,2025-06-09,12000000.0,1995-09-30,Midfield,Getafe CF,ES1,29.749486652977417,12.0,mauro arambarri,1995,1995.0,Midfield,8.2,0.6,17,75,55,53,Getafe CF,La Liga,0.27702702702702703,0.02027027027027027,0.5743243243243243,2.5337837837837838,1.8581081081081081,1.7905405405405406,11.489624975949972,-0.5103750240500275,-4.253125200416896
331726,Tammy Abraham,1178,3,5,0.2292020373514431,0.3820033955857385,2025-06-17,15000000.0,1997-10-02,Attack,Beşiktaş Jimnastik Kulübü,TR1,27.742642026009584,15.0,tammy abraham,1997,1997.0,Attack,7.1,2.2,8,27,71,26,Beşiktaş Jimnastik Kulübü,,0.5424448217317487,0.16808149405772496,0.6112054329371817,2.062818336162988,5.4244482173174875,1.9864176570458405,14.473274362674356,-0.5267256373256437,-3.5115042488376247
292808,Wout Faes,2812,1,0,0.0320056899004267,0.0,2025-05-30,15000000.0,1998-04-03,Defender,AS Monaco,FR1,27.241615331964407,15.0,wout faes,1998,1998.0,Defender,1.5,0.1,12,86,1,12,AS Monaco,Ligue 1,0.04800853485064012,0.0032005689900426746,0.38406827880512096,2.7524893314366996,0.032005689900426744,0.38406827880512096,14.451230627705632,-0.5487693722943678,-3.6584624819624523
461833,Caleb Okoli,1124,1,0,0.0800711743772241,0.0,2024-06-05,8000000.0,2001-07-13,Defender,Leicester City,GB1,23.964407939767284,8.0,caleb okoli,2001,2001.0,Defender,0.6,0.0,3,32,2,4,Leicester City,Premier League,0.04804270462633451,0.0,0.2402135231316726,2.562277580071174,0.16014234875444838,0.32028469750889677,7.438734195434192,-0.5612658045658083,-7.015822557072604
443331,Patrick Osterhage,2273,1,0,0.0395952485701715,0.0,2025-06-05,10000000.0,2000-02-01,Midfield,SC Freiburg,L1,25.409993155373034,10.0,patrick osterhage,2000,2000.0,Midfield,1.7,1.4,26,73,50,21,SC Freiburg,Bundesliga,0.06731192256929168,0.05543334799824021,1.029476462824461,2.8904531456225255,1.979762428508579,0.8315002199736032,9.419266546416548,-0.5807334535834521,-5.807334535834521
539134,Daniel Maldini,1566,6,1,0.3448275862068965,0.0574712643678161,2025-06-17,10000000.0,2001-10-11,Midfield,Società Sportiva Lazio S.p.A.,IT1,23.718001368925393,10.0,daniel maldini,2001,2001.0,Midfield,4.8,0.9,41,34,66,39,Società Sportiva Lazio S.p.A.,Serie A,0.27586206896551724,0.05172413793103448,2.3563218390804597,1.9540229885057472,3.793103448275862,2.2413793103448274,9.351334198209203,-0.6486658017907967,-6.486658017907968
466801,Sergi Altimira,1973,0,1,0.0,0.0456158134820071,2025-06-09,15000000.0,2001-08-25,Midfield,Real Betis Balompié,ES1,23.8466803559206,15.0,sergi altimira,2001,2001.0,Midfield,1.7,1.7,25,99,30,21,Real Betis Balompié,La Liga,0.07754688291941206,0.07754688291941206,1.1403953370501774,4.515965534718703,1.3684744044602128,0.9579320831221491,14.285177019277025,-0.7148229807229747,-4.765486538153165
258987,Carl Starfelt,2271,1,0,0.0396301188903566,0.0,2025-06-09,6000000.0,1995-06-01,Defender,Celta de Vigo,ES1,30.080766598220396,6.0,carl starfelt,1995,1995.0,Defender,0.5,0.2,11,66,1,5,Celta de Vigo,La Liga,0.019815059445178335,0.007926023778071336,0.43593130779392336,2.6155878467635403,0.03963011889035667,0.19815059445178337,5.246925210900214,-0.7530747890997862,-12.551246484996437
273132,Robin Gosens,2617,5,5,0.1719526175009553,0.1719526175009553,2025-06-17,8000000.0,1994-07-05,Defender,ACF Fiorentina,IT1,30.98699520876112,8.0,robin gosens,1994,1994.0,Defender,1.8,2.5,32,106,96,24,ACF Fiorentina,Serie A,0.061902942300343905,0.08597630875047765,1.100496752006114,3.6453954910202517,3.3014902560183415,0.8253725640045854,7.190112519887519,-0.8098874801124811,-10.123593501406013
272855,Paul Onuachu,1045,4,1,0.3444976076555024,0.0861244019138756,2025-05-30,6000000.0,1994-05-28,Attack,Trabzonspor,TR1,31.091033538672143,6.0,paul onuachu,1994,1994.0,Attack,3.6,0.5,7,13,40,34,Trabzonspor,,0.31004784688995213,0.0430622009569378,0.6028708133971292,1.1196172248803828,3.4449760765550237,2.92822966507177,5.182363888888891,-0.817636111111109,-13.627268518518484
438001,Santiago Bueno,1682,0,0,0.0,0.0,2025-05-30,10000000.0,1998-11-09,Defender,Wolverhampton Wanderers,GB1,26.639288158795345,10.0,santiago bueno,1998,1998.0,Defender,0.4,0.0,1,28,1,6,Wolverhampton Wanderers,Premier League,0.02140309155766944,0.0,0.0535077288941736,1.4982164090368608,0.0535077288941736,0.3210463733650416,9.152173021423026,-0.8478269785769736,-8.478269785769736
93740,Willi Orbán,2224,5,0,0.2023381294964028,0.0,2025-06-05,8000000.0,1992-11-03,Defender,RB Leipzig,L1,32.65434633812457,8.0,willi orban,1992,1992.0,Defender,4.0,1.0,15,106,8,22,RB Leipzig,Bundesliga,0.16187050359712232,0.04046762589928058,0.6070143884892086,4.289568345323741,0.32374100719424465,0.8902877697841726,7.151339011914009,-0.8486609880859914,-10.608262351074893
285323,Baptiste Santamaria,1411,0,2,0.0,0.1275690999291283,2025-06-03,7000000.0,1995-03-09,Midfield,Valencia CF,ES1,30.310746064339497,7.0,baptiste santamaria,1995,1995.0,Midfield,1.0,1.3,13,73,20,20,Valencia CF,La Liga,0.06378454996456415,0.08291991495393339,0.8291991495393338,4.656272147413182,1.2756909992912828,1.2756909992912828,6.142894107744103,-0.8571058922558974,-12.244369889369963
659516,Warren Bondo,1785,0,0,0.0,0.0,2025-06-17,10000000.0,2003-09-15,Midfield,US Cremonese,IT1,21.790554414784395,10.0,warren bondo,2003,2003.0,Midfield,0.4,0.4,27,46,21,14,US Cremonese,Serie A,0.020168067226890758,0.020168067226890758,1.361344537815126,2.3193277310924367,1.0588235294117647,0.7058823529411764,9.134101315351302,-0.8658986846486982,-8.658986846486982
124884,Marco Bizot,2880,0,0,0.0,0.0,2025-06-03,3000000.0,1991-03-10,Goalkeeper,Aston Villa,GB1,34.30800821355236,3.0,marco bizot,1991,1991.0,Goalkeeper,0.0,0.0,0,1,0,0,Aston Villa,Premier League,0.0,0.0,0.0,0.03125,0.0,0.0,2.116738377363377,-0.8832616226366228,-29.442054087887428
144028,Leandro Trossard,2551,8,8,0.2822422579380635,0.2822422579380635,2025-05-30,22000000.0,1994-12-04,Attack,Arsenal FC,GB1,30.570841889117045,22.0,leandro trossard,1994,1994.0,Attack,7.2,6.1,80,101,226,72,Arsenal FC,Premier League,0.25401803214425717,0.21520972167777339,2.822422579380635,3.563308506468052,7.973343786750295,2.5401803214425716,21.102317081067092,-0.8976829189329081,-4.080376904240491
39728,Mats Hummels,918,0,0,0.0,0.0,2025-06-17,2000000.0,1988-12-16,Defender,Associazione Sportiva Roma,IT1,36.53661875427789,2.0,mats hummels,1988,1988.0,Defender,0.5,0.1,4,26,1,8,Associazione Sportiva Roma,Serie A,0.04901960784313726,0.009803921568627453,0.3921568627450981,2.549019607843137,0.09803921568627452,0.7843137254901962,1.0995965543715533,-0.9004034456284467,-45.02017228142233
84301,Benjamin André,2693,0,4,0.0,0.1336799108800594,2025-06-03,5000000.0,1990-08-03,Midfield,LOSC Lille,FR1,34.90759753593429,5.0,benjamin andre,1990,1990.0,Midfield,1.4,1.9,29,209,72,16,LOSC Lille,Ligue 1,0.046787968808020795,0.06349795766802822,0.9691793538804306,6.984775343483105,2.4062383958410694,0.5347196435202376,4.096869252044252,-0.903130747955748,-18.06261495911496
345590,Jens Odgaard,1968,6,3,0.274390243902439,0.1371951219512195,2025-06-17,12000000.0,1999-03-31,Midfield,Bologna Football Club 1909,IT1,26.250513347022583,12.0,jens odgaard,1999,1999.0,Midfield,3.6,1.8,35,50,99,49,Bologna Football Club 1909,Serie A,0.16463414634146342,0.08231707317073171,1.600609756097561,2.2865853658536586,4.527439024390244,2.2408536585365852,11.068412542087545,-0.931587457912455,-7.763228815937125
532775,Melvin Bard,1941,2,1,0.0927357032457496,0.0463678516228748,2025-06-03,15000000.0,2000-11-06,Defender,OGC Nice,FR1,24.646132785763175,15.0,melvin bard,2000,2000.0,Defender,2.2,1.9,53,88,95,23,OGC Nice,Ligue 1,0.10200927357032459,0.08809891808346212,2.457496136012365,4.0803709428129835,4.404945904173107,1.0664605873261206,14.022032587782585,-0.9779674122174153,-6.519782748116103
595809,Beto,1528,8,0,0.4712041884816754,0.0,2025-05-30,22000000.0,1998-01-31,Attack,Everton FC,GB1,27.411362080766597,22.0,beto,1998,1998.0,Attack,8.2,1.2,15,16,77,49,Everton FC,Premier League,0.4829842931937173,0.0706806282722513,0.8835078534031413,0.9424083769633509,4.535340314136126,2.886125654450262,21.00791785529287,-0.9920821447071297,-4.509464294123317
59377,David de Gea,3150,0,1,0.0,0.0285714285714285,2025-06-17,5000000.0,1990-11-07,Goalkeeper,ACF Fiorentina,IT1,34.64476386036961,5.0,david de gea,1990,1990.0,Goalkeeper,0.0,0.4,0,0,0,0,ACF Fiorentina,Serie A,0.0,0.011428571428571429,0.0,0.0,0.0,0.0,4.000911327561328,-0.9990886724386723,-19.981773448773446
357156,Diogo Leite,2548,1,2,0.0353218210361067,0.0706436420722135,2025-06-05,17000000.0,1999-01-23,Defender,1.FC Union Berlin,L1,26.43394934976044,17.0,diogo leite,1999,1999.0,Defender,1.4,1.0,20,116,16,18,1.FC Union Berlin,Bundesliga,0.04945054945054945,0.03532182103610675,0.706436420722135,4.0973312401883835,0.565149136577708,0.6357927786499216,15.966890836940829,-1.033109163059171,-6.077112723877478
111196,Stefan de Vrij,1719,3,0,0.1570680628272251,0.0,2025-06-17,5000000.0,1992-02-05,Defender,Inter Milan,IT1,33.399041752224505,5.0,stefan de vrij,1992,1992.0,Defender,1.1,0.0,11,76,5,13,Inter Milan,Serie A,0.05759162303664921,0.0,0.5759162303664921,3.979057591623037,0.2617801047120419,0.6806282722513088,3.9619173104673093,-1.0380826895326907,-20.761653790653813
708072,Nicolò Savona,1727,2,1,0.1042269832078749,0.0521134916039374,2025-06-17,12000000.0,2003-03-19,Defender,Nottingham Forest,GB1,22.28336755646817,12.0,nicolo savona,2003,2003.0,Defender,0.5,1.2,35,59,44,6,Nottingham Forest,Premier League,0.02605674580196873,0.06253618992472496,1.8239722061378112,3.0746960046323104,2.2929936305732483,0.3126809496236248,10.937454461279458,-1.062545538720542,-8.854546156004517
290587,Ellyes Skhiri,2234,1,2,0.0402864816472694,0.0805729632945389,2025-06-05,7500000.0,1995-05-10,Midfield,Eintracht Frankfurt,L1,30.140999315537304,7.5,ellyes skhiri,1995,1995.0,Midfield,1.4,1.4,17,105,27,13,Eintracht Frankfurt,Bundesliga,0.05640107430617726,0.05640107430617726,0.684870188003581,4.230080572963295,1.0877350044762757,0.5237242614145031,6.435079834054835,-1.064920165945165,-14.198935545935534
53418,Kevin Kampl,1597,1,0,0.0563556668753913,0.0,2024-05-29,3500000.0,1990-10-09,Midfield,RB Leipzig,L1,34.724161533196444,3.5,kevin kampl,1990,1990.0,Midfield,0.8,1.4,21,106,32,7,RB Leipzig,Bundesliga,0.045084533500313086,0.0788979336255479,1.1834690043832186,5.973700688791483,1.8033813400125234,0.3944896681277395,2.4320355459355456,-1.0679644540644544,-30.513270116127266
207014,Will Hughes,2120,0,4,0.0,0.1698113207547169,2025-05-30,7000000.0,1995-04-17,Midfield,Crystal Palace,GB1,30.203969883641346,7.0,will hughes,1995,1995.0,Midfield,1.1,3.1,20,87,27,22,Crystal Palace,Premier League,0.04669811320754717,0.13160377358490566,0.8490566037735848,3.693396226415094,1.1462264150943398,0.9339622641509433,5.890063131313132,-1.1099368686868676,-15.856240981240965
414908,Marshall Munetsi,2773,6,3,0.1947349441038586,0.0973674720519293,2025-05-30,15000000.0,1996-06-22,Midfield,Paris FC,FR1,29.021218343600275,15.0,marshall munetsi,1996,1996.0,Midfield,7.3,3.8,17,36,83,54,Paris FC,Ligue 1,0.23692751532636133,0.12333213126577713,0.5517490082942662,1.1684096646231519,2.693833393436711,1.752614496934728,13.869612193362203,-1.1303878066377973,-7.535918710918649
344605,Boubakary Soumaré,2170,0,0,0.0,0.0,2024-06-07,14000000.0,1999-02-27,Midfield,Leicester City,GB1,26.338124572210816,14.0,boubakary soumare,1999,1999.0,Midfield,0.3,0.4,34,105,23,7,Leicester City,Premier League,0.012442396313364055,0.016589861751152075,1.4101382488479264,4.354838709677419,0.9539170506912442,0.2903225806451613,12.856392621267617,-1.1436073787323835,-8.168624133802739
127156,Téji Savanier,2339,2,5,0.0769559640872167,0.1923899102180419,2024-06-03,9000000.0,1991-12-22,Midfield,Montpellier HSC,FR1,33.52224503764545,9.0,teji savanier,1991,1991.0,Midfield,3.8,6.9,26,183,108,45,Montpellier HSC,Ligue 1,0.14621633176571183,0.2654980761008978,1.000427533133818,7.041470713980333,4.155622060709705,1.731509191962377,7.844954449254448,-1.1550455507455517,-12.833839452728352
561613,Joan García,3420,0,0,0.0,0.0,2025-06-09,25000000.0,2001-05-04,Goalkeeper,FC Barcelona,ES1,24.15605749486653,25.0,joan garcia,2001,2001.0,Goalkeeper,0.1,0.0,0,1,0,1,FC Barcelona,La Liga,0.002631578947368421,0.0,0.0,0.026315789473684213,0.0,0.026315789473684213,23.763071618196616,-1.2369283818033843,-4.947713527213537
400536,Mads Hermansen,2385,0,0,0.0,0.0,2025-05-30,15000000.0,2000-07-11,Goalkeeper,West Ham United,GB1,24.969199178644764,15.0,mads hermansen,2000,2000.0,Goalkeeper,0.0,0.0,0,1,0,0,West Ham United,Premier League,0.0,0.0,0.0,0.03773584905660377,0.0,0.0,13.739775949975943,-1.260224050024057,-8.401493666827047
559794,Jack Clarke,1170,0,4,0.0,0.3076923076923077,2025-05-30,15000000.0,2000-11-23,Attack,Ipswich Town,GB1,24.59958932238193,15.0,jack clarke,2000,2000.0,Attack,1.2,2.3,39,44,57,17,Ipswich Town,Premier League,0.09230769230769231,0.1769230769230769,3.0,3.3846153846153846,4.384615384615385,1.3076923076923077,13.708598917748917,-1.2914010822510829,-8.609340548340553
634431,Beñat Turrientes,940,0,0,0.0,0.0,2025-06-09,10000000.0,2002-01-31,Midfield,Real Sociedad,ES1,23.411362080766597,10.0,benat turrientes,2002,2002.0,Midfield,0.6,0.2,18,42,28,7,Real Sociedad,La Liga,0.0574468085106383,0.01914893617021277,1.7234042553191489,4.021276595744681,2.6808510638297873,0.6702127659574468,8.698951780626784,-1.3010482193732162,-13.010482193732162
314875,Jarrod Bowen,2980,13,10,0.3926174496644295,0.3020134228187919,2025-05-30,40000000.0,1996-12-20,Attack,West Ham United,GB1,28.525667351129364,40.0,jarrod bowen,1996,1996.0,Attack,8.6,6.8,109,91,212,86,West Ham United,Premier League,0.25973154362416107,0.2053691275167785,3.291946308724832,2.7483221476510065,6.402684563758389,2.597315436241611,38.66227012802014,-1.3377298719798603,-3.3443246799496507
240692,Reinildo Mandava,935,0,0,0.0,0.0,2025-06-09,5000000.0,1994-01-21,Defender,Sunderland AFC,GB1,31.43874058863792,5.0,reinildo mandava,1994,1994.0,Defender,0.1,0.1,14,34,15,1,Sunderland AFC,Premier League,0.009625668449197862,0.009625668449197862,1.3475935828877006,3.2727272727272725,1.4438502673796794,0.0962566844919786,3.622244186369187,-1.377755813630813,-27.55511627261626
470794,Ivan Ilić,916,1,0,0.0982532751091703,0.0,2025-06-17,16000000.0,2001-03-17,Midfield,Torino FC,IT1,24.28747433264887,16.0,ivan ilic,2001,2001.0,Midfield,0.9,1.1,24,45,41,11,Torino FC,Serie A,0.08842794759825327,0.10807860262008734,2.358078602620087,4.421397379912664,4.028384279475983,1.0807860262008733,14.605517784992786,-1.3944822150072138,-8.715513843795087
503871,Morten Frendrup,3107,2,0,0.0579336981010621,0.0,2025-06-17,20000000.0,2001-04-07,Midfield,Genoa CFC,IT1,24.229979466119097,20.0,morten frendrup,2001,2001.0,Midfield,1.6,0.9,24,106,29,30,Genoa CFC,Serie A,0.0463469584808497,0.026070164145477956,0.6952043772127454,3.070485999356292,0.8400386224654008,0.8690054715159318,18.600791642616645,-1.3992083573833547,-6.9960417869167735
283735,Mattia Zaccagni,2707,8,6,0.2659770964166974,0.1994828223125231,2025-06-17,20000000.0,1995-06-16,Attack,Società Sportiva Lazio S.p.A.,IT1,30.039698836413415,20.0,mattia zaccagni,1995,1995.0,Attack,6.4,4.6,91,114,264,46,Società Sportiva Lazio S.p.A.,Serie A,0.212781677133358,0.15293683043960102,3.025489471739933,3.790173623937939,8.777244181751016,1.5293683043960105,18.594816432641444,-1.4051835673585558,-7.025917836792779
192080,Nick Pope,2520,0,0,0.0,0.0,2025-05-30,8000000.0,1992-04-19,Goalkeeper,Newcastle United,GB1,33.19644079397673,8.0,nick pope,1992,1992.0,Goalkeeper,0.0,0.0,0,1,0,0,Newcastle United,Premier League,0.0,0.0,0.0,0.03571428571428571,0.0,0.0,6.581231709956708,-1.4187682900432916,-17.734603625541144
636695,Marc Casadó,1616,1,3,0.0556930693069306,0.167079207920792,2025-06-09,30000000.0,2003-09-14,Midfield,FC Barcelona,ES1,21.793292265571527,30.0,marc casado,2003,2003.0,Midfield,1.1,1.4,12,107,24,14,FC Barcelona,La Liga,0.06126237623762377,0.07797029702970296,0.6683168316831682,5.959158415841585,1.3366336633663365,0.7797029702970297,28.548969068894095,-1.4510309311059046,-4.8367697703530155
546213,Tuta,2275,2,0,0.0791208791208791,0.0,2025-06-05,15000000.0,1999-07-04,Defender,Eintracht Frankfurt,L1,25.99041752224504,15.0,tuta,1999,1999.0,Defender,1.1,0.3,11,78,12,13,Eintracht Frankfurt,Bundesliga,0.04351648351648352,0.011868131868131867,0.4351648351648352,3.085714285714286,0.4747252747252747,0.5142857142857142,13.537135028860021,-1.4628649711399788,-9.752433140933192
568158,Javi López,1935,0,0,0.0,0.0,2025-06-09,7500000.0,2002-03-25,Defender,Real Oviedo,ES1,23.266255989048595,7.5,javi lopez,2002,2002.0,Defender,0.1,0.4,36,73,64,5,Real Oviedo,La Liga,0.004651162790697675,0.0186046511627907,1.6744186046511627,3.395348837209302,2.9767441860465116,0.23255813953488372,5.996542237392236,-1.5034577626077636,-20.04610350143685
669380,Konstantinos Koulierakis,2470,0,2,0.0,0.0728744939271255,2025-06-05,25000000.0,2003-11-28,Defender,VfL Wolfsburg,L1,21.587953456536617,25.0,konstantinos koulierakis,2003,2003.0,Defender,1.0,1.0,20,104,8,22,VfL Wolfsburg,Bundesliga,0.03643724696356275,0.03643724696356275,0.728744939271255,3.789473684210526,0.291497975708502,0.8016194331983805,23.48039640637141,-1.5196035936285917,-6.078414374514367
251299,Finn Dahmen,1710,0,0,0.0,0.0,2025-06-05,9000000.0,1998-03-27,Goalkeeper,FC Augsburg,L1,27.260780287474333,9.0,finn dahmen,1998,1998.0,Goalkeeper,0.0,0.0,0,3,0,0,FC Augsburg,Bundesliga,0.0,0.0,0.0,0.15789473684210525,0.0,0.0,7.450391058016056,-1.5496089419839443,-17.217877133154936
131225,Nicolás Tagliafico,1904,3,3,0.1418067226890756,0.1418067226890756,2025-06-03,6000000.0,1992-08-31,Defender,Olympique Lyon,FR1,32.82956878850103,6.0,nicolas tagliafico,1992,1992.0,Defender,3.0,0.8,31,97,81,28,Olympique Lyon,Ligue 1,0.14180672268907563,0.03781512605042017,1.4653361344537816,4.5850840336134455,3.828781512605042,1.3235294117647058,4.440723181448181,-1.5592768185518189,-25.987946975863647
743600,Andrey Santos,2857,10,4,0.3150157507875393,0.1260063003150157,2025-06-03,35000000.0,2004-05-03,Midfield,Chelsea FC,GB1,21.15811088295688,35.0,andrey santos,2004,2004.0,Midfield,5.1,3.3,29,149,26,46,Chelsea FC,Premier League,0.16065803290164507,0.10395519775988799,0.9135456772838642,4.693734686734337,0.8190409520476024,1.4490724536226811,33.41078799903797,-1.5892120009620285,-4.540605717034367
477758,Aaron Wan-Bissaka,3155,2,5,0.0570522979397781,0.1426307448494453,2025-05-30,24000000.0,1997-11-26,Defender,West Ham United,GB1,27.592060232717316,24.0,aaron wanbissaka,1997,1997.0,Defender,1.2,3.5,110,149,167,16,West Ham United,Premier League,0.03423137876386687,0.09984152139461173,3.1378763866877972,4.250396196513471,4.7638668779714735,0.45641838351822506,22.378220204795205,-1.6217797952047945,-6.757415813353311
553875,Pedro Porro,2609,2,6,0.0689919509390571,0.2069758528171713,2025-05-30,38000000.0,1999-09-13,Defender,Tottenham Hotspur,GB1,25.796030116358654,38.0,pedro porro,1999,1999.0,Defender,1.6,5.0,65,154,109,39,Tottenham Hotspur,Premier League,0.05519356075124569,0.17247987734764278,2.2422384055193563,5.3123802223073975,3.7600613261786124,1.3453430433116136,36.333731132756135,-1.6662688672438648,-4.384918071694381
234811,Rui Silva,1350,0,0,0.0,0.0,2025-05-30,7000000.0,1994-02-07,Goalkeeper,Sporting CP,PO1,31.392197125256672,7.0,rui silva,1994,1994.0,Goalkeeper,0.0,0.1,0,0,0,0,Sporting CP,,0.0,0.006666666666666666,0.0,0.0,0.0,0.0,5.302973156473157,-1.6970268435268432,-24.243240621812046
420210,Lutsharel Geertruida,1557,1,0,0.0578034682080924,0.0,2025-06-05,20000000.0,2000-07-18,Defender,RB Leipzig,L1,24.95003422313484,20.0,lutsharel geertruida,2000,2000.0,Defender,1.1,1.0,21,93,34,8,RB Leipzig,Bundesliga,0.06358381502890174,0.057803468208092484,1.2138728323699421,5.375722543352602,1.9653179190751444,0.4624277456647399,18.29833041033042,-1.7016695896695815,-8.508347948347907
257732,Amir Rrahmani,3407,1,3,0.0264162019371881,0.0792486058115644,2025-06-17,12000000.0,1994-02-24,Defender,SSC Napoli,IT1,31.345653661875428,12.0,amir rrahmani,1994,1994.0,Defender,2.9,1.1,30,188,2,28,SSC Napoli,Serie A,0.07660698561784561,0.02905782213090696,0.7924860581156443,4.96624596419137,0.05283240387437628,0.7396536542412679,10.285438371813367,-1.7145616281866332,-14.288013568221944
166677,Brian Oliván,1017,0,1,0.0,0.0884955752212389,2023-06-13,6000000.0,1994-04-01,Defender,RCD Espanyol Barcelona,ES1,31.247091033538673,6.0,brian olivan,1994,1994.0,Defender,0.4,1.1,21,40,57,6,RCD Espanyol Barcelona,La Liga,0.035398230088495575,0.09734513274336284,1.8584070796460177,3.5398230088495573,5.04424778761062,0.5309734513274336,4.2520621757871755,-1.7479378242128245,-29.132297070213742
277033,David Brooks,948,2,0,0.1898734177215189,0.0,2025-05-30,10000000.0,1997-07-08,Attack,AFC Bournemouth,GB1,27.978097193702943,10.0,david brooks,1997,1997.0,Attack,2.5,1.9,35,35,83,25,AFC Bournemouth,Premier League,0.23734177215189872,0.18037974683544303,3.3227848101265822,3.3227848101265822,7.879746835443038,2.3734177215189876,8.250369425019427,-1.7496305749805732,-17.49630574980573
496857,Edon Zhegrova,985,4,1,0.3654822335025381,0.0913705583756345,2025-06-03,25000000.0,1999-03-31,Attack,Juventus FC,IT1,26.250513347022583,25.0,edon zhegrova,1999,1999.0,Attack,2.3,2.2,37,54,81,23,Juventus FC,Serie A,0.21015228426395938,0.20101522842639594,3.3807106598984773,4.934010152284264,7.401015228426395,2.1015228426395938,23.20856677581678,-1.7914332241832192,-7.165732896732877
169880,Giovanni Di Lorenzo,3330,3,3,0.081081081081081,0.081081081081081,2025-06-17,12000000.0,1993-08-04,Defender,SSC Napoli,IT1,31.904175222450377,12.0,giovanni di lorenzo,1993,1993.0,Defender,2.8,3.9,50,224,163,21,SSC Napoli,Serie A,0.07567567567567567,0.1054054054054054,1.3513513513513513,6.054054054054054,4.405405405405405,0.5675675675675675,10.199139682539686,-1.8008603174603142,-15.007169312169285
463665,Oumar Solet,1674,1,2,0.053763440860215,0.1075268817204301,2025-06-17,18000000.0,2000-02-07,Defender,Udinese Calcio,IT1,25.39356605065024,18.0,oumar solet,2000,2000.0,Defender,0.8,1.2,20,65,6,12,Udinese Calcio,Serie A,0.043010752688172046,0.06451612903225806,1.0752688172043012,3.4946236559139785,0.3225806451612903,0.6451612903225806,16.103344576719575,-1.896655423280425,-10.536974573780139
250779,Brendan Chardonnet,2417,1,0,0.0372362432767894,0.0,2025-06-03,6000000.0,1994-12-22,Defender,Stade Brestois 29,FR1,30.521560574948666,6.0,brendan chardonnet,1994,1994.0,Defender,0.8,1.2,7,51,5,14,Stade Brestois 29,Ligue 1,0.02978899462143153,0.044683491932147296,0.2606537029375259,1.8990484071162599,0.18618121638394702,0.5213074058750518,4.077258152958155,-1.922741847041845,-32.04569745069741
607854,Éderson,2886,4,2,0.1247401247401247,0.0623700623700623,2025-06-17,50000000.0,1999-07-07,Midfield,Atalanta BC,IT1,25.98220396988364,50.0,ederson,1999,1999.0,Midfield,4.1,4.3,40,216,79,39,Atalanta BC,Serie A,0.12785862785862787,0.1340956340956341,1.2474012474012475,6.735966735966736,2.4636174636174637,1.2162162162162162,48.06748166000665,-1.9325183399933508,-3.865036679986702
283170,Iñaki Peña,1395,0,0,0.0,0.0,2025-06-09,8000000.0,1999-03-02,Goalkeeper,FC Barcelona,ES1,26.32991101984942,8.0,inaki pena,1999,1999.0,Goalkeeper,0.0,0.0,0,3,0,0,FC Barcelona,La Liga,0.0,0.0,0.0,0.1935483870967742,0.0,0.0,6.065073575498577,-1.9349264245014233,-24.186580306267793
111195,Joël Veltman,1699,0,0,0.0,0.0,2025-05-30,4000000.0,1992-01-15,Defender,Brighton & Hove Albion,GB1,33.45653661875428,4.0,joel veltman,1992,1992.0,Defender,0.5,0.5,32,85,34,6,Brighton & Hove Albion,Premier League,0.026486168334314303,0.026486168334314303,1.6951147733961154,4.502648616833431,1.8010594467333725,0.31783402001177163,2.030436994949496,-1.969563005050504,-49.2390751262626
912902,Guillaume Restes,2545,0,1,0.0,0.0353634577603143,2025-06-03,20000000.0,2005-03-11,Goalkeeper,FC Toulouse,FR1,20.303901437371664,20.0,guillaume restes,2005,2005.0,Goalkeeper,0.0,0.1,0,0,0,0,FC Toulouse,Ligue 1,0.0,0.0035363457760314346,0.0,0.0,0.0,0.0,18.02043455988456,-1.9795654401154401,-9.8978272005772
448258,Josha Vagnoman,1835,1,2,0.0490463215258855,0.0980926430517711,2025-06-05,10000000.0,2000-12-11,Defender,VfB Stuttgart,L1,24.550308008213552,10.0,josha vagnoman,2000,2000.0,Defender,1.5,2.1,24,47,96,15,VfB Stuttgart,Bundesliga,0.07356948228882834,0.10299727520435967,1.1771117166212535,2.3051771117166213,4.708446866485014,0.7356948228882834,8.008069240944243,-1.991930759055757,-19.91930759055757
332889,Valentin Rongier,1564,3,1,0.1726342710997442,0.057544757033248,2025-06-03,9000000.0,1994-12-07,Midfield,Stade Rennais FC,FR1,30.562628336755647,9.0,valentin rongier,1994,1994.0,Midfield,1.0,1.1,25,110,28,14,Stade Rennais FC,Ligue 1,0.05754475703324809,0.0632992327365729,1.438618925831202,6.32992327365729,1.6112531969309463,0.8056265984654731,6.974662938912937,-2.025337061087063,-22.50374512318959
95810,Kieran Trippier,1309,0,3,0.0,0.2062643239113827,2025-05-30,4000000.0,1990-09-19,Defender,Newcastle United,GB1,34.77891854893908,4.0,kieran trippier,1990,1990.0,Defender,0.1,1.4,26,117,58,4,Newcastle United,Premier League,0.006875477463712759,0.0962566844919786,1.787624140565317,8.044308632543927,3.9877769289533993,0.2750190985485103,1.9682805324305335,-2.0317194675694665,-50.79298668923666
127187,Abdoulaye Doucouré,2577,3,2,0.1047729918509895,0.069848661233993,2025-05-30,7000000.0,1993-01-01,Midfield,Neom Sports Club,SA1,32.492813141683776,7.0,abdoulaye doucoure,1993,1993.0,Midfield,4.1,2.4,42,82,96,31,Neom Sports Club,,0.14318975552968569,0.08381839348079162,1.4668218859138533,2.8637951105937134,3.352735739231665,1.0826542491268918,4.940784078884073,-2.0592159211159267,-29.417370301656092
469050,Nathan Collins,3420,2,5,0.0526315789473684,0.131578947368421,2025-05-30,28000000.0,2001-04-30,Defender,Brentford FC,GB1,24.16700889801506,28.0,nathan collins,2001,2001.0,Defender,2.5,1.8,32,127,18,17,Brentford FC,Premier League,0.06578947368421052,0.04736842105263158,0.8421052631578948,3.342105263157895,0.47368421052631576,0.44736842105263164,25.931072533022533,-2.068927466977467,-7.389026667776667
258919,Dean Henderson,3420,0,0,0.0,0.0,2025-05-30,20000000.0,1997-03-12,Goalkeeper,Crystal Palace,GB1,28.301163586584533,20.0,dean henderson,1997,1997.0,Goalkeeper,0.0,0.2,0,0,0,1,Crystal Palace,Premier League,0.0,0.005263157894736842,0.0,0.0,0.0,0.026315789473684213,17.924948902948913,-2.0750510970510874,-10.375255485255437
450050,Jean-Ricner Bellegarde,1684,2,7,0.1068883610451306,0.3741092636579572,2025-05-30,18000000.0,1998-06-27,Midfield,Wolverhampton Wanderers,GB1,27.00889801505818,18.0,jeanricner bellegarde,1998,1998.0,Midfield,1.5,3.8,52,43,89,22,Wolverhampton Wanderers,Premier League,0.08016627078384798,0.20308788598574823,2.7790973871733966,2.298099762470309,4.7565320665083135,1.175771971496437,15.918398521848518,-2.081601478151482,-11.564452656397123
131075,Francesco Acerbi,1709,0,1,0.0,0.0526623756582797,2025-06-17,3000000.0,1988-02-10,Defender,Inter Milan,IT1,37.385352498288846,3.0,francesco acerbi,1988,1988.0,Defender,0.4,0.6,19,62,22,5,Inter Milan,Serie A,0.021064950263311878,0.031597425394967814,1.0005851375073143,3.2650672908133416,1.1585722644821532,0.26331187829139846,0.9065044552669559,-2.0934955447330443,-69.78318482443481
124502,Matthias Ginter,2560,2,1,0.0703125,0.03515625,2025-06-05,7000000.0,1994-01-19,Defender,SC Freiburg,L1,31.444216290212182,7.0,matthias ginter,1994,1994.0,Defender,2.8,0.7,11,113,16,24,SC Freiburg,Bundesliga,0.09843749999999998,0.024609374999999996,0.38671875000000006,3.9726562500000004,0.5625,0.84375,4.824860804010808,-2.1751391959891917,-31.07341708555988
188077,Ryan Christie,2131,2,3,0.0844673862036602,0.1267010793054903,2025-05-30,10000000.0,1995-02-22,Midfield,AFC Bournemouth,GB1,30.351813826146476,10.0,ryan christie,1995,1995.0,Midfield,1.8,3.5,34,137,44,33,AFC Bournemouth,Premier League,0.07602064758329423,0.14781792585640544,1.4359455654622244,5.786015954950727,1.8582824964805256,1.3937118723603943,7.707877114552112,-2.2921228854478883,-22.921228854478883
42205,Yann Sommer,2970,0,0,0.0,0.0,2025-06-17,4000000.0,1988-12-17,Goalkeeper,Inter Milan,IT1,36.53388090349076,4.0,yann sommer,1988,1988.0,Goalkeeper,0.0,0.0,0,1,0,0,Inter Milan,Serie A,0.0,0.0,0.0,0.030303030303030304,0.0,0.0,1.7036680143930156,-2.2963319856069844,-57.40829964017461
463600,Lucas Chevalier,3060,0,0,0.0,0.0,2025-06-03,30000000.0,2001-11-06,Goalkeeper,Paris Saint-Germain,FR1,23.64681724845996,30.0,lucas chevalier,2001,2001.0,Goalkeeper,0.0,0.9,0,1,0,0,Paris Saint-Germain,Ligue 1,0.0,0.02647058823529412,0.0,0.029411764705882353,0.0,0.0,27.688087905612896,-2.311912094387104,-7.706373647957013
567576,Elliot Anderson,2743,2,6,0.0656215822092599,0.1968647466277798,2025-05-30,32000000.0,2002-11-06,Midfield,Nottingham Forest,GB1,22.647501711156742,32.0,elliot anderson,2002,2002.0,Midfield,2.1,3.3,52,143,94,40,Nottingham Forest,Premier League,0.06890266131972293,0.1082756106452789,1.7061611374407584,4.691943127962085,3.084214363835217,1.3124316441851986,29.65337217689718,-2.3466278231028213,-7.333211947196316
1005240,Christian Mawissa,1502,0,0,0.0,0.0,2025-06-03,15000000.0,2005-04-18,Defender,AS Monaco,FR1,20.199863107460644,15.0,christian mawissa,2005,2005.0,Defender,0.1,0.0,13,44,10,1,AS Monaco,Ligue 1,0.005992010652463383,0.0,0.7789613848202396,2.6364846870838883,0.5992010652463382,0.05992010652463382,12.624311628186625,-2.375688371813375,-15.837922478755834
96341,Romelu Lukaku,2870,14,10,0.4390243902439024,0.313588850174216,2025-06-17,22000000.0,1993-05-13,Attack,SSC Napoli,IT1,32.13141683778234,22.0,romelu lukaku,1993,1993.0,Attack,13.0,4.0,31,36,219,60,SSC Napoli,Serie A,0.4076655052264809,0.1254355400696864,0.9721254355400697,1.1289198606271778,6.867595818815331,1.8815331010452963,19.58023413900914,-2.4197658609908608,-10.998935731776639
1016015,Ngal'ayel Mukau,1193,0,1,0.0,0.0754400670578373,2025-06-03,15000000.0,2004-11-03,Midfield,LOSC Lille,FR1,20.654346338124572,15.0,ngalayel mukau,2004,2004.0,Midfield,0.8,0.7,19,57,43,11,LOSC Lille,Ligue 1,0.060352053646269915,0.052808046940486165,1.4333612740989103,4.300083822296731,3.2439228834870075,0.8298407376362111,12.578710257335267,-2.421289742664733,-16.141931617764886
157672,Vladimír Coufal,1061,0,0,0.0,0.0,2025-05-30,5000000.0,1992-08-22,Defender,TSG 1899 Hoffenheim,L1,32.85420944558521,5.0,vladimir coufal,1992,1992.0,Defender,0.3,0.7,26,39,33,7,TSG 1899 Hoffenheim,Bundesliga,0.02544769085768143,0.05937794533459,2.2054665409990575,3.308199811498586,2.7992459943449575,0.5937794533459001,2.57821385003885,-2.42178614996115,-48.435722999223
417346,Jack Harrison,2083,1,1,0.0432069131060969,0.0432069131060969,2025-05-30,14000000.0,1996-11-20,Attack,Leeds United,GB1,28.607802874743328,14.0,jack harrison,1996,1996.0,Attack,3.5,3.7,73,51,127,29,Leeds United,Premier League,0.15122419587133942,0.15986557849255884,3.154104656745079,2.2035525684109456,5.487277964474316,1.2530004800768122,11.570252207977203,-2.4297477920227966,-17.355341371591404
148153,Lewis Dunk,2083,0,0,0.0,0.0,2025-05-30,6000000.0,1991-11-21,Defender,Brighton & Hove Albion,GB1,33.607118412046546,6.0,lewis dunk,1991,1991.0,Defender,0.8,0.5,20,142,3,12,Brighton & Hove Albion,Premier League,0.03456553048487759,0.021603456553048486,0.8641382621219396,6.13538166106577,0.12962073931829093,0.5184829572731637,3.5366196377696366,-2.4633803622303634,-41.05633937050606
503866,Albert Grønbaek,956,2,1,0.1882845188284518,0.0941422594142259,2025-05-30,11000000.0,2001-05-23,Midfield,Hamburger SV,L1,24.10403832991102,11.0,albert grnbaek,2001,2001.0,Midfield,1.5,1.0,23,30,58,22,Hamburger SV,Bundesliga,0.1412133891213389,0.09414225941422594,2.1652719665271967,2.8242677824267783,5.460251046025104,2.071129707112971,8.533880759980757,-2.4661192400192427,-22.419265818356752
95424,Kyle Walker,1625,0,0,0.0,0.0,2025-06-17,4000000.0,1990-05-28,Defender,Burnley FC,GB1,35.09103353867214,4.0,kyle walker,1990,1990.0,Defender,0.1,1.3,23,96,30,7,Burnley FC,Premier League,0.005538461538461538,0.07200000000000001,1.2738461538461539,5.316923076923077,1.6615384615384616,0.38769230769230767,1.5263848364598362,-2.4736151635401638,-61.84037908850409
468066,Jens Cajuste,1978,1,1,0.0455005055611729,0.0455005055611729,2025-05-30,12000000.0,1999-08-10,Midfield,Ipswich Town,GB1,25.88911704312115,12.0,jens cajuste,1999,1999.0,Midfield,0.7,0.8,26,59,20,12,Ipswich Town,Premier League,0.03185035389282103,0.03640040444893832,1.1830131445904954,2.684529828109201,0.910010111223458,0.5460060667340748,9.51204765697266,-2.48795234302734,-20.7329361918945
648779,Wilfried Singo,2093,1,2,0.0430004777830864,0.0860009555661729,2025-06-03,25000000.0,2000-12-25,Defender,Galatasaray,TR1,24.511978097193705,25.0,wilfried singo,2000,2000.0,Defender,1.9,1.5,35,118,27,17,Galatasaray,,0.0817009077878643,0.06450071667462973,1.5050167224080266,5.0740563784042045,1.161012900143335,0.7310081223124703,22.47501416546417,-2.52498583453583,-10.09994333814332
175722,Eric Dier,1461,2,1,0.1232032854209445,0.0616016427104722,2025-06-05,8000000.0,1994-01-15,Defender,AS Monaco,FR1,31.45516769336071,8.0,eric dier,1994,1994.0,Defender,1.1,0.1,12,73,1,9,AS Monaco,Ligue 1,0.06776180698151951,0.006160164271047228,0.7392197125256674,4.496919917864476,0.061601642710472276,0.5544147843942505,5.47346283068783,-2.52653716931217,-31.581714616402124
356141,Daichi Kamada,1553,0,0,0.0,0.0,2025-05-30,12000000.0,1996-08-05,Midfield,Crystal Palace,GB1,28.90075290896646,12.0,daichi kamada,1996,1996.0,Midfield,1.1,1.9,25,89,56,20,Crystal Palace,Premier League,0.06374758531873793,0.11010946555054732,1.448808757244044,5.1577591757887955,3.245331616226658,1.159047005795235,9.455828612128613,-2.544171387871387,-21.201428232261556
181579,James Ward-Prowse,1440,1,2,0.0625,0.125,2025-05-30,8000000.0,1994-11-01,Midfield,West Ham United,GB1,30.6611909650924,8.0,james wardprowse,1994,1994.0,Midfield,1.7000000000000002,3.0,12,70,12,15,West Ham United,Premier League,0.10625000000000002,0.1875,0.75,4.375,0.75,0.9375,5.421916509416511,-2.578083490583489,-32.22604363229361
872171,Lucas Beraldo,2011,1,0,0.0447538538040775,0.0,2025-06-03,25000000.0,2003-11-24,Defender,Paris Saint-Germain,FR1,21.598904859685145,25.0,lucas beraldo,2003,2003.0,Defender,0.9,0.4,9,131,0,12,Paris Saint-Germain,Ligue 1,0.04027846842366982,0.01790154152163103,0.40278468423669817,5.862754848334162,0.0,0.5370462456489309,22.414252344877355,-2.5857476551226455,-10.342990620490582
506189,Flynn Downes,2155,1,0,0.0417633410672853,0.0,2025-05-30,13000000.0,1999-01-20,Midfield,Southampton FC,GB1,26.442162902121833,13.0,flynn downes,1999,1999.0,Midfield,0.6,1.1,29,66,29,10,Southampton FC,Premier League,0.02505800464037123,0.04593967517401392,1.211136890951276,2.7563805104408354,1.211136890951276,0.4176334106728538,10.396832876382875,-2.6031671236171245,-20.024362489362495
487474,Francisco Conceição,1338,3,4,0.2017937219730941,0.2690582959641255,2025-06-17,28000000.0,2002-12-14,Attack,Juventus FC,IT1,22.54346338124572,28.0,francisco conceicao,2002,2002.0,Attack,2.3,4.3,95,35,143,40,Juventus FC,Serie A,0.1547085201793722,0.289237668161435,6.390134529147982,2.3542600896860986,9.618834080717487,2.6905829596412554,25.394881481481484,-2.605118518518516,-9.3039947089947
487969,Randal Kolo Muani,1514,10,2,0.5944517833553501,0.11889035667107,2025-06-17,30000000.0,1998-12-05,Attack,Tottenham Hotspur,GB1,26.56810403832991,30.0,randal kolo muani,1998,1998.0,Attack,9.4,2.5,29,25,135,40,Tottenham Hotspur,Premier League,0.5587846763540292,0.14861294583883752,1.7239101717305152,1.4861294583883753,8.025099075297225,2.3778071334214004,27.376411249861235,-2.623588750138765,-8.745295833795884
255901,Rodrigo De Paul,2112,3,5,0.1278409090909091,0.2130681818181818,2025-06-09,25000000.0,1994-05-24,Midfield,Club Internacional de Fútbol Miami,MLS1,31.10198494182067,25.0,rodrigo de paul,1994,1994.0,Midfield,1.3,5.6,85,231,64,19,Club Internacional de Fútbol Miami,,0.05539772727272728,0.23863636363636362,3.622159090909091,9.84375,2.7272727272727275,0.8096590909090909,22.35514675324676,-2.6448532467532395,-10.579412987012958
827734,Ange-Yoan Bonny,2546,6,4,0.2120974076983503,0.1413982717989002,2025-06-17,20000000.0,2003-10-25,Attack,Inter Milan,IT1,21.68104038329911,20.0,angeyoan bonny,2003,2003.0,Attack,9.4,2.9,41,53,163,61,Inter Milan,Serie A,0.3322859387274156,0.10251374705420266,1.4493322859387272,1.873527101335428,5.761979575805184,2.1563236449332286,17.346769444444444,-2.653230555555556,-13.266152777777778
741238,Omari Hutchinson,2593,3,2,0.1041264944080216,0.069417662938681,2025-05-30,22000000.0,2003-10-30,Midfield,Nottingham Forest,GB1,21.66735112936345,22.0,omari hutchinson,2003,2003.0,Midfield,2.9,3.5,97,75,159,45,Nottingham Forest,Premier League,0.10065561126108755,0.12148091014269187,3.3667566525260315,2.60316236020054,5.518704203625145,1.561897416120324,19.340239225589226,-2.659760774410774,-12.089821701867155
618341,Mario Gila,2743,1,0,0.0328107911046299,0.0,2025-06-17,30000000.0,2000-08-29,Defender,Società Sportiva Lazio S.p.A.,IT1,24.83504449007529,30.0,mario gila,2000,2000.0,Defender,1.1,0.6,48,157,12,15,Società Sportiva Lazio S.p.A.,Serie A,0.03609187021509297,0.019686474662777977,1.5749179730222385,5.151294203426905,0.3937294932555596,0.49216186656944955,27.3358620971621,-2.6641379028379006,-8.880459676126335
654982,Bilal El Khannouss,2197,2,3,0.0819299044151115,0.1228948566226672,2025-05-30,28000000.0,2004-05-10,Midfield,VfB Stuttgart,L1,21.13894592744695,28.0,bilal el khannouss,2004,2004.0,Midfield,1.3,4.6,73,128,89,30,VfB Stuttgart,Bundesliga,0.05325443786982249,0.18843878015475646,2.99044151115157,5.243513882567137,3.6458807464724625,1.2289485662266728,25.272640466940462,-2.7273595330595377,-9.74056976092692
17259,Manuel Neuer,1980,0,0,0.0,0.0,2025-06-05,4000000.0,1986-03-27,Goalkeeper,Bayern Munich,L1,39.26078028747433,4.0,manuel neuer,1986,1986.0,Goalkeeper,0.0,0.5,0,10,0,0,Bayern Munich,Bundesliga,0.0,0.022727272727272728,0.0,0.4545454545454546,0.0,0.0,1.2572154461279461,-2.742784553872054,-68.56961384680135
119296,Emre Can,2102,3,1,0.1284490960989533,0.0428163653663178,2025-06-05,7000000.0,1994-01-12,Defender,Borussia Dortmund,L1,31.463381245722108,7.0,emre can,1994,1994.0,Defender,2.0,0.7,20,116,12,7,Borussia Dortmund,Bundesliga,0.0856327307326356,0.02997145575642245,0.8563273073263559,4.966698382492864,0.5137963843958135,0.29971455756422455,4.250333152958152,-2.7496668470418477,-39.28095495774068
345886,Rubén Vargas,982,2,1,0.1832993890020366,0.0916496945010183,2025-06-09,7000000.0,1998-08-05,Attack,Sevilla FC,ES1,26.902121834360027,7.0,ruben vargas,1998,1998.0,Attack,2.0,0.8,29,14,63,17,Sevilla FC,La Liga,0.18329938900203666,0.07331975560081466,2.6578411405295315,1.2830957230142568,5.773930753564155,1.5580448065173116,4.2258641737891764,-2.7741358262108236,-39.630511803011764
469822,David Neres,1279,2,6,0.1407349491790461,0.4222048475371384,2025-06-17,30000000.0,1997-03-03,Attack,SSC Napoli,IT1,28.32580424366872,30.0,david neres,1997,1997.0,Attack,2.7,3.5,73,32,143,29,SSC Napoli,Serie A,0.1899921813917123,0.24628616106333073,5.136825645035184,2.251759186864738,10.062548866301798,2.0406567630961687,27.196148458023455,-2.8038515419765453,-9.346171806588483
173504,James Tarkowski,2924,1,1,0.0307797537619699,0.0307797537619699,2025-05-30,9000000.0,1992-11-19,Defender,Everton FC,GB1,32.610540725530456,9.0,james tarkowski,1992,1992.0,Defender,1.3,2.9,9,75,3,15,Everton FC,Premier League,0.04001367989056087,0.08926128590971272,0.2770177838577291,2.3084815321477428,0.09233926128590972,0.46169630642954856,6.1898756845006835,-2.8101243154993165,-31.22360350554796
468002,Ben Johnson,1349,1,2,0.0667160859896219,0.1334321719792438,2025-05-30,8000000.0,2000-01-24,Defender,Ipswich Town,GB1,25.43189596167009,8.0,ben johnson,2000,2000.0,Defender,1.1,1.3,16,27,33,7,Ipswich Town,Premier League,0.07338769458858414,0.08673091178650852,1.067457375833951,1.8013343217197924,2.201630837657524,0.46701260192735355,5.189265950253451,-2.810734049746549,-35.134175621831865
393512,Felix Agu,1761,3,1,0.1533219761499148,0.0511073253833049,2025-06-05,8000000.0,1999-09-27,Defender,SV Werder Bremen,L1,25.75770020533881,8.0,felix agu,1999,1999.0,Defender,1.4,1.8,33,43,105,9,SV Werder Bremen,Bundesliga,0.07155025553662692,0.0919931856899489,1.686541737649063,2.1976149914821126,5.366269165247019,0.45996592844974443,5.156895518370518,-2.8431044816294824,-35.53880602036853
893675,Amir Richardson,1091,1,1,0.0824931255728689,0.0824931255728689,2025-06-17,8500000.0,2002-01-24,Midfield,ACF Fiorentina,IT1,23.430527036276523,8.5,amir richardson,2002,2002.0,Midfield,0.9,0.6,19,47,31,11,ACF Fiorentina,Serie A,0.07424381301558204,0.04949587534372136,1.5673693858845095,3.877176901924839,2.557286892758937,0.9074243813015582,5.64841008436008,-2.85158991563992,-33.5481166545873
181136,Piotr Zielinski,971,2,2,0.1853759011328527,0.1853759011328527,2025-06-17,10000000.0,1994-05-20,Midfield,Inter Milan,IT1,31.1129363449692,10.0,piotr zielinski,1994,1994.0,Midfield,2.6,0.9,26,65,24,15,Inter Milan,Serie A,0.24098867147270855,0.08341915550978372,2.4098867147270853,6.024716786817714,2.224510813594233,1.3903192584963955,7.14571041643542,-2.8542895835645803,-28.542895835645805
442248,Ethan Pinnock,1913,2,0,0.0940930475692629,0.0,2025-05-30,7000000.0,1993-05-29,Defender,Brentford FC,GB1,32.087611225188226,7.0,ethan pinnock,1993,1993.0,Defender,1.1,1.2,3,41,9,10,Brentford FC,Premier League,0.051751176163094624,0.05645582854155776,0.1411395713538944,1.92890747516989,0.42341871406168324,0.47046523784631467,4.14528813038813,-2.8547118696118696,-40.78159813731242
538964,Thijs Dallinga,1145,3,3,0.2358078602620087,0.2358078602620087,2025-06-17,12000000.0,2000-08-03,Attack,Bologna Football Club 1909,IT1,24.90622861054073,12.0,thijs dallinga,2000,2000.0,Attack,4.3,0.6,9,17,84,31,Bologna Football Club 1909,Serie A,0.33799126637554583,0.04716157205240175,0.7074235807860262,1.3362445414847162,6.602620087336244,2.4366812227074237,9.107826524401522,-2.8921734755984776,-24.101445629987314
135343,Fabian Schär,2938,4,0,0.1225323349217154,0.0,2025-05-30,7000000.0,1991-12-20,Defender,Newcastle United,GB1,33.52772073921971,7.0,fabian schar,1991,1991.0,Defender,3.7,0.4,18,118,22,40,Newcastle United,Premier League,0.11334240980258681,0.012253233492171545,0.5513955071477196,3.6147038801906057,0.673927842069435,1.2253233492171545,4.051095847670847,-2.9489041523291526,-42.12720217613075
616344,Tiago Tomás,1893,6,2,0.2852614896988906,0.0950871632329635,2025-06-05,12000000.0,2002-06-16,Attack,VfB Stuttgart,L1,23.039014373716633,12.0,tiago tomas,2002,2002.0,Attack,5.4,2.6,31,50,125,42,VfB Stuttgart,Bundesliga,0.2567353407290016,0.12361331220285263,1.473851030110935,2.3771790808240887,5.942947702060223,1.9968304278922346,9.036099975949977,-2.963900024050023,-24.699166867083523
120629,Alphonse Areola,2259,0,0,0.0,0.0,2025-05-30,9000000.0,1993-02-27,Goalkeeper,West Ham United,GB1,32.336755646817245,9.0,alphonse areola,1993,1993.0,Goalkeeper,0.0,0.0,0,1,0,0,West Ham United,Premier League,0.0,0.0,0.0,0.0398406374501992,0.0,0.0,6.030075328375332,-2.9699246716246677,-32.99916301805187
338670,Mile Svilar,3420,0,0,0.0,0.0,2025-06-17,25000000.0,1999-08-27,Goalkeeper,Associazione Sportiva Roma,IT1,25.842573579739906,25.0,mile svilar,1999,1999.0,Goalkeeper,0.0,0.0,0,2,0,1,Associazione Sportiva Roma,Serie A,0.0,0.0,0.0,0.052631578947368425,0.0,0.026315789473684213,21.909065279165276,-3.090934720834724,-12.363738883338897
170986,Raphaël Guerreiro,1583,4,3,0.2274162981680353,0.1705622236260265,2025-06-05,8000000.0,1993-12-22,Defender,Bayern Munich,L1,31.520876112251884,8.0,raphael guerreiro,1993,1993.0,Defender,2.9,2.9,39,85,126,21,Bayern Munich,Bundesliga,0.16487681617182565,0.16487681617182565,2.217308907138345,4.832596336070751,7.163613392293115,1.1939355653821857,4.887379243904249,-3.112620756095751,-38.90775945119689
459763,Marco Carnesecchi,3060,0,0,0.0,0.0,2025-06-17,25000000.0,2000-07-01,Goalkeeper,Atalanta BC,IT1,24.996577686516083,25.0,marco carnesecchi,2000,2000.0,Goalkeeper,0.0,0.2,0,0,0,0,Atalanta BC,Serie A,0.0,0.005882352941176471,0.0,0.0,0.0,0.0,21.836290704665707,-3.163709295334293,-12.654837181337172
867688,Jack Hinshelwood,1848,5,3,0.2435064935064935,0.1461038961038961,2025-05-30,24000000.0,2005-04-11,Midfield,Brighton & Hove Albion,GB1,20.21902806297057,24.0,jack hinshelwood,2005,2005.0,Midfield,2.7,1.5,19,68,54,18,Brighton & Hove Albion,Premier League,0.1314935064935065,0.07305194805194806,0.9253246753246753,3.311688311688312,2.6298701298701297,0.8766233766233766,20.81701542531543,-3.1829845746845713,-13.262435727852381
202886,Ruben Loftus-Cheek,1032,0,0,0.0,0.0,2025-06-17,10000000.0,1996-01-23,Midfield,AC Milan,IT1,29.43463381245722,10.0,ruben loftuscheek,1996,1996.0,Midfield,0.7,1.9,27,51,32,9,AC Milan,Serie A,0.061046511627906974,0.16569767441860464,2.354651162790698,4.447674418604651,2.7906976744186047,0.7848837209302325,6.776527753727756,-3.2234722462722436,-32.23472246272244
406640,Felix Nmecha,1512,4,2,0.238095238095238,0.119047619047619,2025-06-05,28000000.0,2000-10-10,Midfield,Borussia Dortmund,L1,24.720054757015745,28.0,felix nmecha,2000,2000.0,Midfield,1.3,1.1,21,85,27,18,Borussia Dortmund,Bundesliga,0.07738095238095238,0.06547619047619048,1.25,5.059523809523809,1.607142857142857,1.0714285714285714,24.717844656269655,-3.282155343730345,-11.721983370465518
192279,Kepa Arrizabalaga,2790,0,0,0.0,0.0,2025-05-30,10000000.0,1994-10-03,Goalkeeper,Arsenal FC,GB1,30.740588637919235,10.0,kepa arrizabalaga,1994,1994.0,Goalkeeper,0.1,0.0,0,2,0,1,Arsenal FC,Premier League,0.0032258064516129032,0.0,0.0,0.06451612903225806,0.0,0.03225806451612903,6.6912946007695995,-3.3087053992304005,-33.08705399230401
342405,Mattias Svanberg,1223,3,1,0.2207686017988552,0.0735895339329517,2025-06-05,12000000.0,1999-01-05,Midfield,VfL Wolfsburg,L1,26.483230663928815,12.0,mattias svanberg,1999,1999.0,Midfield,3.6,1.7,11,36,39,21,VfL Wolfsburg,Bundesliga,0.2649223221586263,0.12510220768601799,0.8094848732624694,2.649223221586263,2.8699918233851185,1.5453802125919869,8.679752557627557,-3.320247442372443,-27.66872868643702
701057,Rico Lewis,1893,1,2,0.0475435816164817,0.0950871632329635,2025-05-30,40000000.0,2004-11-21,Defender,Manchester City,GB1,20.605065023956193,40.0,rico lewis,2004,2004.0,Defender,1.4,0.3,39,107,78,10,Manchester City,Premier League,0.06656101426307448,0.014263074484944533,1.8541996830427894,5.08716323296355,3.7083993660855787,0.4754358161648178,36.67843618326121,-3.321563816738788,-8.30390954184697
392768,Callum Hudson-Odoi,2205,5,3,0.2040816326530612,0.1224489795918367,2025-05-30,25000000.0,2000-11-07,Attack,Nottingham Forest,GB1,24.643394934976044,25.0,callum hudsonodoi,2000,2000.0,Attack,2.5,2.7,130,71,189,37,Nottingham Forest,Premier League,0.10204081632653061,0.11020408163265308,5.3061224489795915,2.8979591836734695,7.714285714285714,1.5102040816326532,21.666357138232144,-3.3336428617678564,-13.334571447071426
660867,Julio Enciso,1165,2,3,0.1545064377682403,0.2317596566523605,2025-05-30,22000000.0,2004-01-23,Midfield,RC Strasbourg Alsace,FR1,21.43463381245722,22.0,julio enciso,2004,2004.0,Midfield,2.7,1.6,34,42,61,52,RC Strasbourg Alsace,Ligue 1,0.20858369098712448,0.12360515021459229,2.626609442060086,3.244635193133047,4.71244635193133,4.017167381974248,18.64387077922078,-3.35612922077922,-15.255132821723727
332705,Tyler Adams,1965,0,3,0.0,0.1374045801526717,2025-05-30,18000000.0,1999-02-14,Midfield,AFC Bournemouth,GB1,26.373716632443532,18.0,tyler adams,1999,1999.0,Midfield,1.6,1.0,14,76,10,9,AFC Bournemouth,Premier League,0.0732824427480916,0.04580152671755725,0.6412213740458016,3.480916030534351,0.45801526717557256,0.4122137404580153,14.630121820771825,-3.3698781792281753,-18.72154544015653
148367,Christian Nørgaard,2830,5,4,0.1590106007067137,0.127208480565371,2025-05-30,11000000.0,1994-03-10,Midfield,Arsenal FC,GB1,31.307323750855577,11.0,christian nrgaard,1994,1994.0,Midfield,4.3,1.3,14,154,42,39,Arsenal FC,Premier League,0.13674911660777384,0.04134275618374558,0.4452296819787986,4.897526501766785,1.3356890459363957,1.2402826855123674,7.576900943500942,-3.4230990564990584,-31.119082331809622
159088,Robert Andrich,1605,2,1,0.1121495327102803,0.0560747663551401,2025-06-05,9000000.0,1994-09-22,Midfield,Bayer 04 Leverkusen,L1,30.770704996577688,9.0,robert andrich,1994,1994.0,Midfield,1.3,0.3,8,65,17,21,Bayer 04 Leverkusen,Bundesliga,0.07289719626168224,0.016822429906542057,0.4485981308411215,3.644859813084112,0.9532710280373832,1.177570093457944,5.5186643698893665,-3.4813356301106335,-38.68150700122926
106987,Marcel Sabitzer,1616,1,0,0.0556930693069306,0.0,2025-06-05,8000000.0,1994-03-17,Midfield,Borussia Dortmund,L1,31.288158795345655,8.0,marcel sabitzer,1994,1994.0,Midfield,1.8,1.6,24,97,70,21,Borussia Dortmund,Bundesliga,0.10024752475247525,0.0891089108910891,1.3366336633663365,5.4022277227722775,3.898514851485148,1.1695544554455446,4.503825364450363,-3.496174635549637,-43.70218294437046
670717,Dário Essugo,1952,1,0,0.0461065573770491,0.0,2025-06-09,20000000.0,2005-03-14,Midfield,Chelsea FC,GB1,20.295687885010267,20.0,dario essugo,2005,2005.0,Midfield,0.7,0.4,18,76,8,23,Chelsea FC,Premier League,0.03227459016393443,0.018442622950819672,0.8299180327868853,3.5040983606557377,0.36885245901639346,1.0604508196721312,16.46275976338477,-3.5372402366152293,-17.686201183076147
193098,Álex Moreno,960,0,1,0.0,0.09375,2025-05-30,7000000.0,1993-06-08,Defender,Girona FC,ES1,32.06023271731691,7.0,alex moreno,1993,1993.0,Defender,0.2,1.3,26,34,34,6,Girona FC,La Liga,0.018750000000000003,0.12187500000000001,2.4375,3.1875,3.1875,0.5625,3.4093222943722945,-3.5906777056277055,-51.29539579468151
324278,Christoph Baumgartner,1609,2,1,0.1118707271597265,0.0559353635798632,2025-06-05,12000000.0,1999-08-01,Midfield,RB Leipzig,L1,25.913757700205338,12.0,christoph baumgartner,1999,1999.0,Midfield,4.5,1.3,37,53,95,39,RB Leipzig,Bundesliga,0.2517091361093847,0.07271597265382225,2.0696084524549407,2.9645742697327537,5.313859540087011,2.1814791796146675,8.35781294538794,-3.6421870546120605,-30.351558788433834
187492,Julian Brandt,2319,5,10,0.1940491591203104,0.3880983182406209,2025-06-05,25000000.0,1996-05-02,Midfield,Borussia Dortmund,L1,29.16084873374401,25.0,julian brandt,1996,1996.0,Midfield,4.8,8.5,61,149,199,45,Borussia Dortmund,Bundesliga,0.18628719275549807,0.3298835705045278,2.367399741267788,5.782664941785253,7.723156532988357,1.7464424320827943,21.306699567099564,-3.693300432900436,-14.773201731601745
357498,Dušan Vlahović,1784,10,4,0.5044843049327354,0.2017937219730941,2025-06-17,35000000.0,2000-01-28,Attack,Juventus FC,IT1,25.42094455852156,35.0,dusan vlahovic,2000,2000.0,Attack,12.3,1.3,27,22,117,73,Juventus FC,Serie A,0.6205156950672646,0.0655829596412556,1.3621076233183858,1.109865470852018,5.902466367713004,3.6827354260089686,31.28255369167869,-3.7174463083213105,-10.621275166632316
962555,Abakar Sylla,945,1,0,0.0952380952380952,0.0,2025-06-03,10000000.0,2002-12-25,Defender,RC Strasbourg Alsace,FR1,22.51334702258727,10.0,abakar sylla,2002,2002.0,Defender,0.4,0.1,0,21,3,5,RC Strasbourg Alsace,Ligue 1,0.0380952380952381,0.009523809523809525,0.0,2.0,0.2857142857142857,0.47619047619047616,6.187371862396866,-3.8126281376031343,-38.12628137603134
170934,Mario Lemina,1363,1,3,0.066030814380044,0.198092443140132,2025-06-18,7500000.0,1993-09-01,Midfield,Galatasaray,TR1,31.82751540041068,7.5,mario lemina,1993,1993.0,Midfield,1.4,1.1,8,48,21,18,Galatasaray,,0.09244314013206163,0.07263389581804844,0.5282465150403521,3.169479090242113,1.3866471019809243,1.1885546588407925,3.656192747067749,-3.843807252932251,-51.25076337243002
192765,Ben Davies,1330,0,0,0.0,0.0,2025-05-30,6000000.0,1993-04-24,Defender,Tottenham Hotspur,GB1,32.18343600273785,6.0,ben davies,1993,1993.0,Defender,0.3,0.2,14,52,6,5,Tottenham Hotspur,Premier League,0.02030075187969925,0.013533834586466167,0.9473684210526315,3.518796992481203,0.406015037593985,0.3383458646616541,2.1351406898656906,-3.8648593101343094,-64.41432183557183
242086,Patrik Schick,1686,21,1,1.1209964412811388,0.0533807829181494,2025-06-05,27000000.0,1996-01-24,Attack,Bayer 04 Leverkusen,L1,29.43189596167009,27.0,patrik schick,1996,1996.0,Attack,12.7,0.6,7,21,107,68,Bayer 04 Leverkusen,Bundesliga,0.6779359430604982,0.032028469750889674,0.3736654804270462,1.1209964412811388,5.711743772241993,3.629893238434164,23.120701190476193,-3.8792988095238066,-14.36777336860669
633668,Giovanni Fabbian,1010,3,1,0.2673267326732673,0.0891089108910891,2025-06-17,12000000.0,2003-01-14,Midfield,Bologna Football Club 1909,IT1,22.458590006844627,12.0,giovanni fabbian,2003,2003.0,Midfield,2.3,1.3,14,17,43,21,Bologna Football Club 1909,Serie A,0.20495049504950494,0.11584158415841585,1.2475247524752475,1.5148514851485149,3.831683168316832,1.8712871287128714,8.101627323602326,-3.898372676397674,-32.48643896998062
402008,Amadou Haidara,1324,0,1,0.0,0.0679758308157099,2025-06-05,16000000.0,1998-01-31,Midfield,RB Leipzig,L1,27.411362080766597,16.0,amadou haidara,1998,1998.0,Midfield,1.4,0.9,7,65,24,18,RB Leipzig,Bundesliga,0.09516616314199396,0.06117824773413897,0.4758308157099698,4.418429003021148,1.6314199395770395,1.2235649546827794,11.98034423261923,-4.019655767380771,-25.122848546129816
470607,Brennan Johnson,2179,11,5,0.4543368517668655,0.2065167508031207,2025-05-30,40000000.0,2001-05-23,Attack,Tottenham Hotspur,GB1,24.10403832991102,40.0,brennan johnson,2001,2001.0,Attack,10.4,2.3,60,71,197,54,Tottenham Hotspur,Premier League,0.42955484167049107,0.09499770536943551,2.4782010096374485,2.932537861404314,8.136759981642955,2.2303809086737036,35.88831811706811,-4.11168188293189,-10.279204707329725
1061282,Assane Diao,1531,9,3,0.5290659699542782,0.1763553233180927,2025-06-17,30000000.0,2005-09-07,Attack,Como 1907,IT1,19.811088295687885,30.0,assane diao,2005,2005.0,Attack,4.8,1.9,59,37,143,35,Como 1907,Serie A,0.2821685173089484,0.11169170476812541,3.4683213585891575,2.1750489875898107,8.406270411495756,2.057478772044415,25.8245806924557,-4.175419307544299,-13.918064358480997
525704,Nicolò Rovella,2727,0,3,0.0,0.099009900990099,2025-06-17,30000000.0,2001-12-04,Midfield,Società Sportiva Lazio S.p.A.,IT1,23.57015742642026,30.0,nicolo rovella,2001,2001.0,Midfield,1.5,2.2,45,159,42,28,Società Sportiva Lazio S.p.A.,Serie A,0.0495049504950495,0.07260726072607261,1.485148514851485,5.247524752475248,1.386138613861386,0.9240924092409241,25.810315823990813,-4.189684176009187,-13.965613920030625
74229,Koke,1926,1,1,0.0467289719626168,0.0467289719626168,2025-06-09,8000000.0,1992-01-08,Midfield,Atlético de Madrid,ES1,33.4757015742642,8.0,koke,1992,1992.0,Midfield,1.1,1.4,22,132,18,11,Atlético de Madrid,La Liga,0.0514018691588785,0.06542056074766354,1.0280373831775702,6.16822429906542,0.8411214953271028,0.5140186915887851,3.7240247687497714,-4.275975231250229,-53.44969039062786
427568,Aaron Ramsdale,2700,0,0,0.0,0.0,2025-05-30,16000000.0,1998-05-14,Goalkeeper,Newcastle United,GB1,27.129363449691994,16.0,aaron ramsdale,1998,1998.0,Goalkeeper,0.0,0.0,0,0,0,0,Newcastle United,Premier League,0.0,0.0,0.0,0.0,0.0,0.0,11.68494562289563,-4.315054377104371,-26.96908985690232
240414,Alex Meret,3006,0,0,0.0,0.0,2025-06-17,18000000.0,1997-03-22,Goalkeeper,SSC Napoli,IT1,28.27378507871321,18.0,alex meret,1997,1997.0,Goalkeeper,0.0,0.0,0,1,0,0,SSC Napoli,Serie A,0.0,0.0,0.0,0.029940119760479042,0.0,0.0,13.649987930587935,-4.350012069412065,-24.166733718955914
433984,Sam Beukema,3012,0,1,0.0,0.0298804780876494,2025-06-17,28000000.0,1998-11-17,Defender,SSC Napoli,IT1,26.61738535249829,28.0,sam beukema,1998,1998.0,Defender,1.5,0.9,27,153,9,15,SSC Napoli,Serie A,0.044820717131474105,0.02689243027888446,0.8067729083665339,4.5717131474103585,0.2689243027888446,0.448207171314741,23.60523495578496,-4.394765044215038,-15.695589443625138
429014,Morgan Gibbs-White,2824,7,10,0.2230878186968838,0.3186968838526912,2025-05-30,50000000.0,2000-01-27,Midfield,Nottingham Forest,GB1,25.423682409308693,50.0,morgan gibbswhite,2000,2000.0,Midfield,6.3,5.0,69,164,137,61,Nottingham Forest,Premier League,0.20077903682719545,0.15934844192634562,2.1990084985835696,5.2266288951841355,4.36614730878187,1.9440509915014164,45.57676486291484,-4.4232351370851575,-8.846470274170315
405885,Giacomo Raspadori,1097,6,1,0.4922515952597995,0.0820419325432999,2025-06-17,25000000.0,2000-02-18,Attack,Atalanta BC,IT1,25.363449691991782,25.0,giacomo raspadori,2000,2000.0,Attack,4.0,2.4,18,42,57,42,Atalanta BC,Serie A,0.3281677301731996,0.19690063810391978,1.4767547857793983,3.445761166818596,4.676390154968095,3.445761166818596,20.54187611647612,-4.458123883523879,-17.832495534095514
480763,Juan Foyth,1517,1,0,0.05932762030323,0.0,2025-06-09,15000000.0,1998-01-12,Defender,Villarreal CF,ES1,27.463381245722108,15.0,juan foyth,1998,1998.0,Defender,2.4,0.3,13,65,11,17,Villarreal CF,La Liga,0.14238628872775214,0.017798286090969017,0.7712590639419908,3.856295319709954,0.6526038233355307,1.008569545154911,10.512386856661855,-4.4876131433381445,-29.91742095558763
425902,Ryan Yates,1904,2,1,0.0945378151260504,0.0472689075630252,2025-05-30,12000000.0,1997-11-21,Midfield,Nottingham Forest,GB1,27.60574948665298,12.0,ryan yates,1997,1997.0,Midfield,2.3,1.2,18,53,16,33,Nottingham Forest,Premier League,0.10871848739495797,0.056722689075630245,0.8508403361344538,2.505252100840336,0.7563025210084033,1.559873949579832,7.490009466459466,-4.509990533540534,-37.58325444617112
526845,Noah Atubolu,2308,0,0,0.0,0.0,2025-06-05,18000000.0,2002-05-25,Goalkeeper,SC Freiburg,L1,23.09924709103354,18.0,noah atubolu,2002,2002.0,Goalkeeper,0.0,0.0,0,2,0,0,SC Freiburg,Bundesliga,0.0,0.0,0.0,0.0779896013864818,0.0,0.0,13.389591498316499,-4.6104085016835015,-25.61338056490834
262980,Jefferson Lerma,2277,0,1,0.0,0.0395256916996047,2025-05-30,10000000.0,1994-10-25,Midfield,Crystal Palace,GB1,30.680355920602327,10.0,jefferson lerma,1994,1994.0,Midfield,1.1,1.6,13,97,26,26,Crystal Palace,Premier League,0.04347826086956522,0.0632411067193676,0.5138339920948617,3.83399209486166,1.0276679841897234,1.0276679841897234,5.310531721981722,-4.689468278018278,-46.894682780182784
1086619,Giovanni Leoni,1205,1,0,0.0746887966804979,0.0,2025-06-17,18000000.0,2006-12-21,Defender,Liverpool FC,GB1,18.524298425735797,18.0,giovanni leoni,2006,2006.0,Defender,0.1,0.0,0,21,5,2,Liverpool FC,Premier League,0.007468879668049792,0.0,0.0,1.5684647302904564,0.37344398340248963,0.14937759336099585,13.283388047138049,-4.7166119528619515,-26.203399738121952
193004,Waldemar Anton,1948,2,2,0.0924024640657084,0.0924024640657084,2025-06-05,18000000.0,1996-07-20,Defender,Borussia Dortmund,L1,28.944558521560573,18.0,waldemar anton,1996,1996.0,Defender,1.7,0.8,32,117,28,19,Borussia Dortmund,Bundesliga,0.07854209445585215,0.036960985626283374,1.4784394250513349,5.405544147843942,1.2936344969199178,0.87782340862423,13.273004612054612,-4.726995387945388,-26.26108548858549
231572,Nélson Semedo,2896,0,4,0.0,0.1243093922651933,2025-05-30,9000000.0,1993-11-16,Defender,Fenerbahce,TR1,31.61943874058864,9.0,nelson semedo,1993,1993.0,Defender,0.9,2.8,67,80,119,18,Fenerbahce,,0.02796961325966851,0.08701657458563536,2.082182320441989,2.4861878453038675,3.6982044198895028,0.5593922651933702,4.264267527842529,-4.735732472157471,-52.61924969063857
282144,Marin Pongracic,1368,0,0,0.0,0.0,2025-06-17,10000000.0,1997-09-11,Defender,ACF Fiorentina,IT1,27.800136892539356,10.0,marin pongracic,1997,1997.0,Defender,0.2,0.2,7,34,5,2,ACF Fiorentina,Serie A,0.013157894736842106,0.013157894736842106,0.4605263157894737,2.236842105263158,0.3289473684210526,0.13157894736842105,5.208915799940799,-4.791084200059201,-47.910842000592005
326029,Donyell Malen,910,6,0,0.5934065934065934,0.0,2025-05-30,25000000.0,1999-01-19,Attack,Associazione Sportiva Roma,IT1,26.444900752908968,25.0,donyell malen,1999,1999.0,Attack,5.1,0.4,35,23,105,34,Associazione Sportiva Roma,Serie A,0.5043956043956044,0.03956043956043956,3.4615384615384617,2.2747252747252746,10.384615384615385,3.3626373626373627,20.148730759980747,-4.851269240019253,-19.40507696007701
866655,Tyler Dibling,1874,2,1,0.096051227321238,0.048025613660619,2025-05-30,25000000.0,2006-02-17,Attack,Everton FC,GB1,19.364818617385353,25.0,tyler dibling,2006,2006.0,Attack,2.5,1.5,69,64,96,28,Everton FC,Premier League,0.1200640341515475,0.0720384204909285,3.3137673425827106,3.073639274279616,4.610458911419424,1.3447171824973319,20.02417172272172,-4.9758282772782785,-19.903313109113114
431755,Dejan Kulusevski,2391,7,4,0.2634880803011292,0.1505646173149309,2025-05-30,50000000.0,2000-04-25,Midfield,Tottenham Hotspur,GB1,25.180013689253936,50.0,dejan kulusevski,2000,2000.0,Midfield,4.2,6.2,120,124,210,47,Tottenham Hotspur,Premier League,0.15809284818067754,0.23337515683814306,4.51693851944793,4.667503136762861,7.904642409033877,1.769134253450439,44.99023590298593,-5.00976409701407,-10.01952819402814
85941,Stefan Ortega,1099,0,0,0.0,0.0,2025-05-30,8000000.0,1992-11-06,Goalkeeper,Manchester City,GB1,32.64613278576318,8.0,stefan ortega,1992,1992.0,Goalkeeper,0.0,0.0,0,0,0,0,Manchester City,Premier League,0.0,0.0,0.0,0.0,0.0,0.0,2.9637601435601426,-5.036239856439858,-62.952998205498226
406634,Matt O'Riley,938,2,3,0.1918976545842217,0.2878464818763326,2025-05-30,22000000.0,2000-11-21,Midfield,Olympique Marseille,FR1,24.605065023956193,22.0,matt oriley,2000,2000.0,Midfield,2.8,2.4,22,38,52,21,Olympique Marseille,Ligue 1,0.2686567164179104,0.23027718550106607,2.1108742004264394,3.6460554371002134,4.9893390191897655,2.014925373134328,16.94826831409332,-5.051731685906681,-22.962416754121275
291200,Moussa Niakhaté,2725,0,0,0.0,0.0,2025-06-03,15000000.0,1996-03-08,Defender,Olympique Lyon,FR1,29.311430527036276,15.0,moussa niakhate,1996,1996.0,Defender,0.1,1.0,34,111,5,2,Olympique Lyon,Ligue 1,0.003302752293577982,0.03302752293577982,1.1229357798165136,3.6660550458715595,0.1651376146788991,0.06605504587155964,9.884191221741233,-5.115808778258767,-34.10539185505845
608832,Merlin Röhl,967,0,1,0.0,0.093071354705274,2025-06-05,12000000.0,2002-07-05,Midfield,Everton FC,GB1,22.98699520876112,12.0,merlin rohl,2002,2002.0,Midfield,0.8,1.7,20,22,60,12,Everton FC,Premier League,0.07445708376421924,0.15822130299896586,1.861427094105481,2.047569803516029,5.584281282316443,1.1168562564632885,6.854490170015169,-5.145509829984831,-42.87924858320692
623570,Iliman Ndiaye,2440,9,0,0.3319672131147541,0.0,2025-05-30,22000000.0,2000-03-06,Attack,Everton FC,GB1,25.31690622861054,22.0,iliman ndiaye,2000,2000.0,Attack,6.2,1.9,86,59,122,35,Everton FC,Premier League,0.22868852459016392,0.07008196721311474,3.1721311475409837,2.1762295081967213,4.5,1.290983606557377,16.791476657601653,-5.2085233423983475,-23.67510610181067
413565,Jhon Lucumí,2613,0,1,0.0,0.0344431687715269,2025-06-17,22000000.0,1998-06-26,Defender,Bologna Football Club 1909,IT1,27.01163586584531,22.0,jhon lucumi,1998,1998.0,Defender,0.6,0.4,34,108,7,13,Bologna Football Club 1909,Serie A,0.02066590126291619,0.013777267508610793,1.1710677382319172,3.719862227324914,0.24110218140068884,0.44776119402985076,16.71100864598366,-5.288991354016339,-24.04086979098336
434224,Maxence Lacroix,3119,1,1,0.0288554023725553,0.0288554023725553,2025-05-30,25000000.0,2000-04-06,Defender,Crystal Palace,GB1,25.232032854209447,25.0,maxence lacroix,2000,2000.0,Defender,3.4,1.0,8,65,7,30,Crystal Palace,Premier League,0.09810836806668805,0.02885540237255531,0.23084321898044247,1.875601154216095,0.20198781660788714,0.8656620711766592,19.67628783068782,-5.323712169312181,-21.294848677248723
617060,Mika Mármol,2399,0,1,0.0,0.0375156315131304,2024-06-07,15000000.0,2001-07-02,Defender,UD Las Palmas,ES1,23.994524298425738,15.0,mika marmol,2001,2001.0,Defender,0.4,1.5,33,106,62,10,UD Las Palmas,La Liga,0.01500625260525219,0.05627344726969571,1.2380158399333054,3.9766569403918304,2.325969153814089,0.3751563151313047,9.667519793169799,-5.332480206830201,-35.54986804553468
245056,Saša Lukić,2360,0,2,0.0,0.0762711864406779,2025-05-30,14000000.0,1996-08-13,Midfield,Fulham FC,GB1,28.878850102669404,14.0,sasa lukic,1996,1996.0,Midfield,1.2,2.7,39,98,33,18,Fulham FC,Premier League,0.04576271186440678,0.10296610169491527,1.4872881355932204,3.73728813559322,1.2584745762711864,0.6864406779661018,8.631871654271658,-5.368128345728342,-38.34377389805959
351749,Kalvin Phillips,1240,0,0,0.0,0.0,2025-05-30,12000000.0,1995-12-02,Midfield,Manchester City,GB1,29.57700205338809,12.0,kalvin phillips,1995,1995.0,Midfield,0.4,0.2,4,51,4,11,Manchester City,Premier League,0.02903225806451613,0.014516129032258065,0.2903225806451613,3.7016129032258065,0.2903225806451613,0.7983870967741935,6.629164862914867,-5.370835137085133,-44.75695947570944
667287,Yasin Ayari,1968,2,1,0.0914634146341463,0.0457317073170731,2025-05-30,22000000.0,2003-10-06,Midfield,Brighton & Hove Albion,GB1,21.73305954825462,22.0,yasin ayari,2003,2003.0,Midfield,2.4,2.3,30,75,61,28,Brighton & Hove Albion,Premier League,0.10975609756097561,0.10518292682926828,1.371951219512195,3.4298780487804876,2.7896341463414633,1.2804878048780488,16.5664036981537,-5.4335963018463005,-24.698165008392277
487465,Pedro Neto,2269,4,6,0.1586602027324812,0.2379903040987219,2025-05-30,50000000.0,2000-03-09,Attack,Chelsea FC,GB1,25.308692676249144,50.0,pedro neto,2000,2000.0,Attack,3.5,6.7,126,60,253,59,Chelsea FC,Premier League,0.1388276773909211,0.2657558395769061,4.99779638607316,2.379903040987219,10.03525782282944,2.340237990304099,44.50129019129021,-5.4987098087097905,-10.997419617419581
274839,Wilfred Ndidi,2337,0,5,0.0,0.1925545571245186,2025-05-30,15000000.0,1996-12-16,Midfield,Beşiktaş Jimnastik Kulübü,TR1,28.536618754277892,15.0,wilfred ndidi,1996,1996.0,Midfield,2.0,1.9,18,70,75,22,Beşiktaş Jimnastik Kulübü,,0.07702182284980745,0.07317073170731707,0.693196405648267,2.6957637997432604,2.8883183568677793,0.8472400513478819,9.49397230732231,-5.506027692677691,-36.70685128451794
497291,Nicolás Domínguez,1971,0,1,0.0,0.045662100456621,2025-05-30,18000000.0,1998-06-28,Midfield,Nottingham Forest,GB1,27.006160164271048,18.0,nicolas dominguez,1998,1998.0,Midfield,1.5,1.3,16,83,33,21,Nottingham Forest,Premier League,0.0684931506849315,0.0593607305936073,0.730593607305936,3.7899543378995433,1.506849315068493,0.958904109589041,12.386296864246862,-5.613703135753138,-31.18723964307299
622380,Cesare Casadei,1023,1,1,0.0879765395894428,0.0879765395894428,2025-06-17,15000000.0,2003-01-10,Midfield,Torino FC,IT1,22.469541409993155,15.0,cesare casadei,2003,2003.0,Midfield,1.2,0.4,14,36,12,14,Torino FC,Serie A,0.10557184750733138,0.03519061583577712,1.2316715542521994,3.1671554252199416,1.0557184750733137,1.2316715542521994,9.38094460539461,-5.61905539460539,-37.46036929736926
125781,Antoine Griezmann,2482,8,7,0.290088638195004,0.2538275584206285,2025-06-09,18000000.0,1991-03-21,Attack,Atlético de Madrid,ES1,34.27789185489391,18.0,antoine griezmann,1991,1991.0,Attack,7.4,7.1,46,143,177,48,Atlético de Madrid,La Liga,0.26833199033037874,0.25745366639806605,1.6680096696212732,5.185334407735697,6.418211120064464,1.7405318291700242,12.375998185148191,-5.624001814851809,-31.244454526954495
126664,Lucas Digne,2360,0,5,0.0,0.1906779661016949,2025-05-30,10000000.0,1993-07-20,Defender,Aston Villa,GB1,31.94524298425736,10.0,lucas digne,1993,1993.0,Defender,0.8,4.7,23,57,142,13,Aston Villa,Premier League,0.030508474576271188,0.17923728813559325,0.8771186440677967,2.1737288135593222,5.415254237288136,0.4957627118644068,4.29815913160913,-5.70184086839087,-57.0184086839087
533662,Cameron Archer,1433,2,0,0.1256106071179344,0.0,2025-05-30,12000000.0,2001-12-09,Attack,Southampton FC,GB1,23.5564681724846,12.0,cameron archer,2001,2001.0,Attack,5.7,0.5,22,14,66,28,Southampton FC,Premier League,0.3579902302861131,0.0314026517794836,1.3817166782972783,0.8792742498255408,4.145150034891835,1.7585484996510816,6.273459475709478,-5.726540524290522,-47.72117103575435
351478,Mikel Oyarzabal,2263,9,3,0.3579319487406098,0.1193106495802032,2025-06-09,25000000.0,1997-04-21,Attack,Real Sociedad,ES1,28.191649555099247,25.0,mikel oyarzabal,1997,1997.0,Attack,9.9,2.4,31,28,133,39,Real Sociedad,La Liga,0.3937251436146708,0.09544851966416261,1.2328767123287672,1.113566062748564,5.289438798055678,1.5510384445426424,19.23245917508416,-5.767540824915841,-23.070163299663363
943837,Vitor Roque,1237,4,2,0.2910266774454325,0.1455133387227162,2025-06-06,20000000.0,2005-02-28,Attack,Sociedade Esportiva Palmeiras,BRA1,20.33401779603012,20.0,vitor roque,2005,2005.0,Attack,6.1,1.2,24,17,57,41,Sociedade Esportiva Palmeiras,,0.44381568310428454,0.08730800323362975,1.7461600646725952,1.236863379143088,4.147130153597413,2.983023443815683,14.216222797572803,-5.783777202427197,-28.918886012135985
746695,Kamaldeen Sulemana,1406,1,1,0.0640113798008534,0.0640113798008534,2025-05-30,13000000.0,2002-02-15,Attack,Atalanta BC,IT1,23.370294318959616,13.0,kamaldeen sulemana,2002,2002.0,Attack,1.5,1.0,63,27,87,29,Atalanta BC,Serie A,0.09601706970128024,0.06401137980085349,4.0327169274537695,1.728307254623044,5.568990042674253,1.856330014224751,7.130388094313095,-5.869611905686905,-45.15086081297619
661145,Jon Aramburu,2462,1,1,0.0365556458164094,0.0365556458164094,2025-06-09,15000000.0,2002-07-23,Defender,Real Sociedad,ES1,22.937713894592743,15.0,jon aramburu,2002,2002.0,Defender,0.4,1.1,26,97,53,11,Real Sociedad,La Liga,0.01462225832656377,0.04021121039805037,0.950446791226645,3.545897644191714,1.9374492282696993,0.4021121039805037,9.098672304547305,-5.901327695452695,-39.3421846363513
361914,Nayef Aguerd,1763,0,0,0.0,0.0,2025-06-09,18000000.0,1996-03-30,Defender,Olympique Marseille,FR1,29.251197809719372,18.0,nayef aguerd,1996,1996.0,Defender,2.4,0.1,26,75,1,15,Olympique Marseille,Ligue 1,0.12251843448667044,0.005104934770277935,1.327283040272263,3.8287010777084514,0.05104934770277936,0.7657402155416904,12.085465297665293,-5.9145347023347075,-32.85852612408171
490384,Koni De Winter,2133,3,0,0.1265822784810126,0.0,2025-06-17,22000000.0,2002-06-12,Defender,AC Milan,IT1,23.04996577686516,22.0,koni de winter,2002,2002.0,Defender,2.1,0.2,10,56,10,13,AC Milan,Serie A,0.08860759493670886,0.008438818565400845,0.4219409282700422,2.3628691983122363,0.4219409282700422,0.5485232067510548,16.057675271025275,-5.942324728974725,-27.010566949885114
730861,Milos Kerkez,3342,2,6,0.0538599640933572,0.1615798922800718,2025-05-30,45000000.0,2003-11-07,Defender,Liverpool FC,GB1,21.645448323066393,45.0,milos kerkez,2003,2003.0,Defender,0.6,3.9,106,159,197,19,Liverpool FC,Premier League,0.01615798922800718,0.10502692998204667,2.854578096947935,4.281867145421903,5.305206463195692,0.5116696588868941,39.0176086247086,-5.9823913752913995,-13.294203056203111
16306,Casemiro,1498,1,0,0.0600801068090787,0.0,2025-05-30,10000000.0,1992-02-23,Midfield,Manchester United,GB1,33.34976043805612,10.0,casemiro,1992,1992.0,Midfield,1.9,2.3,4,84,28,32,Manchester United,Premier League,0.11415220293724967,0.13818424566088117,0.24032042723631508,5.046728971962617,1.6822429906542056,1.9225634178905207,3.9976723605098603,-6.00232763949014,-60.0232763949014
332697,Weston McKennie,2317,2,4,0.0776866637893828,0.1553733275787656,2025-06-17,22000000.0,1998-08-28,Midfield,Juventus FC,IT1,26.83915126625599,22.0,weston mckennie,1998,1998.0,Midfield,2.9,3.6,28,101,153,22,Juventus FC,Serie A,0.11264566249460509,0.13983599482088907,1.0876132930513596,3.9231765213638328,5.943029779887786,0.8545533016832111,15.973136951936967,-6.026863048063033,-27.39483203665015
469781,Marcos Senesi,1107,0,0,0.0,0.0,2025-05-30,22000000.0,1997-05-10,Defender,AFC Bournemouth,GB1,28.139630390143736,22.0,marcos senesi,1997,1997.0,Defender,0.8,0.2,12,62,7,3,AFC Bournemouth,Premier League,0.06504065040650407,0.016260162601626018,0.975609756097561,5.0406504065040645,0.5691056910569106,0.24390243902439024,15.844724434824435,-6.155275565175565,-27.978525296252567
565093,Bart Verbruggen,3240,0,1,0.0,0.0277777777777777,2025-05-30,30000000.0,2002-08-18,Goalkeeper,Brighton & Hove Albion,GB1,22.86652977412731,30.0,bart verbruggen,2002,2002.0,Goalkeeper,0.0,0.0,0,2,0,0,Brighton & Hove Albion,Premier League,0.0,0.0,0.0,0.05555555555555555,0.0,0.0,23.789094252969264,-6.210905747030736,-20.70301915676912
401578,Exequiel Palacios,1150,1,6,0.0782608695652174,0.4695652173913044,2025-06-05,40000000.0,1998-10-05,Midfield,Bayer 04 Leverkusen,L1,26.73511293634497,40.0,exequiel palacios,1998,1998.0,Midfield,1.5,2.3,15,97,40,13,Bayer 04 Leverkusen,Bundesliga,0.1173913043478261,0.18,1.1739130434782608,7.591304347826087,3.130434782608696,1.0173913043478262,33.754697089022095,-6.245302910977905,-15.613257277444765
711999,Lesley Ugochukwu,1663,1,1,0.0541190619362597,0.0541190619362597,2025-05-30,18000000.0,2004-03-26,Midfield,Burnley FC,GB1,21.2621492128679,18.0,lesley ugochukwu,2004,2004.0,Midfield,0.9,1.0,29,49,20,10,Burnley FC,Premier League,0.0487071557426338,0.054119061936259774,1.5694527961515334,2.651834034876729,1.0823812387251954,0.5411906193625977,11.713533317608324,-6.286466682391676,-34.92481490217598
230784,Thomas Partey,2800,4,2,0.1285714285714285,0.0642857142857142,2025-05-30,14000000.0,1993-06-13,Midfield,Villarreal CF,ES1,32.04654346338125,14.0,thomas partey,1993,1993.0,Midfield,2.3,2.1,36,185,48,26,Villarreal CF,La Liga,0.07392857142857143,0.0675,1.157142857142857,5.946428571428571,1.542857142857143,0.8357142857142857,7.615089225589222,-6.384910774410778,-45.606505531505555
309110,Brais Méndez,1540,3,2,0.1753246753246753,0.1168831168831168,2025-06-09,22000000.0,1997-01-07,Midfield,Real Sociedad,ES1,28.476386036960985,22.0,brais mendez,1997,1997.0,Midfield,3.5,2.0,32,91,86,28,Real Sociedad,La Liga,0.20454545454545453,0.11688311688311688,1.87012987012987,5.318181818181818,5.025974025974026,1.6363636363636362,15.550488770488764,-6.449511229511236,-29.31596013414198
693095,Jacob Greaves,2205,1,0,0.0408163265306122,0.0,2025-05-30,18000000.0,2000-09-12,Defender,Ipswich Town,GB1,24.79671457905544,18.0,jacob greaves,2000,2000.0,Defender,1.3,0.3,11,69,11,10,Ipswich Town,Premier League,0.05306122448979592,0.012244897959183673,0.4489795918367347,2.8163265306122454,0.4489795918367347,0.40816326530612246,11.536756615606622,-6.463243384393378,-35.906907691074316
342385,Guido Rodríguez,1155,0,1,0.0,0.0779220779220779,2025-05-30,10000000.0,1994-04-12,Midfield,West Ham United,GB1,31.21697467488022,10.0,guido rodriguez,1994,1994.0,Midfield,0.2,0.2,4,33,7,8,West Ham United,Premier League,0.015584415584415584,0.015584415584415584,0.3116883116883117,2.571428571428571,0.5454545454545454,0.6233766233766234,3.5203992724867716,-6.479600727513228,-64.79600727513228
625047,Beñat Prados,1721,1,0,0.052295177222545,0.0,2025-06-09,18000000.0,2001-02-08,Midfield,Athletic Bilbao,ES1,24.38877481177276,18.0,benat prados,2001,2001.0,Midfield,1.0,1.1,20,78,32,16,Athletic Bilbao,La Liga,0.05229517722254503,0.05752469494479954,1.0459035444509006,4.079023823358513,1.673445671121441,0.8367228355607205,11.249408760683764,-6.750591239316236,-37.50328466286798
191056,Brice Samba,2880,0,0,0.0,0.0,2025-06-03,12000000.0,1994-04-25,Goalkeeper,Stade Rennais FC,FR1,31.1813826146475,12.0,brice samba,1994,1994.0,Goalkeeper,0.0,0.0,0,2,0,0,Stade Rennais FC,Ligue 1,0.0,0.0,0.0,0.0625,0.0,0.0,5.225548511673509,-6.774451488326491,-56.45376240272076
333014,Sander Berge,2227,0,0,0.0,0.0,2025-05-30,25000000.0,1998-02-14,Midfield,Fulham FC,GB1,27.37303216974675,25.0,sander berge,1998,1998.0,Midfield,0.4,0.6,29,124,9,3,Fulham FC,Premier League,0.016165244723843737,0.024247867085765602,1.1719802424786707,5.011225864391558,0.3637180062864841,0.12123933542882803,18.198551214526226,-6.801448785473774,-27.205795141895095
128223,Álvaro Morata,1104,5,1,0.4076086956521739,0.0815217391304347,2025-06-18,11000000.0,1992-10-23,Attack,Como 1907,IT1,32.68446269678302,11.0,alvaro morata,1992,1992.0,Attack,3.9,0.8,18,26,63,27,Como 1907,Serie A,0.3179347826086957,0.06521739130434782,1.467391304347826,2.119565217391304,5.135869565217391,2.2010869565217392,4.190028452103451,-6.809971547896549,-61.908832253604984
938729,Mikel Jauregizar,2243,2,2,0.0802496656263932,0.0802496656263932,2025-06-09,30000000.0,2003-11-13,Midfield,Athletic Bilbao,ES1,21.6290212183436,30.0,mikel jauregizar,2003,2003.0,Midfield,1.1,1.4,14,118,31,21,Athletic Bilbao,La Liga,0.04413731609451628,0.05617476593847526,0.5617476593847526,4.7347302719572,1.243869817209095,0.8426214890771289,23.14475348725349,-6.855246512746511,-22.850821709155035
569383,Chrislain Matsima,2551,1,1,0.0352802822422579,0.0352802822422579,2025-06-05,22000000.0,2002-05-15,Defender,FC Augsburg,L1,23.12662559890486,22.0,chrislain matsima,2002,2002.0,Defender,1.8,0.3,14,84,13,14,FC Augsburg,Bundesliga,0.06350450803606429,0.010584084672677381,0.49392395139161116,2.9635437083496665,0.4586436691493532,0.49392395139161116,15.070760360010366,-6.929239639989634,-31.496543818134697
845654,Kenan Yıldız,2409,7,5,0.261519302615193,0.186799501867995,2025-06-17,50000000.0,2005-05-04,Attack,Juventus FC,IT1,20.15605749486653,50.0,kenan yldz,2005,2005.0,Attack,4.3,5.0,115,121,223,61,Juventus FC,Serie A,0.16064757160647572,0.18679950186799504,4.296388542963886,4.520547945205479,8.331257783312578,2.278953922789539,43.01660594035592,-6.983394059644077,-13.966788119288154
493003,Daniel Muñoz,3232,4,6,0.1113861386138613,0.167079207920792,2025-05-30,25000000.0,1996-05-26,Defender,Crystal Palace,GB1,29.09514031485284,25.0,daniel munoz,1996,1996.0,Defender,4.9,5.5,62,97,206,37,Crystal Palace,Premier League,0.1364480198019802,0.1531559405940594,1.7264851485148514,2.7011138613861387,5.736386138613861,1.0303217821782178,17.990934997409994,-7.009065002590006,-28.036260010360024
203394,Andreas Pereira,2026,2,6,0.0888450148075024,0.2665350444225074,2025-05-30,18000000.0,1996-01-01,Midfield,Sociedade Esportiva Palmeiras,BRA1,29.49486652977413,18.0,andreas pereira,1996,1996.0,Midfield,3.8,4.6,29,104,81,38,Sociedade Esportiva Palmeiras,,0.1688055281342547,0.20434353405725567,1.2882527147087859,4.619940769990128,3.59822309970385,1.688055281342547,10.974786287786285,-7.025213712213715,-39.028965067853974
250426,Adam Armstrong,1254,2,2,0.1435406698564593,0.1435406698564593,2025-05-27,12000000.0,1997-02-10,Attack,Wolverhampton Wanderers,GB1,28.383299110198493,12.0,adam armstrong,1997,1997.0,Attack,3.3,1.2,25,21,79,25,Wolverhampton Wanderers,Premier League,0.23684210526315788,0.08612440191387559,1.7942583732057418,1.507177033492823,5.669856459330144,1.7942583732057418,4.933240385540386,-7.066759614459614,-58.889663453830124
424042,Nahuel Molina,1581,0,3,0.0,0.1707779886148007,2025-06-09,20000000.0,1998-04-06,Defender,Atlético de Madrid,ES1,27.23340177960301,20.0,nahuel molina,1998,1998.0,Defender,0.8,1.5,35,61,96,9,Atlético de Madrid,La Liga,0.045540796963946875,0.08538899430740038,1.9924098671726753,3.4724857685009485,5.464895635673624,0.5123339658444023,12.7884838948089,-7.2115161051911,-36.0575805259555
585982,Carlos Augusto,1681,3,4,0.1606186793575252,0.214158239143367,2025-06-17,26000000.0,1999-01-07,Defender,Inter Milan,IT1,26.477754962354553,26.0,carlos augusto,1999,1999.0,Defender,2.8,1.6,31,80,83,24,Inter Milan,Serie A,0.14991076740035694,0.08566329565734683,1.6597263533610944,4.283164782867341,4.443783462224866,1.2849494348602022,18.77109846079846,-7.228901539201541,-27.803467458467463
503680,Neco Williams,2592,1,3,0.0347222222222222,0.1041666666666666,2025-05-30,20000000.0,2001-04-13,Defender,Nottingham Forest,GB1,24.213552361396303,20.0,neco williams,2001,2001.0,Defender,2.3,1.6,68,89,103,37,Nottingham Forest,Premier League,0.0798611111111111,0.05555555555555555,2.361111111111111,3.0902777777777777,3.5763888888888893,1.284722222222222,12.71759431216931,-7.282405687830691,-36.41202843915345
206746,Kenny Tete,1779,0,2,0.0,0.1011804384485666,2025-05-30,13000000.0,1995-10-09,Defender,Fulham FC,GB1,29.724845995893222,13.0,kenny tete,1995,1995.0,Defender,1.4,0.9,34,63,54,24,Fulham FC,Premier League,0.07082630691399662,0.04553119730185498,1.7200674536256324,3.1871838111298487,2.7318718381112985,1.2141652613827993,5.713338445813445,-7.286661554186555,-56.051242724511965
509022,Federico Gatti,2199,1,1,0.0409276944065484,0.0409276944065484,2025-06-17,24000000.0,1998-06-24,Defender,Juventus FC,IT1,27.017111567419576,24.0,federico gatti,1998,1998.0,Defender,2.5,0.5,24,73,6,25,Juventus FC,Serie A,0.10231923601637108,0.020463847203274214,0.9822646657571623,2.987721691678036,0.24556616643929058,1.0231923601637107,16.663430315055315,-7.336569684944685,-30.569040353936188
182913,Adrien Rabiot,2483,9,5,0.3262182843334675,0.1812323801852597,2025-06-03,25000000.0,1995-04-03,Midfield,Olympique Marseille,FR1,30.24229979466119,25.0,adrien rabiot,1995,1995.0,Midfield,7.3,3.8,79,168,174,48,Olympique Marseille,Ligue 1,0.26459927507047926,0.1377366089407974,2.8634716069271042,6.089407974224728,6.3068868304470405,1.7398308497784938,17.630865895215894,-7.369134104784106,-29.476536419136423
403151,Robert Sánchez,2880,0,0,0.0,0.0,2025-05-30,20000000.0,1997-11-18,Goalkeeper,Chelsea FC,GB1,27.613963039014372,20.0,robert sanchez,1997,1997.0,Goalkeeper,0.0,0.1,0,1,0,0,Chelsea FC,Premier League,0.0,0.003125,0.0,0.03125,0.0,0.0,12.623548112073113,-7.376451887926887,-36.88225943963444
463618,Khéphren Thuram,2329,4,6,0.154572778016316,0.231859167024474,2025-06-17,40000000.0,2001-03-26,Midfield,Juventus FC,IT1,24.26283367556468,40.0,khephren thuram,2001,2001.0,Midfield,3.5,3.6,74,123,52,36,Juventus FC,Serie A,0.1352511807642765,0.1391155002146844,2.859596393301846,4.753112924001718,2.0094461142121083,1.3911550021468442,32.60740915103414,-7.39259084896586,-18.48147712241465
473050,Kevin Schade,2301,11,2,0.4302477183833115,0.0782268578878748,2025-05-30,30000000.0,2001-11-27,Attack,Brentford FC,GB1,23.589322381930184,30.0,kevin schade,2001,2001.0,Attack,8.2,3.7,61,38,165,55,Brentford FC,Premier League,0.3207301173402868,0.14471968709256847,2.3859191655801824,1.486310299869622,6.453715775749673,2.1512385919165578,22.53923284678284,-7.460767153217159,-24.869223844057196
130164,Jordan Pickford,3420,0,1,0.0,0.0263157894736842,2025-05-30,18000000.0,1994-03-07,Goalkeeper,Everton FC,GB1,31.315537303216978,18.0,jordan pickford,1994,1994.0,Goalkeeper,0.0,0.4,0,0,0,0,Everton FC,Premier League,0.0,0.010526315789473684,0.0,0.0,0.0,0.0,10.42699763107263,-7.573002368927369,-42.072235382929826
1190411,Jesús Rodríguez,1120,2,1,0.1607142857142857,0.0803571428571428,2025-06-09,30000000.0,2005-11-21,Attack,Como 1907,IT1,19.60574948665298,30.0,jesus rodriguez,2005,2005.0,Attack,2.3,0.2,53,35,99,23,Como 1907,Serie A,0.18482142857142855,0.01607142857142857,4.258928571428571,2.8125,7.955357142857143,1.8482142857142858,22.270996275021286,-7.729003724978714,-25.763345749929044
463605,Bafodé Diakité,2767,4,1,0.1301048066498012,0.0325262016624503,2025-06-03,28000000.0,2001-01-06,Defender,AFC Bournemouth,GB1,24.479123887748116,28.0,bafode diakite,2001,2001.0,Defender,2.3,0.2,15,90,3,16,AFC Bournemouth,Premier League,0.0748102638236357,0.006505240332490062,0.4878930249367546,2.927358149620528,0.09757860498735092,0.5204192265992049,20.235706938431946,-7.764293061568054,-27.729618077028768
51471,Mateo Kovacic,2203,6,2,0.2451202905129369,0.0817067635043123,2025-05-30,20000000.0,1994-05-06,Midfield,Manchester City,GB1,31.15126625598905,20.0,mateo kovacic,1994,1994.0,Midfield,1.9,3.6,56,164,16,45,Manchester City,Premier League,0.07762142532909669,0.14707217430776215,2.287789378120744,6.699954607353609,0.6536541080344984,1.8384021788470268,12.128585618085625,-7.871414381914375,-39.35707190957188
328784,Robin Koch,2589,3,0,0.1042873696407879,0.0,2025-06-05,18000000.0,1996-07-17,Defender,Eintracht Frankfurt,L1,28.95277207392197,18.0,robin koch,1996,1996.0,Defender,1.7,0.2,9,93,4,15,Eintracht Frankfurt,Bundesliga,0.05909617612977983,0.006952491309385864,0.3128621089223638,3.2329084588644266,0.13904982618771727,0.5214368482039398,10.114252405002413,-7.8857475949975875,-43.809708861097704
370789,Julian Ryerson,2270,2,4,0.079295154185022,0.158590308370044,2025-06-05,20000000.0,1997-11-17,Defender,Borussia Dortmund,L1,27.616700889801507,20.0,julian ryerson,1997,1997.0,Defender,0.7,4.5,66,92,136,18,Borussia Dortmund,Bundesliga,0.02775330396475771,0.17841409691629956,2.616740088105727,3.647577092511013,5.392070484581497,0.7136563876651982,12.080631297406294,-7.919368702593706,-39.59684351296853
541231,Sepp van den Berg,2588,0,1,0.0,0.0347758887171561,2025-05-30,22000000.0,2001-12-20,Defender,Brentford FC,GB1,23.526351813826142,22.0,sepp van den berg,2001,2001.0,Defender,2.0,0.8,12,79,28,20,Brentford FC,Premier League,0.0695517774343122,0.027820710973724884,0.41731066460587324,2.7472952086553324,0.973724884080371,0.6955177743431221,13.996204571354577,-8.003795428645423,-36.38088831202465
306024,Dominic Calvert-Lewin,1613,3,2,0.1673899566026038,0.1115933044017358,2025-05-30,16000000.0,1997-03-16,Attack,Leeds United,GB1,28.290212183436,16.0,dominic calvertlewin,1997,1997.0,Attack,6.7,0.6,23,20,112,50,Leeds United,Premier League,0.3738375697458152,0.03347799132052077,1.2833230006199627,1.115933044017359,6.24922504649721,2.789832610043397,7.9040877529877545,-8.095912247012246,-50.59945154382653
401530,Éder Militão,939,1,1,0.0958466453674121,0.0958466453674121,2025-06-09,30000000.0,1998-01-18,Defender,Real Madrid,ES1,27.446954140999317,30.0,eder militao,1998,1998.0,Defender,0.6,0.5,7,46,1,10,Real Madrid,La Liga,0.05750798722044729,0.047923322683706075,0.670926517571885,4.4089456869009584,0.09584664536741215,0.9584664536741214,21.88568813131313,-8.114311868686869,-27.04770622895623
444523,Lucas Paquetá,2385,4,0,0.1509433962264151,0.0,2025-05-30,28000000.0,1997-08-27,Midfield,West Ham United,GB1,27.84120465434634,28.0,lucas paqueta,1997,1997.0,Midfield,5.3,3.1,26,155,85,39,West Ham United,Premier League,0.2,0.1169811320754717,0.9811320754716981,5.849056603773584,3.2075471698113205,1.471698113207547,19.690479268879262,-8.309520731120738,-29.67685975400264
262226,Timothy Castagne,1643,0,1,0.0,0.0547778454047474,2025-05-30,13000000.0,1995-12-05,Defender,Fulham FC,GB1,29.568788501026695,13.0,timothy castagne,1995,1995.0,Defender,0.4,1.2,17,62,67,8,Fulham FC,Premier League,0.021911138161898967,0.06573341448569689,0.931223371880706,3.3962264150943393,3.670115642118077,0.4382227632379793,4.367933707958707,-8.632066292041294,-66.40050993877918
626724,João Pedro,1953,10,6,0.4608294930875576,0.2764976958525346,2025-05-30,50000000.0,2001-09-26,Attack,Chelsea FC,GB1,23.759069130732374,50.0,joao pedro,2001,2001.0,Attack,8.9,5.0,66,78,128,42,Chelsea FC,Premier League,0.4101382488479263,0.2304147465437788,3.0414746543778803,3.5944700460829493,5.8986175115207375,1.935483870967742,41.348383024383004,-8.651616975616996,-17.30323395123399
564545,Edmond Tapsoba,2511,0,0,0.0,0.0,2025-06-05,35000000.0,1999-02-02,Defender,Bayer 04 Leverkusen,L1,26.406570841889117,35.0,edmond tapsoba,1999,1999.0,Defender,1.1,0.2,52,164,17,21,Bayer 04 Leverkusen,Bundesliga,0.039426523297491044,0.007168458781362007,1.863799283154122,5.878136200716846,0.6093189964157707,0.7526881720430108,26.344665945165954,-8.655334054834046,-24.72952587095442
648195,Enzo Fernández,2949,6,7,0.1831129196337741,0.2136317395727365,2025-05-30,75000000.0,2001-01-17,Midfield,Chelsea FC,GB1,24.449007529089663,75.0,enzo fernandez,2001,2001.0,Midfield,6.1,6.8,60,212,126,53,Chelsea FC,Premier League,0.18616480162767038,0.20752797558494404,1.8311291963377416,6.46998982706002,3.845371312309257,1.617497456765005,66.28404051504054,-8.715959484959455,-11.621279313279274
294057,James Maddison,1817,9,7,0.445789763346175,0.3467253714914695,2025-05-30,42000000.0,1996-11-23,Midfield,Tottenham Hotspur,GB1,28.59958932238193,42.0,james maddison,1996,1996.0,Midfield,5.8,4.2,45,164,95,39,Tottenham Hotspur,Premier League,0.2872867363786461,0.20803522289488166,2.228948816730875,8.123280132085856,4.705558613098514,1.9317556411667585,33.13428684463684,-8.86571315536316,-21.108840846102762
212862,Álex Remiro,3240,0,0,0.0,0.0,2025-06-09,18000000.0,1995-03-24,Goalkeeper,Real Sociedad,ES1,30.269678302532512,18.0,alex remiro,1995,1995.0,Goalkeeper,0.0,0.0,0,1,0,0,Real Sociedad,La Liga,0.0,0.0,0.0,0.027777777777777776,0.0,0.0,9.132433573833566,-8.867566426166434,-49.26425792314685
202591,Benjamin Henrichs,934,0,2,0.0,0.1927194860813704,2025-06-05,15000000.0,1997-02-23,Defender,RB Leipzig,L1,28.347707049965777,15.0,benjamin henrichs,1997,1997.0,Defender,0.5,1.4,9,29,55,11,RB Leipzig,Bundesliga,0.048179871520342615,0.1349036402569593,0.867237687366167,2.7944325481798713,5.299785867237688,1.0599571734475375,6.0725964886964885,-8.927403511303512,-59.516023408690074
272622,Issa Diop,1335,0,0,0.0,0.0,2025-05-30,14000000.0,1997-01-09,Defender,Fulham FC,GB1,28.470910335386723,14.0,issa diop,1997,1997.0,Defender,0.5,0.1,6,25,3,5,Fulham FC,Premier League,0.033707865168539325,0.006741573033707865,0.40449438202247195,1.6853932584269664,0.20224719101123598,0.33707865168539325,5.0250692640692645,-8.974930735930736,-64.10664811379097
601883,Matheus Nunes,1672,1,6,0.0538277511961722,0.3229665071770335,2025-05-30,35000000.0,1998-08-27,Defender,Manchester City,GB1,26.84188911704312,35.0,matheus nunes,1998,1998.0,Defender,1.2,4.4,63,79,175,9,Manchester City,Premier League,0.0645933014354067,0.23684210526315794,3.3911483253588517,4.252392344497608,9.419856459330145,0.48444976076555024,25.959005215155212,-9.040994784844788,-25.83141367098511
346314,Trevoh Chalobah,1974,3,1,0.1367781155015197,0.0455927051671732,2025-05-30,25000000.0,1999-07-05,Defender,Chelsea FC,GB1,25.987679671457904,25.0,trevoh chalobah,1999,1999.0,Defender,2.0,1.6,15,71,8,18,Chelsea FC,Premier League,0.09118541033434652,0.07294832826747721,0.6838905775075989,3.237082066869301,0.36474164133738607,0.8206686930091185,15.954054905279913,-9.045945094720087,-36.18378037888035
461883,Calvin Bassey,3074,1,0,0.029277813923227,0.0,2025-05-30,25000000.0,1999-12-31,Defender,Fulham FC,GB1,25.49760438056126,25.0,calvin bassey,1999,1999.0,Defender,1.0,0.1,39,116,15,14,Fulham FC,Premier League,0.029277813923227067,0.002927781392322707,1.1418347430058555,3.3962264150943393,0.439167208848406,0.40988939492517895,15.864681721981732,-9.135318278018268,-36.54127311207307
303254,Fikayo Tomori,1594,0,1,0.0,0.0564617314930991,2025-06-17,20000000.0,1997-12-19,Defender,AC Milan,IT1,27.529089664613277,20.0,fikayo tomori,1997,1997.0,Defender,0.1,0.7,8,63,3,2,AC Milan,Serie A,0.005646173149309913,0.039523212045169384,0.45169385194479295,3.5570890840652445,0.16938519447929737,0.11292346298619824,10.735804567654565,-9.264195432345435,-46.32097716172717
602105,Antony,1500,5,2,0.3,0.12,2025-06-09,35000000.0,2000-02-24,Attack,Real Betis Balompié,ES1,25.347022587268995,35.0,antony,2000,2000.0,Attack,2.9,3.5,94,67,157,43,Real Betis Balompié,La Liga,0.174,0.21000000000000002,5.64,4.0200000000000005,9.42,2.58,25.44819884559885,-9.55180115440115,-27.290860441146148
126414,Hakan Çalhanoğlu,1963,5,6,0.2292409577177789,0.2750891492613347,2025-06-17,30000000.0,1994-02-08,Midfield,Inter Milan,IT1,31.38945927446954,30.0,hakan calhanoglu,1994,1994.0,Midfield,4.4,5.6,52,173,51,41,Inter Milan,Serie A,0.20173204279164544,0.25674987264391236,2.384105960264901,7.931737137035151,2.338257768721345,1.879775853285787,20.41335244107744,-9.58664755892256,-31.955491863075203
585949,Pierre Kalulu,2335,1,0,0.038543897216274,0.0,2025-06-17,28000000.0,2000-06-05,Defender,Juventus FC,IT1,25.06776180698152,28.0,pierre kalulu,2000,2000.0,Defender,0.7,0.5,48,117,24,7,Juventus FC,Serie A,0.02698072805139186,0.019271948608137045,1.8501070663811563,4.509635974304068,0.9250535331905781,0.2698072805139186,18.300483201058213,-9.699516798941787,-34.64113142479209
283628,Tomáš Souček,2571,9,2,0.3150525087514585,0.0700116686114352,2025-05-30,18000000.0,1995-02-27,Midfield,West Ham United,GB1,30.338124572210816,18.0,tomas soucek,1995,1995.0,Midfield,6.7,1.0,9,74,68,55,West Ham United,Premier League,0.23453908984830804,0.03500583430571762,0.31505250875145857,2.5904317386231037,2.3803967327887983,1.925320886814469,8.29478036038036,-9.70521963961964,-53.917886886775776
291417,Ferland Mendy,1007,0,1,0.0,0.0893743793445878,2025-06-09,14000000.0,1995-06-08,Defender,Real Madrid,ES1,30.06160164271047,14.0,ferland mendy,1995,1995.0,Defender,0.0,0.5,12,36,40,0,Real Madrid,La Liga,0.0,0.04468718967229394,1.0724925521350546,3.217477656405164,3.5749751737835154,0.0,4.256408801383803,-9.743591198616198,-69.5970799901157
177907,Harry Maguire,1756,1,0,0.05125284738041,0.0,2025-05-30,13000000.0,1993-03-05,Defender,Manchester United,GB1,32.32032854209446,13.0,harry maguire,1993,1993.0,Defender,1.8,0.6,7,51,7,15,Manchester United,Premier League,0.09225512528473805,0.03075170842824601,0.3587699316628702,2.613895216400911,0.3587699316628702,0.7687927107061504,3.241933651996152,-9.758066348003847,-75.06204883079882
193116,John McGinn,2231,1,4,0.0403406544150605,0.161362617660242,2025-05-30,16000000.0,1994-10-18,Midfield,Aston Villa,GB1,30.699520876112253,16.0,john mcginn,1994,1994.0,Midfield,3.1,3.5,32,103,87,31,Aston Villa,Premier League,0.12505602868668758,0.14119229045271178,1.2909009412819363,4.1550874047512325,3.5096369341102642,1.250560286866876,6.2057271404521375,-9.794272859547863,-61.21420537217415
709726,Hugo Ekitiké,2582,15,8,0.52285050348567,0.278853601859024,2025-06-05,75000000.0,2002-06-20,Attack,Liverpool FC,GB1,23.028062970568104,75.0,hugo ekitike,2002,2002.0,Attack,21.6,6.8,93,53,215,114,Liverpool FC,Premier League,0.7529047250193649,0.23702556158017038,3.2416731216111545,1.8474051123160342,7.49419054996127,3.9736638264910917,65.17725524475523,-9.82274475524477,-13.096993006993026
1097139,Ayyoub Bouaddi,1149,0,1,0.0,0.0783289817232376,2025-06-03,28000000.0,2007-10-02,Midfield,LOSC Lille,FR1,17.744010951403148,28.0,ayyoub bouaddi,2007,2007.0,Midfield,0.1,1.0,11,37,26,3,LOSC Lille,Ligue 1,0.00783289817232376,0.0783289817232376,0.8616187989556136,2.898172323759791,2.0365535248041775,0.2349869451697128,18.072043879268875,-9.927956120731125,-35.4569861454683
349599,Pervis Estupiñán,2403,1,1,0.0374531835205992,0.0374531835205992,2025-05-30,30000000.0,1998-01-21,Defender,AC Milan,IT1,27.43874058863792,30.0,pervis estupinan,1998,1998.0,Defender,1.2,2.1,59,132,112,28,AC Milan,Serie A,0.0449438202247191,0.07865168539325842,2.209737827715356,4.943820224719102,4.194756554307116,1.048689138576779,20.04212526917527,-9.95787473082473,-33.19291576941577
504849,Kaoru Mitoma,2609,10,4,0.3449597546952855,0.1379839018781142,2025-05-30,40000000.0,1997-05-20,Attack,Brighton & Hove Albion,GB1,28.112251882272417,40.0,kaoru mitoma,1997,1997.0,Attack,9.2,4.6,146,89,291,57,Brighton & Hove Albion,Premier League,0.31736297431966265,0.15868148715983132,5.036412418551169,3.070141816788041,10.03832886163281,1.9662706017631277,30.0214535927036,-9.978546407296399,-24.946366018240997
591916,Aitor Paredes,1814,3,0,0.1488423373759647,0.0,2025-06-09,22000000.0,2000-04-29,Defender,Athletic Bilbao,ES1,25.169062286105408,22.0,aitor paredes,2000,2000.0,Defender,2.3,0.1,4,46,2,6,Athletic Bilbao,La Liga,0.11411245865490627,0.004961411245865491,0.19845644983461963,2.2822491730981254,0.09922822491730982,0.29768467475192945,12.020126575276564,-9.979873424723436,-45.363061021470166
460939,Tijjani Reijnders,3132,10,5,0.2873563218390805,0.1436781609195402,2025-06-17,60000000.0,1998-07-29,Midfield,Manchester City,GB1,26.921286789869953,60.0,tijjani reijnders,1998,1998.0,Midfield,7.5,3.5,111,230,121,77,Manchester City,Premier League,0.21551724137931033,0.10057471264367816,3.189655172413793,6.609195402298851,3.477011494252874,2.21264367816092,49.98481488418988,-10.01518511581012,-16.691975193016866
236490,Ola Aina,3002,2,1,0.0599600266489007,0.0299800133244503,2025-05-30,22000000.0,1996-10-08,Defender,Nottingham Forest,GB1,28.725530458590008,22.0,ola aina,1996,1996.0,Defender,0.6,1.4,67,107,67,11,Nottingham Forest,Premier League,0.01798800799467022,0.04197201865423051,2.0086608927381744,3.207861425716189,2.0086608927381744,0.329780146568954,11.968238227513233,-10.031761772486767,-45.59891714766712
620322,Malo Gusto,1858,0,1,0.0,0.0484391819160387,2025-05-30,35000000.0,2003-05-19,Defender,Chelsea FC,GB1,22.116358658453116,35.0,malo gusto,2003,2003.0,Defender,1.7,1.4,50,119,85,22,Chelsea FC,Premier League,0.08234660925726588,0.06781485468245424,2.4219590958019377,5.764262648008611,4.117330462863293,1.0656620021528525,24.893966236541225,-10.106033763458775,-28.874382181310786
234803,Andrew Robertson,2492,0,1,0.0,0.0361155698234349,2025-05-30,18000000.0,1994-03-11,Defender,Liverpool FC,GB1,31.30458590006845,18.0,andrew robertson,1994,1994.0,Defender,1.2,4.6,64,176,108,15,Liverpool FC,Premier League,0.04333868378812199,0.16613162118780095,2.3113964686998396,6.356340288924558,3.9004815409309788,0.5417335473515249,7.842459836459833,-10.157540163540167,-56.43077868633426
505219,James Garner,1595,0,1,0.0,0.0564263322884012,2025-05-30,18000000.0,2001-03-13,Midfield,Everton FC,GB1,24.2984257357974,18.0,james garner,2001,2001.0,Midfield,0.7,1.4,15,50,30,12,Everton FC,Premier League,0.03949843260188088,0.07899686520376176,0.8463949843260189,2.8213166144200623,1.6927899686520378,0.677115987460815,7.748323315573318,-10.251676684426682,-56.95375935792602
354362,Rodrigo Bentancur,1653,2,0,0.1088929219600726,0.0,2025-05-30,30000000.0,1997-06-25,Midfield,Tottenham Hotspur,GB1,28.01368925393566,30.0,rodrigo bentancur,1997,1997.0,Midfield,1.3,0.4,28,100,34,22,Tottenham Hotspur,Premier League,0.0707803992740472,0.02177858439201452,1.5245009074410163,5.44464609800363,1.851179673321234,1.1978221415607986,19.701321543271565,-10.298678456728435,-34.32892818909478
296622,Marco Asensio,1365,5,5,0.3296703296703296,0.3296703296703296,2025-05-30,20000000.0,1996-01-21,Midfield,Fenerbahce,TR1,29.440109514031484,20.0,marco asensio,1996,1996.0,Midfield,4.4,1.0,22,45,38,22,Fenerbahce,,0.29010989010989013,0.06593406593406594,1.4505494505494507,2.967032967032967,2.5054945054945055,1.4505494505494507,9.596493142043144,-10.403506857956856,-52.01753428978429
849520,Santiago Castro,2302,8,5,0.312771503040834,0.1954821894005213,2025-06-17,35000000.0,2004-09-18,Attack,Bologna Football Club 1909,IT1,20.78028747433265,35.0,santiago castro,2004,2004.0,Attack,7.7,2.9,17,39,136,62,Bologna Football Club 1909,Serie A,0.30104257167680276,0.11337966985230236,0.6646394439617723,1.5247610773240658,5.317115551694179,2.423979148566464,24.472316056166047,-10.527683943833953,-30.079096982382726
480116,Lloyd Kelly,1316,0,1,0.0,0.0683890577507598,2025-06-17,16000000.0,1998-10-06,Defender,Juventus FC,IT1,26.732375085557837,16.0,lloyd kelly,1998,1998.0,Defender,0.8,0.6,10,45,31,10,Juventus FC,Serie A,0.0547112462006079,0.041033434650455926,0.6838905775075989,3.0775075987841944,2.1200607902735564,0.6838905775075989,5.416838605838607,-10.583161394161394,-66.14475871350871
428563,Lewis Ferguson,980,1,1,0.0918367346938775,0.0918367346938775,2025-06-17,28000000.0,1999-08-24,Midfield,Bologna Football Club 1909,IT1,25.8507871321013,28.0,lewis ferguson,1999,1999.0,Midfield,1.0,1.1,20,53,26,5,Bologna Football Club 1909,Serie A,0.09183673469387756,0.10102040816326531,1.8367346938775508,4.86734693877551,2.387755102040816,0.4591836734693877,17.353116654641664,-10.646883345358336,-38.02458337627977
625014,Julen Agirrezabala,1207,0,0,0.0,0.0,2025-06-09,15000000.0,2000-12-26,Goalkeeper,Valencia CF,ES1,24.50924024640657,15.0,julen agirrezabala,2000,2000.0,Goalkeeper,0.0,0.0,0,0,0,0,Valencia CF,La Liga,0.0,0.0,0.0,0.0,0.0,0.0,4.2366783429533434,-10.763321657046657,-71.75547771364438
711544,Jake O'Brien,1569,2,0,0.1147227533460803,0.0,2025-05-30,18000000.0,2001-05-15,Defender,Everton FC,GB1,24.125941136208077,18.0,jake obrien,2001,2001.0,Defender,0.8,0.6,7,50,25,6,Everton FC,Premier League,0.04588910133843213,0.03441682600382409,0.4015296367112811,2.868068833652008,1.434034416826004,0.3441682600382409,7.046543248418246,-10.953456751581754,-60.85253750878752
423744,Billy Gilmour,1272,0,1,0.0,0.070754716981132,2025-06-17,20000000.0,2001-06-11,Midfield,SSC Napoli,IT1,24.05201916495551,20.0,billy gilmour,2001,2001.0,Midfield,0.6,1.8,13,78,20,10,SSC Napoli,Serie A,0.04245283018867924,0.12735849056603774,0.9198113207547169,5.518867924528302,1.4150943396226414,0.7075471698113207,8.862010323010319,-11.137989676989681,-55.68994838494841
153084,Leon Goretzka,1315,4,1,0.2737642585551331,0.0684410646387832,2025-06-05,22000000.0,1995-02-06,Midfield,Bayern Munich,L1,30.39561943874059,22.0,leon goretzka,1995,1995.0,Midfield,2.8,1.7,35,127,28,32,Bayern Munich,Bundesliga,0.19163498098859313,0.11634980988593156,2.3954372623574143,8.692015209125476,1.9163498098859315,2.1901140684410647,10.857276455026456,-11.142723544973544,-50.648743386243375
730893,Tyrick Mitchell,3103,0,5,0.0,0.1450209474701901,2025-05-30,25000000.0,1999-09-01,Defender,Crystal Palace,GB1,25.828884325804243,25.0,tyrick mitchell,1999,1999.0,Defender,1.3,6.4,63,70,171,12,Crystal Palace,Premier League,0.03770544634224944,0.18562681276184337,1.8272639381243958,2.030293264582662,4.959716403480503,0.34805027392845633,13.744665274540282,-11.255334725459718,-45.021338901838874
182906,Mike Maignan,3295,0,0,0.0,0.0,2025-06-17,25000000.0,1995-07-03,Goalkeeper,AC Milan,IT1,29.99315537303217,25.0,mike maignan,1995,1995.0,Goalkeeper,0.0,0.8,0,4,0,0,AC Milan,Serie A,0.0,0.021851289833080427,0.0,0.10925644916540213,0.0,0.0,13.551370836570838,-11.448629163429162,-45.79451665371665
658536,Simon Adingra,1093,2,2,0.1646843549862763,0.1646843549862763,2025-05-30,28000000.0,2002-01-01,Attack,Sunderland AFC,GB1,23.49349760438056,28.0,simon adingra,2002,2002.0,Attack,2.5,2.5,50,18,136,33,Sunderland AFC,Premier League,0.2058554437328454,0.2058554437328454,4.117108874656908,1.4821591948764865,11.198536139066789,2.717291857273559,16.540738181263194,-11.459261818736806,-40.92593506691716
413507,Nikola Milenković,3330,5,2,0.1351351351351351,0.054054054054054,2025-05-30,35000000.0,1997-10-12,Defender,Nottingham Forest,GB1,27.71526351813826,35.0,nikola milenkovic,1997,1997.0,Defender,4.0,1.1,3,51,6,29,Nottingham Forest,Premier League,0.1081081081081081,0.02972972972972973,0.08108108108108109,1.3783783783783783,0.16216216216216217,0.7837837837837838,23.521473208273218,-11.478526791726782,-32.795790833505094
746712,Pietro Comuzzo,2197,1,0,0.0409649522075557,0.0,2025-06-17,25000000.0,2005-02-20,Defender,ACF Fiorentina,IT1,20.355920602327178,25.0,pietro comuzzo,2005,2005.0,Defender,0.5,0.6,14,75,12,5,ACF Fiorentina,Serie A,0.020482476103777878,0.024578971324533454,0.5735093309057806,3.072371415566682,0.4915794264906691,0.20482476103777877,13.480088413438418,-11.519911586561582,-46.07964634624633
730581,Loïc Badé,2687,1,1,0.0334946036471901,0.0334946036471901,2025-06-09,25000000.0,2000-04-11,Defender,Bayer 04 Leverkusen,L1,25.218343600273784,25.0,loic bade,2000,2000.0,Defender,0.6,0.7,11,62,6,13,Bayer 04 Leverkusen,Bundesliga,0.020096762188314105,0.02344622255303312,0.36844064011909194,2.076665426125791,0.20096762188314105,0.43542984741347224,13.450665916490916,-11.549334083509084,-46.197336334036336
293385,Dani Olmo,1216,10,4,0.7401315789473684,0.2960526315789473,2025-06-09,60000000.0,1998-05-07,Midfield,FC Barcelona,ES1,27.148528405201915,60.0,dani olmo,1998,1998.0,Midfield,6.5,3.0,33,81,97,40,FC Barcelona,La Liga,0.4810855263157895,0.2220394736842105,2.442434210526316,5.995065789473685,7.179276315789474,2.9605263157894735,48.37975084175082,-11.62024915824918,-19.3670819304153
800176,André,2485,0,0,0.0,0.0,2025-05-30,28000000.0,2001-07-16,Midfield,Wolverhampton Wanderers,GB1,23.956194387405887,28.0,andre,2001,2001.0,Midfield,0.4,0.8,10,109,11,10,Wolverhampton Wanderers,Premier League,0.01448692152917505,0.0289738430583501,0.3621730382293763,3.947686116700201,0.39839034205231383,0.3621730382293763,16.328484090909093,-11.671515909090907,-41.683985389610385
485585,Ian Maatsen,1127,1,2,0.0798580301685891,0.1597160603371783,2025-05-30,28000000.0,2002-03-10,Defender,Aston Villa,GB1,23.307323750855577,28.0,ian maatsen,2002,2002.0,Defender,0.9,2.7,31,50,104,19,Aston Villa,Premier League,0.07187222715173026,0.21561668145519078,2.4755989352262646,3.992901508429459,8.305235137533275,1.5173025732031942,16.327076058201072,-11.672923941798928,-41.689014077853315
349701,Antonee Robinson,3167,0,10,0.0,0.2841806125670982,2025-05-30,35000000.0,1997-08-08,Defender,Fulham FC,GB1,27.89322381930185,35.0,antonee robinson,1997,1997.0,Defender,0.7,4.2,118,131,274,16,Fulham FC,Premier League,0.019892642879696873,0.11935585727818125,3.3533312282917587,3.722766024628986,7.786548784338491,0.4546889801073571,23.283492488067495,-11.716507511932505,-33.47573574837859
410425,Yves Bissouma,1406,2,0,0.1280227596017069,0.0,2025-05-30,25000000.0,1996-08-30,Midfield,Tottenham Hotspur,GB1,28.83230663928816,25.0,yves bissouma,1996,1996.0,Midfield,0.6,0.3,15,75,3,11,Tottenham Hotspur,Premier League,0.03840682788051209,0.019203413940256046,0.9601706970128022,4.800853485064011,0.19203413940256048,0.7041251778093883,13.277134518259524,-11.722865481740476,-46.8914619269619
263236,Kevin Danso,1923,0,0,0.0,0.0,2025-05-30,25000000.0,1998-09-19,Defender,Tottenham Hotspur,GB1,26.77891854893908,25.0,kevin danso,1998,1998.0,Defender,0.9,1.1,20,71,2,17,Tottenham Hotspur,Premier League,0.0421216848673947,0.0514820592823713,0.9360374414976599,3.3229329173166926,0.093603744149766,0.7956318252730109,13.228258395308396,-11.771741604691604,-47.086966418766416
258878,Tosin Adarabioyo,1405,1,1,0.0640569395017793,0.0640569395017793,2025-05-30,20000000.0,1997-09-24,Defender,Chelsea FC,GB1,27.76454483230664,20.0,tosin adarabioyo,1997,1997.0,Defender,0.9,0.2,5,42,1,13,Chelsea FC,Premier League,0.05765124555160143,0.012811387900355874,0.32028469750889677,2.690391459074733,0.06405693950177936,0.8327402135231317,8.172428403078403,-11.827571596921597,-59.13785798460799
434675,Cody Gakpo,1938,10,5,0.4643962848297213,0.2321981424148606,2025-05-30,70000000.0,1999-05-07,Attack,Liverpool FC,GB1,26.1492128678987,70.0,cody gakpo,1999,1999.0,Attack,7.1,4.4,59,52,278,57,Liverpool FC,Premier League,0.32972136222910214,0.2043343653250774,2.739938080495356,2.414860681114551,12.910216718266254,2.6470588235294117,57.903182225182206,-12.096817774817794,-17.281168249739707
596446,Leif Davis,2746,1,3,0.032774945375091,0.0983248361252731,2025-05-30,22000000.0,1999-12-31,Defender,Ipswich Town,GB1,25.49760438056126,22.0,leif davis,1999,2000.0,Defender,1.0,4.9,52,59,137,16,Ipswich Town,Premier League,0.03277494537509104,0.16059723233794612,1.7042971595047343,1.9337217771303716,4.490167516387473,0.5243991260014567,9.874822906722914,-12.125177093277086,-55.11444133307767
289592,Orel Mangala,1329,1,0,0.0677200902934537,0.0,2025-05-30,18000000.0,1998-03-18,Midfield,Olympique Lyon,FR1,27.28542094455852,18.0,orel mangala,1998,1998.0,Midfield,1.2000000000000002,0.6,7,41,22,17,Olympique Lyon,Ligue 1,0.08126410835214448,0.040632054176072234,0.47404063205417607,2.7765237020316027,1.489841986455982,1.1512415349887133,5.81606471121471,-12.183935288785289,-67.6885293821405
372246,Carlos Soler,1404,1,1,0.0641025641025641,0.0641025641025641,2025-05-30,18000000.0,1997-01-02,Midfield,Real Sociedad,ES1,28.490075290896645,18.0,carlos soler,1997,1997.0,Midfield,1.8,1.4,17,56,37,25,Real Sociedad,La Liga,0.11538461538461539,0.08974358974358973,1.0897435897435896,3.58974358974359,2.371794871794872,1.6025641025641026,5.668825444925443,-12.331174555074558,-68.50652530596977
111873,Emiliano Martínez,3195,0,0,0.0,0.0,2025-05-30,20000000.0,1992-09-02,Goalkeeper,Aston Villa,GB1,32.824093086926766,20.0,emiliano martinez,1992,1992.0,Goalkeeper,0.0,0.5,0,4,0,0,Aston Villa,Premier League,0.0,0.01408450704225352,0.0,0.11267605633802816,0.0,0.0,7.460267989417991,-12.539732010582009,-62.69866005291005
502676,Giorgi Mamardashvili,3060,0,0,0.0,0.0,2025-06-09,30000000.0,2000-09-29,Goalkeeper,Liverpool FC,GB1,24.750171115674195,30.0,giorgi mamardashvili,2000,2000.0,Goalkeeper,0.0,0.1,1,0,0,0,Liverpool FC,Premier League,0.0,0.0029411764705882357,0.029411764705882353,0.0,0.0,0.0,17.41296410996412,-12.587035890035882,-41.9567863001196
339808,Theo Hernández,2696,4,3,0.1335311572700296,0.1001483679525222,2025-06-17,35000000.0,1997-10-06,Defender,Al-Hilal Saudi Football Club,SA1,27.731690622861056,35.0,theo hernandez,1997,1997.0,Defender,2.7,4.7,93,132,148,43,Al-Hilal Saudi Football Club,,0.09013353115727003,0.15689910979228489,3.1045994065281897,4.406528189910979,4.940652818991098,1.435459940652819,22.400823051948056,-12.599176948051944,-35.99764842300556
328658,Kristoffer Ajer,1443,0,0,0.0,0.0,2025-05-30,18000000.0,1998-04-17,Defender,Brentford FC,GB1,27.20328542094456,18.0,kristoffer ajer,1998,1998.0,Defender,1.0,1.2,27,56,44,9,Brentford FC,Premier League,0.062370062370062374,0.07484407484407483,1.683991683991684,3.4927234927234925,2.7442827442827444,0.5613305613305614,5.334556974506975,-12.665443025493026,-70.36357236385015
121483,Jan Oblak,3240,0,0,0.0,0.0,2025-06-09,20000000.0,1993-01-07,Goalkeeper,Atlético de Madrid,ES1,32.47638603696099,20.0,jan oblak,1993,1993.0,Goalkeeper,0.0,0.0,0,0,0,0,Atlético de Madrid,La Liga,0.0,0.0,0.0,0.0,0.0,0.0,7.29150678210678,-12.70849321789322,-63.542466089466096
513245,Jesper Lindstrøm,1241,0,1,0.0,0.072522159548751,2025-05-30,18000000.0,2000-02-29,Attack,VfL Wolfsburg,L1,25.333333333333332,18.0,jesper lindstrm,2000,2000.0,Attack,2.1,2.0,30,25,81,28,VfL Wolfsburg,Bundesliga,0.1522965350523771,0.145044319097502,2.17566478646253,1.8130539887187753,5.874294923448831,2.0306204673650283,5.235145057720058,-12.764854942279943,-70.91586079044413
240306,Bruno Fernandes,3023,8,11,0.2381739993384055,0.3274892490903076,2025-05-30,50000000.0,1994-09-08,Midfield,Manchester United,GB1,30.809034907597535,50.0,bruno fernandes,1994,1994.0,Midfield,9.9,8.5,77,325,129,93,Manchester United,Premier League,0.2947403241812769,0.2530598742970559,2.2924247436321536,9.675818723122726,3.8405557393317897,2.7687727423089643,37.20302814685316,-12.796971853146843,-25.593943706293686
735570,João Gomes,2989,3,1,0.0903312144529943,0.0301104048176647,2025-05-30,40000000.0,2001-02-12,Midfield,Wolverhampton Wanderers,GB1,24.37782340862423,40.0,joao gomes,2001,2001.0,Midfield,2.9,1.2,59,165,76,35,Wolverhampton Wanderers,Premier League,0.08732017397122784,0.036132485781197723,1.7765138842422217,4.968216794914687,2.2883907661425225,1.053864168618267,27.13835070947571,-12.86164929052429,-32.15412322631073
234509,André Onana,3060,0,0,0.0,0.0,2025-05-30,25000000.0,1996-04-02,Goalkeeper,Trabzonspor,TR1,29.242984257357975,25.0,andre onana,1996,1996.0,Goalkeeper,0.0,0.2,0,1,0,0,Trabzonspor,,0.0,0.005882352941176471,0.0,0.029411764705882353,0.0,0.0,11.98072455507456,-13.01927544492544,-52.07710177970176
502821,Riccardo Calafiori,985,2,1,0.182741116751269,0.0913705583756345,2025-05-30,35000000.0,2002-05-19,Defender,Arsenal FC,GB1,23.11567419575633,35.0,riccardo calafiori,2002,2002.0,Defender,0.9,0.3,22,54,29,10,Arsenal FC,Premier League,0.08223350253807107,0.027411167512690356,2.010152284263959,4.934010152284264,2.649746192893401,0.9137055837563451,21.932425984200968,-13.067574015799032,-37.335925759425805
270171,Vitaly Janelt,2267,1,3,0.0397000441111601,0.1191001323334803,2025-05-30,20000000.0,1998-05-10,Midfield,Brentford FC,GB1,27.14031485284052,20.0,vitaly janelt,1998,1998.0,Midfield,0.8,2.2,17,80,38,14,Brentford FC,Premier League,0.0317600352889281,0.08734009704455228,0.6749007498897222,3.17600352889281,1.5086016762240846,0.5558006175562417,6.913170115995122,-13.086829884004878,-65.4341494200244
340329,Joe Willock,1073,0,2,0.0,0.1677539608574091,2025-05-30,22000000.0,1999-08-20,Midfield,Newcastle United,GB1,25.861738535249827,22.0,joe willock,1999,1999.0,Midfield,1.6,2.1,38,41,86,18,Newcastle United,Premier League,0.1342031686859273,0.17614165890027958,3.1873252562907735,3.438956197576887,7.213420316868593,1.509785647716682,8.889884199134201,-13.110115800865799,-59.5914354584809
689505,Johnny Cardoso,2145,3,1,0.1258741258741259,0.0419580419580419,2025-06-09,25000000.0,2001-09-20,Midfield,Atlético de Madrid,ES1,23.77549623545517,25.0,johnny cardoso,2001,2001.0,Midfield,2.0,0.9,19,71,28,19,Atlético de Madrid,La Liga,0.08391608391608392,0.03776223776223776,0.7972027972027973,2.9790209790209787,1.1748251748251748,0.7972027972027973,11.87433007640508,-13.12566992359492,-52.50267969437969
566931,Xavi Simons,2157,10,7,0.4172461752433936,0.2920723226703755,2025-06-05,70000000.0,2003-04-21,Midfield,RB Leipzig,L1,22.193018480492817,70.0,xavi simons,2003,2003.0,Midfield,5.1,6.3,85,140,185,50,RB Leipzig,Bundesliga,0.21279554937413073,0.262865090403338,3.5465924895688454,5.841446453407511,7.719054242002781,2.086230876216968,56.84846585821588,-13.151534141784119,-18.787905916834454
270541,Serhou Guirassy,2602,21,4,0.7263643351268255,0.1383551114527286,2025-06-05,45000000.0,1996-03-12,Attack,Borussia Dortmund,L1,29.300479123887747,45.0,serhou guirassy,1996,1996.0,Attack,22.7,3.9,25,43,128,86,Borussia Dortmund,Bundesliga,0.7851652574942352,0.13489623366641046,0.8647194465795541,1.487317448116833,4.427363566487317,2.974634896233666,31.818176355126337,-13.181823644873663,-29.292941433052583
568693,Pape Matar Sarr,1914,3,2,0.1410658307210031,0.0940438871473354,2025-05-30,32000000.0,2002-09-14,Midfield,Tottenham Hotspur,GB1,22.792607802874745,32.0,pape matar sarr,2002,2002.0,Midfield,3.7,1.6,33,88,53,34,Tottenham Hotspur,Premier League,0.17398119122257055,0.07523510971786834,1.5517241379310345,4.137931034482759,2.4921630094043885,1.5987460815047023,18.773689117364132,-13.226310882635868,-41.33222150823709
433188,Curtis Jones,1711,3,4,0.1578024547048509,0.2104032729398012,2025-05-30,45000000.0,2001-01-30,Midfield,Liverpool FC,GB1,24.413415468856947,45.0,curtis jones,2001,2001.0,Midfield,4.3,1.1,30,117,79,34,Liverpool FC,Premier League,0.2261835184102864,0.05786090005844535,1.5780245470485097,6.154295733489188,4.155464640561076,1.788427819988311,31.703439272764275,-13.296560727235725,-29.5479127271905
656681,Victor Boniface,1011,8,2,0.7121661721068249,0.1780415430267062,2025-06-05,40000000.0,2000-12-23,Attack,SV Werder Bremen,L1,24.517453798767967,40.0,victor boniface,2000,2000.0,Attack,7.8,1.1,26,23,61,50,SV Werder Bremen,Bundesliga,0.6943620178041543,0.09792284866468844,2.314540059347181,2.0474777448071215,5.43026706231454,4.451038575667656,26.685645971620975,-13.314354028379025,-33.285885070947565
578391,Rayan Aït-Nouri,3128,4,7,0.1150895140664961,0.2014066496163682,2025-05-30,35000000.0,2001-06-06,Defender,Manchester City,GB1,24.06570841889117,35.0,rayan aitnouri,2001,2001.0,Defender,2.7,5.5,89,108,176,36,Manchester City,Premier League,0.07768542199488492,0.15824808184143221,2.5607416879795397,3.1074168797953963,5.063938618925831,1.0358056265984654,21.631627801827797,-13.368372198172203,-38.195349137634864
462250,João Félix,1123,3,2,0.2404274265360641,0.1602849510240427,2025-06-17,20000000.0,1999-11-10,Attack,Al-Nassr Football Club,SA1,25.637234770704996,20.0,joao felix,1999,1999.0,Attack,2.2,1.0,21,26,30,20,Al-Nassr Football Club,,0.17631344612644703,0.08014247551202137,1.682991985752449,2.0837043633125556,2.404274265360641,1.6028495102404274,6.456511753402538,-13.543488246597462,-67.71744123298731
334526,Denis Zakaria,2148,6,4,0.2513966480446927,0.1675977653631284,2025-06-03,30000000.0,1996-11-20,Midfield,AS Monaco,FR1,28.607802874743328,30.0,denis zakaria,1996,1996.0,Midfield,5.2,1.4,27,113,36,29,AS Monaco,Ligue 1,0.21787709497206703,0.058659217877094966,1.1312849162011174,4.73463687150838,1.5083798882681565,1.2150837988826815,16.400314018389015,-13.599685981610985,-45.33228660536995
655488,Gabriel Martinelli,2299,8,4,0.313179643323184,0.156589821661592,2025-05-30,55000000.0,2001-06-18,Attack,Arsenal FC,GB1,24.032854209445585,55.0,gabriel martinelli,2001,2001.0,Attack,7.4,5.0,124,52,289,55,Arsenal FC,Premier League,0.2896911700739452,0.19573727707699,4.854284471509351,2.035667681600696,11.313614615050023,2.15311004784689,41.37832237669738,-13.621677623302617,-24.76668658782294
480762,Lisandro Martínez,1754,2,1,0.1026225769669327,0.0513112884834663,2025-05-30,40000000.0,1998-01-18,Defender,Manchester United,GB1,27.446954140999317,40.0,lisandro martinez,1998,1998.0,Defender,1.3,1.1,23,117,7,17,Manchester United,Premier League,0.06670467502850627,0.05644241733181301,1.1801596351197263,6.003420752565565,0.35917901938426455,0.8722919042189282,26.333021512746505,-13.666978487253495,-34.16744621813373
805714,Renato Veiga,1270,0,1,0.0,0.0708661417322834,2025-06-17,25000000.0,2003-07-29,Defender,Villarreal CF,ES1,21.921971252566735,25.0,renato veiga,2003,2003.0,Defender,1.1,0.1,13,47,3,15,Villarreal CF,La Liga,0.07795275590551182,0.007086614173228347,0.9212598425196851,3.3307086614173227,0.2125984251968504,1.0629921259842519,11.239813478188475,-13.760186521811525,-55.04074608724609
260827,Joachim Andersen,2674,0,0,0.0,0.0,2025-05-30,27000000.0,1996-05-31,Defender,Fulham FC,GB1,29.08145106091718,27.0,joachim andersen,1996,1996.0,Defender,1.0,0.5,17,116,3,20,Fulham FC,Premier League,0.033657442034405384,0.016828721017202692,0.5721765145848915,3.9042632759910245,0.10097232610321616,0.6731488406881077,12.946360004810003,-14.053639995189997,-52.05051850070369
364135,Moise Kean,2711,19,3,0.6307635558834379,0.0995942456658059,2025-06-17,50000000.0,2000-02-28,Attack,ACF Fiorentina,IT1,25.336071184120467,50.0,moise kean,2000,2000.0,Attack,19.4,1.9,42,26,143,98,ACF Fiorentina,Serie A,0.6440427886388785,0.06307635558834379,1.3943194393212837,0.8631501291036519,4.7473257100700845,3.253412025082995,35.930946849446855,-14.069053150553145,-28.13810630110629
398073,Achraf Hakimi,2068,4,8,0.1740812379110251,0.3481624758220503,2025-06-03,80000000.0,1998-11-04,Defender,Paris Saint-Germain,FR1,26.652977412731005,80.0,achraf hakimi,1998,1998.0,Defender,2.9,6.2,93,183,274,32,Paris Saint-Germain,Ligue 1,0.12620889748549322,0.269825918762089,4.0473887814313345,7.964216634429401,11.924564796905221,1.3926499032882012,65.91917291967293,-14.080827080327069,-17.601033850408836
105470,Alisson,2509,0,0,0.0,0.0,2025-05-30,20000000.0,1992-10-02,Goalkeeper,Liverpool FC,GB1,32.7419575633128,20.0,alisson,1992,1992.0,Goalkeeper,0.0,0.6,0,1,0,0,Liverpool FC,Premier League,0.0,0.021522518931845355,0.0,0.03587086488640893,0.0,0.0,5.889562949087948,-14.11043705091205,-70.55218525456026
404842,Vitaliy Mykolenko,3084,1,2,0.0291828793774319,0.0583657587548638,2025-05-30,28000000.0,1999-05-29,Defender,Everton FC,GB1,26.088980150581794,28.0,vitaliy mykolenko,1999,1999.0,Defender,0.5,2.6,33,110,99,14,Everton FC,Premier League,0.014591439688715954,0.07587548638132297,0.9630350194552529,3.2101167315175094,2.8891050583657583,0.40856031128404674,13.754719553594548,-14.245280446405452,-50.87600159430519
340456,Noussair Mazraoui,2849,0,2,0.0,0.0631800631800631,2025-05-30,25000000.0,1997-11-14,Defender,Manchester United,GB1,27.6249144421629,25.0,noussair mazraoui,1997,1997.0,Defender,0.7,1.5,42,115,58,13,Manchester United,Premier League,0.022113022113022112,0.04738504738504738,1.3267813267813269,3.632853632853633,1.8322218322218322,0.41067041067041066,10.746428799903795,-14.253571200096205,-57.014284800384814
467992,Samuele Ricci,2839,1,1,0.0317013032758013,0.0317013032758013,2025-06-17,30000000.0,2001-08-21,Midfield,AC Milan,IT1,23.857631759069132,30.0,samuele ricci,2001,2001.0,Midfield,1.3,0.6,43,116,30,22,AC Milan,Serie A,0.041211694258541744,0.019020781965480803,1.3631560408594576,3.6773511799929555,0.9510390982740401,0.6974286720676295,15.724162763162767,-14.275837236837233,-47.58612412279078
801734,Mathys Tel,1166,2,3,0.1543739279588336,0.2315608919382504,2025-05-30,35000000.0,2005-04-27,Attack,Tottenham Hotspur,GB1,20.175222450376456,35.0,mathys tel,2005,2005.0,Attack,3.7,2.9,34,30,106,32,Tottenham Hotspur,Premier League,0.28559176672384223,0.22384219554030874,2.6243567753001718,2.3156089193825045,8.181818181818182,2.469982847341338,20.596315440115443,-14.403684559884557,-41.15338445681302
238223,Ederson,2321,0,4,0.0,0.1551055579491598,2025-05-30,20000000.0,1993-08-17,Goalkeeper,Manchester City,GB1,31.86858316221766,20.0,ederson,1993,1993.0,Goalkeeper,0.0,1.5,0,2,0,0,Manchester City,Premier League,0.0,0.05816458423093494,0.0,0.07755277897457992,0.0,0.0,5.218940126540126,-14.781059873459874,-73.90529936729936
108390,Thibaut Courtois,2700,0,0,0.0,0.0,2025-06-09,20000000.0,1992-05-11,Goalkeeper,Real Madrid,ES1,33.13620807665982,20.0,thibaut courtois,1992,1992.0,Goalkeeper,0.0,0.1,0,0,0,0,Real Madrid,La Liga,0.0,0.003333333333333333,0.0,0.0,0.0,0.0,5.149082190957191,-14.850917809042809,-74.25458904521405
282411,Marcos Llorente,2513,2,4,0.0716275368085953,0.1432550736171906,2025-06-09,25000000.0,1995-01-30,Defender,Atlético de Madrid,ES1,30.41478439425051,25.0,marcos llorente,1995,1995.0,Defender,0.8,4.3,82,111,151,16,Atlético de Madrid,La Liga,0.02865101472343812,0.1539992041384799,2.936729009152408,3.9753282928770393,5.407879029048945,0.5730202944687625,9.977561441336439,-15.022438558663561,-60.089754234654244
484547,Jeremie Frimpong,2322,5,6,0.1937984496124031,0.2325581395348837,2025-06-05,50000000.0,2000-12-10,Defender,Liverpool FC,GB1,24.553045859000683,50.0,jeremie frimpong,2000,2000.0,Defender,4.1,4.2,100,55,272,34,Liverpool FC,Premier League,0.15891472868217055,0.16279069767441862,3.8759689922480622,2.131782945736434,10.54263565891473,1.3178294573643412,34.88966810504309,-15.110331894956907,-30.220663789913814
472423,Reece James,1063,1,1,0.0846660395108184,0.0846660395108184,2025-05-30,30000000.0,1999-12-08,Defender,Chelsea FC,GB1,25.560574948665295,30.0,reece james,1999,1999.0,Defender,0.4,0.7,7,64,12,11,Chelsea FC,Premier League,0.03386641580432737,0.059266227657572904,0.5926622765757291,5.41862652869238,1.0159924741298214,0.9313264346190029,14.456547263847275,-15.543452736152725,-51.81150912050908
86202,Antonio Rüdiger,2291,0,1,0.0,0.039284155390659,2025-06-09,20000000.0,1993-03-03,Defender,Real Madrid,ES1,32.32580424366872,20.0,antonio rudiger,1993,1993.0,Defender,1.7,0.5,20,94,4,24,Real Madrid,La Liga,0.06678306416412047,0.019642077695329548,0.7856831078131821,3.6927106067219553,0.15713662156263639,0.9428197293758184,4.451348484848482,-15.54865151515152,-77.7432575757576
401356,Edson Álvarez,1782,0,1,0.0,0.0505050505050505,2025-05-30,25000000.0,1997-10-24,Midfield,West Ham United,GB1,27.682409308692677,25.0,edson alvarez,1997,1997.0,Midfield,0.4,0.8,24,85,18,12,West Ham United,Premier League,0.020202020202020204,0.04040404040404041,1.2121212121212122,4.292929292929292,0.9090909090909092,0.6060606060606061,9.403703751803755,-15.596296248196245,-62.38518499278498
340918,Caoimhín Kelleher,900,0,0,0.0,0.0,2025-05-30,20000000.0,1998-11-23,Goalkeeper,Brentford FC,GB1,26.600958247775495,20.0,caoimhin kelleher,1998,1998.0,Goalkeeper,0.0,0.0,0,0,0,0,Brentford FC,Premier League,0.0,0.0,0.0,0.0,0.0,0.0,4.3958212916712895,-15.60417870832871,-78.02089354164356
399776,Pau Torres,2020,0,0,0.0,0.0,2025-05-30,32000000.0,1997-01-16,Defender,Aston Villa,GB1,28.451745379876797,32.0,pau torres,1997,1997.0,Defender,0.5,0.1,40,97,8,8,Aston Villa,Premier League,0.022277227722772276,0.004455445544554456,1.7821782178217822,4.321782178217822,0.3564356435643564,0.3564356435643564,16.368254561179548,-15.631745438820452,-48.84920449631392
411295,Raphinha,2845,18,12,0.5694200351493849,0.3796133567662566,2025-06-09,90000000.0,1996-12-14,Attack,FC Barcelona,ES1,28.542094455852155,90.0,raphinha,1996,1996.0,Attack,19.2,12.7,94,135,349,112,FC Barcelona,La Liga,0.6073813708260105,0.40175746924428823,2.973637961335677,4.270650263620387,11.040421792618629,3.5430579964850613,74.35796617271613,-15.642033827283868,-17.380037585870962
368887,Loïs Openda,2464,9,9,0.3287337662337662,0.3287337662337662,2025-06-05,50000000.0,2000-02-16,Attack,Juventus FC,IT1,25.36892539356605,50.0,lois openda,2000,2000.0,Attack,9.0,3.4,58,47,229,77,Juventus FC,Serie A,0.3287337662337662,0.1241883116883117,2.1185064935064934,1.7167207792207793,8.364448051948052,2.8125,34.28347343489843,-15.716526565101567,-31.433053130203138
459658,Andrea Cambiaso,2223,2,4,0.0809716599190283,0.1619433198380566,2025-06-17,35000000.0,2000-02-20,Defender,Juventus FC,IT1,25.357973990417523,35.0,andrea cambiaso,2000,2000.0,Defender,0.7,2.6,78,111,122,17,Juventus FC,Serie A,0.028340080971659916,0.10526315789473685,3.1578947368421053,4.493927125506072,4.939271255060729,0.688259109311741,18.85675974025975,-16.14324025974025,-46.12354359925786
353366,Benjamin Pavard,1584,0,1,0.0,0.0568181818181818,2025-06-17,25000000.0,1996-03-28,Defender,Olympique Marseille,FR1,29.25667351129363,25.0,benjamin pavard,1996,1996.0,Defender,0.5,0.8,13,92,26,8,Olympique Marseille,Ligue 1,0.02840909090909091,0.045454545454545456,0.7386363636363638,5.2272727272727275,1.4772727272727275,0.4545454545454546,8.82537856680356,-16.174621433196442,-64.69848573278577
357147,Diogo Dalot,2813,0,3,0.0,0.0959829363668681,2025-05-30,30000000.0,1999-03-18,Defender,Manchester United,GB1,26.286105407255302,30.0,diogo dalot,1999,1999.0,Defender,2.0,2.0,62,103,168,25,Manchester United,Premier League,0.06398862424457874,0.06398862424457874,1.983647351581941,3.2954141485958055,5.375044436544615,0.7998578030572342,13.717901839826839,-16.282098160173163,-54.27366053391054
250845,José María Giménez,1994,0,1,0.0,0.0451354062186559,2025-06-09,20000000.0,1995-01-20,Defender,Atlético de Madrid,ES1,30.442162902121833,20.0,jose maria gimenez,1995,1995.0,Defender,0.4,0.2,3,64,1,5,Atlético de Madrid,La Liga,0.01805416248746239,0.009027081243731194,0.13540621865596789,2.888665997993982,0.04513540621865597,0.22567703109327983,3.5801649480149496,-16.41983505198505,-82.09917525992525
605184,Jean-Clair Todibo,1833,0,0,0.0,0.0,2025-05-30,25000000.0,1999-12-30,Defender,West Ham United,GB1,25.50034223134839,25.0,jeanclair todibo,1999,1999.0,Defender,0.4,0.0,9,38,5,5,West Ham United,Premier League,0.019639934533551555,0.0,0.44189852700491,1.8657937806873979,0.24549918166939444,0.24549918166939444,7.694535834535836,-17.305464165464166,-69.22185666185666
284857,Marc Cucurella,2992,5,2,0.1504010695187165,0.0601604278074866,2025-05-30,35000000.0,1998-07-22,Defender,Chelsea FC,GB1,26.94045174537988,35.0,marc cucurella,1998,1998.0,Defender,2.8,2.1,35,118,117,24,Chelsea FC,Premier League,0.08422459893048129,0.06316844919786097,1.052807486631016,3.549465240641711,3.5193850267379676,0.7219251336898397,17.50186455673956,-17.49813544326044,-49.994672695029834
139208,Virgil van Dijk,3330,3,1,0.081081081081081,0.027027027027027,2025-05-30,23000000.0,1991-07-08,Defender,Liverpool FC,GB1,33.97946611909651,23.0,virgil van dijk,1991,1991.0,Defender,2.2,0.7,22,198,6,27,Liverpool FC,Premier League,0.05945945945945946,0.018918918918918916,0.5945945945945945,5.351351351351352,0.16216216216216217,0.7297297297297298,5.466612214637216,-17.533387785362784,-76.23212080592515
931838,Hugo Larsson,2403,3,1,0.1123595505617977,0.0374531835205992,2025-06-05,40000000.0,2004-06-27,Midfield,Eintracht Frankfurt,L1,21.00752908966461,40.0,hugo larsson,2004,2004.0,Midfield,3.1,2.1,16,121,33,21,Eintracht Frankfurt,Bundesliga,0.11610486891385768,0.07865168539325842,0.599250936329588,4.531835205992509,1.2359550561797754,0.7865168539325843,22.4015177128427,-17.5984822871573,-43.99620571789325
610849,Liam Delap,2616,12,2,0.4128440366972477,0.0688073394495412,2025-05-30,40000000.0,2003-02-08,Attack,Chelsea FC,GB1,22.390143737166323,40.0,liam delap,2003,2003.0,Attack,9.3,1.9,61,30,110,66,Chelsea FC,Premier League,0.31995412844036697,0.06536697247706422,2.0986238532110093,1.0321100917431194,3.7844036697247705,2.2706422018348627,22.33491269841269,-17.66508730158731,-44.16271825396827
624690,Manu Koné,2578,2,1,0.0698215671062839,0.0349107835531419,2025-06-17,40000000.0,2001-05-17,Midfield,Associazione Sportiva Roma,IT1,24.12046543463381,40.0,manu kone,2001,2001.0,Midfield,3.4,1.7,70,144,50,34,Associazione Sportiva Roma,Serie A,0.1186966640806827,0.05934833204034135,2.443754848719938,5.027152831652444,1.7455391776570983,1.1869666408068271,22.198696568246554,-17.801303431753446,-44.50325857938361
776890,Nicolas Jackson,2240,10,5,0.4017857142857142,0.2008928571428571,2025-05-30,50000000.0,2001-06-20,Attack,Bayern Munich,L1,24.02737850787132,50.0,nicolas jackson,2001,2001.0,Attack,12.3,4.3,47,38,129,76,Bayern Munich,Bundesliga,0.49419642857142854,0.17276785714285714,1.888392857142857,1.5267857142857142,5.183035714285714,3.0535714285714284,32.11584992784994,-17.884150072150057,-35.76830014430011
479999,Eberechi Eze,2603,8,8,0.2766039185555128,0.2766039185555128,2025-05-30,55000000.0,1998-06-29,Midfield,Arsenal FC,GB1,27.003422313483917,55.0,eberechi eze,1998,1998.0,Midfield,10.5,6.2,69,97,153,100,Arsenal FC,Premier League,0.36304264310411066,0.2143680368805225,2.3857087975412985,3.3538225124855936,5.290049942374184,3.457548981943911,37.0398179052429,-17.9601820947571,-32.654876535922
670882,Jamie Gittens,1784,8,4,0.4035874439461883,0.2017937219730941,2025-06-05,50000000.0,2004-08-08,Attack,Chelsea FC,GB1,20.892539356605067,50.0,jamie gittens,2004,2004.0,Attack,3.6,2.5,113,42,180,52,Chelsea FC,Premier League,0.18161434977578475,0.12612107623318386,5.70067264573991,2.118834080717489,9.080717488789238,2.6233183856502245,31.818698579198585,-18.181301420801415,-36.36260284160283
314678,Brahim Díaz,1382,4,2,0.260492040520984,0.130246020260492,2025-06-09,40000000.0,1999-08-03,Attack,Real Madrid,ES1,25.908281998631075,40.0,brahim diaz,1999,1999.0,Attack,5.3,3.3,39,74,110,28,Real Madrid,La Liga,0.3451519536903039,0.21490593342981185,2.539797395079595,4.819102749638206,7.163531114327062,1.8234442836468885,21.817596595996587,-18.182403404003413,-45.45600851000853
284730,Manuel Akanji,2014,0,0,0.0,0.0,2025-05-30,28000000.0,1995-07-19,Defender,Manchester City,GB1,29.949349760438057,28.0,manuel akanji,1995,1995.0,Defender,1.6,0.4,46,158,7,15,Manchester City,Premier League,0.07149950347567031,0.01787487586891758,2.0556107249255215,7.060575968222444,0.3128103277060576,0.6703078450844091,9.785167039442046,-18.214832960557956,-65.05297485913556
556385,Destiny Udogie,1932,0,1,0.0,0.046583850931677,2025-05-30,40000000.0,2002-11-28,Defender,Tottenham Hotspur,GB1,22.587268993839835,40.0,destiny udogie,2002,2002.0,Defender,0.3,1.5,54,121,94,5,Tottenham Hotspur,Premier League,0.013975155279503106,0.06987577639751552,2.515527950310559,5.63664596273292,4.37888198757764,0.2329192546583851,21.72123967051467,-18.27876032948533,-45.69690082371333
196357,Jonathan Tah,2970,3,1,0.0909090909090909,0.0303030303030303,2025-06-05,30000000.0,1996-02-11,Defender,Bayern Munich,L1,29.38261464750171,30.0,jonathan tah,1996,1996.0,Defender,1.1,0.4,15,169,9,24,Bayern Munich,Bundesliga,0.03333333333333334,0.012121212121212123,0.4545454545454546,5.121212121212121,0.2727272727272727,0.7272727272727273,11.63818278018278,-18.36181721981722,-61.20605739939074
644771,Odilon Kossounou,1125,0,0,0.0,0.0,2025-06-17,25000000.0,2001-01-04,Defender,Atalanta BC,IT1,24.484599589322382,25.0,odilon kossounou,2001,2001.0,Defender,0.5,0.0,13,46,14,6,Atalanta BC,Serie A,0.04,0.0,1.04,3.68,1.1199999999999999,0.48,6.5794335978835985,-18.4205664021164,-73.6822656084656
262396,Unai Simón,1890,0,0,0.0,0.0,2025-06-09,28000000.0,1997-06-11,Goalkeeper,Athletic Bilbao,ES1,28.05201916495551,28.0,unai simon,1997,1997.0,Goalkeeper,0.0,0.0,0,0,0,0,Athletic Bilbao,La Liga,0.0,0.0,0.0,0.0,0.0,0.0,9.422154020979029,-18.57784597902097,-66.3494499250749
475959,Josko Gvardiol,3280,5,0,0.1371951219512195,0.0,2025-05-30,75000000.0,2002-01-23,Defender,Manchester City,GB1,23.433264887063658,75.0,josko gvardiol,2002,2002.0,Defender,4.6,2.1,91,264,121,40,Manchester City,Premier League,0.12621951219512195,0.0576219512195122,2.4969512195121952,7.2439024390243905,3.320121951219512,1.0975609756097562,56.29521281033777,-18.704787189662227,-24.939716252882967
392757,Marc Guéhi,3060,3,2,0.088235294117647,0.0588235294117647,2025-05-30,45000000.0,2000-07-13,Defender,Manchester City,GB1,24.9637234770705,45.0,marc guehi,2000,2000.0,Defender,2.0,1.8,22,134,10,15,Manchester City,Premier League,0.058823529411764705,0.05294117647058824,0.6470588235294117,3.941176470588235,0.29411764705882354,0.4411764705882353,26.196843277093283,-18.803156722906717,-41.78479271757048
387626,Leon Bailey,1144,1,2,0.0786713286713286,0.1573426573426573,2025-05-30,28000000.0,1997-08-09,Attack,Associazione Sportiva Roma,IT1,27.890485968514717,28.0,leon bailey,1997,1997.0,Attack,1.7,1.5,58,35,121,28,Associazione Sportiva Roma,Serie A,0.13374125874125872,0.11800699300699301,4.5629370629370625,2.7534965034965038,9.519230769230768,2.202797202797203,9.18198155363156,-18.81801844636844,-67.20720873703014
571020,Oihan Sancet,1626,15,1,0.8302583025830258,0.055350553505535,2025-06-09,60000000.0,2000-04-25,Midfield,Athletic Bilbao,ES1,25.180013689253936,60.0,oihan sancet,2000,2000.0,Midfield,9.7,1.9,52,90,115,47,Athletic Bilbao,La Liga,0.53690036900369,0.10516605166051661,2.8782287822878225,4.981549815498155,6.365313653136531,2.6014760147601477,41.159403141303144,-18.840596858696856,-31.40099476449476
326031,Matthijs de Ligt,2128,2,0,0.0845864661654135,0.0,2025-05-30,38000000.0,1999-08-12,Defender,Manchester United,GB1,25.883641341546884,38.0,matthijs de ligt,1999,1999.0,Defender,2.5,0.3,7,55,6,18,Manchester United,Premier League,0.10573308270676691,0.012687969924812028,0.29605263157894735,2.326127819548872,0.2537593984962406,0.7612781954887218,19.10291634199134,-18.89708365800866,-49.729167521075425
360518,Teun Koopmeiners,1996,3,3,0.1352705410821643,0.1352705410821643,2025-06-17,35000000.0,1998-02-28,Midfield,Juventus FC,IT1,27.3347022587269,35.0,teun koopmeiners,1998,1998.0,Midfield,3.9,2.9,32,89,127,42,Juventus FC,Serie A,0.17585170340681364,0.13076152304609218,1.442885771543086,4.013026052104209,5.726452905811623,1.8937875751503006,15.824969300144296,-19.175030699855704,-54.785801999587726
340950,Diogo Jota,1194,6,4,0.4522613065326633,0.3015075376884422,2025-05-30,40000000.0,1996-12-04,Attack,,,28.569472963723477,40.0,diogo jota,1996,1996.0,Attack,7.9,1.8,37,34,88,51,,,0.5954773869346734,0.135678391959799,2.7889447236180906,2.5628140703517586,6.633165829145729,3.844221105527638,20.803886483886483,-19.196113516113517,-47.9902837902838
480692,Luis Díaz,2413,13,7,0.48487360132615,0.2610857853294654,2025-05-30,70000000.0,1997-01-13,Attack,Bayern Munich,L1,28.459958932238195,70.0,luis diaz,1997,1997.0,Attack,12.0,5.0,108,110,293,71,Bayern Munich,Bundesliga,0.44757563199336925,0.18648984666390386,4.028180687940323,4.102776626605885,10.928305014504765,2.6481558226274347,50.721468975468994,-19.278531024531006,-27.540758606472863
475411,Wesley Fofana,1176,0,0,0.0,0.0,2025-05-30,25000000.0,2000-12-17,Defender,Chelsea FC,GB1,24.53388090349076,25.0,wesley fofana,2000,2000.0,Defender,0.4,0.4,19,32,4,3,Chelsea FC,Premier League,0.030612244897959186,0.030612244897959186,1.4540816326530612,2.4489795918367347,0.30612244897959184,0.22959183673469385,5.592485167147667,-19.407514832852332,-77.63005933140933
357164,Rafael Leão,2330,8,10,0.3090128755364806,0.3862660944206008,2025-06-17,70000000.0,1999-06-10,Attack,AC Milan,IT1,26.05612594113621,70.0,rafael leao,1999,1999.0,Attack,7.6,8.4,123,93,262,66,AC Milan,Serie A,0.2935622317596566,0.32446351931330475,4.75107296137339,3.592274678111588,10.120171673819742,2.5493562231759657,50.48184704184701,-19.51815295815299,-27.883075654504268
568559,Radu Drăgușin,1251,0,0,0.0,0.0,2025-05-30,25000000.0,2002-02-03,Defender,Tottenham Hotspur,GB1,23.4031485284052,25.0,radu dragusin,2002,2002.0,Defender,0.1,0.4,7,37,2,5,Tottenham Hotspur,Premier League,0.007194244604316547,0.02877697841726619,0.5035971223021583,2.6618705035971226,0.14388489208633093,0.3597122302158273,5.442237066637065,-19.557762933362934,-78.23105173345174
866246,Lucas Bergvall,1205,0,1,0.0,0.0746887966804979,2025-05-30,38000000.0,2006-02-02,Midfield,Tottenham Hotspur,GB1,19.405886379192335,38.0,lucas bergvall,2006,2006.0,Midfield,0.7,0.6,33,49,31,12,Tottenham Hotspur,Premier League,0.05228215767634854,0.044813278008298756,2.4647302904564317,3.6597510373443987,2.3153526970954355,0.896265560165975,18.23184345839345,-19.76815654160655,-52.02146458317514
425334,Matty Cash,2077,1,1,0.0433317284545016,0.0433317284545016,2025-05-30,25000000.0,1997-08-07,Defender,Aston Villa,GB1,27.89596167008898,25.0,matty cash,1997,1997.0,Defender,0.5,1.1,48,42,90,13,Aston Villa,Premier League,0.021665864227250843,0.04766490129995186,2.0799229658160807,1.8199325950890708,3.8998555609051517,0.5633124699085219,5.137768407518406,-19.862231592481592,-79.44892636992637
503075,Isak Hien,2325,0,0,0.0,0.0,2025-06-17,30000000.0,1999-01-13,Defender,Atalanta BC,IT1,26.46132785763176,30.0,isak hien,1999,1999.0,Defender,1.0,0.1,7,51,3,8,Atalanta BC,Serie A,0.03870967741935484,0.0038709677419354843,0.2709677419354839,1.9741935483870967,0.11612903225806452,0.3096774193548387,10.111558621933622,-19.88844137806638,-66.29480459355459
425918,Jakub Kiwior,1117,1,0,0.0805729632945389,0.0,2025-05-30,28000000.0,2000-02-15,Defender,Arsenal FC,GB1,25.371663244353183,28.0,jakub kiwior,2000,2000.0,Defender,0.2,0.3,5,48,1,3,Arsenal FC,Premier League,0.01611459265890779,0.02417188898836168,0.4028648164726947,3.8675022381378694,0.08057296329453895,0.24171888988361684,8.058980596255594,-19.941019403744406,-71.2179264419443
394327,Boubacar Kamara,1728,1,0,0.0520833333333333,0.0,2025-05-30,40000000.0,1999-11-23,Midfield,Aston Villa,GB1,25.60164271047228,40.0,boubacar kamara,1999,1999.0,Midfield,0.8,0.9,19,85,7,10,Aston Villa,Premier League,0.04166666666666667,0.046875,0.9895833333333334,4.427083333333334,0.3645833333333333,0.5208333333333333,19.77768560606062,-20.22231439393938,-50.555785984848455
258889,Dominic Solanke,2206,9,3,0.3671804170444243,0.1223934723481414,2025-05-30,40000000.0,1997-09-14,Attack,Tottenham Hotspur,GB1,27.79192334017796,40.0,dominic solanke,1997,1997.0,Attack,10.9,2.9,31,47,88,59,Tottenham Hotspur,Premier League,0.44469628286491386,0.11831368993653671,1.2647325475974616,1.917497733454216,3.5902085222121487,2.4070716228467814,19.661313135938133,-20.338686864061867,-50.84671716015466
192735,Stanislav Lobotka,2649,0,1,0.0,0.0339750849377123,2025-06-17,25000000.0,1994-11-25,Midfield,SSC Napoli,IT1,30.595482546201232,25.0,stanislav lobotka,1994,1994.0,Midfield,0.3,1.2,30,118,32,7,SSC Napoli,Serie A,0.010192525481313703,0.04077010192525481,1.0192525481313703,4.009060022650057,1.087202718006795,0.2378255945639864,4.263278603259488,-20.736721396740514,-82.94688558696205
344695,Dayot Upamecano,1763,2,0,0.1020986954055587,0.0,2025-06-05,50000000.0,1998-10-27,Defender,Bayern Munich,L1,26.67488021902806,50.0,dayot upamecano,1998,1998.0,Defender,1.2,0.5,17,137,4,13,Bayern Munich,Bundesliga,0.06125921724333522,0.02552467385138968,0.867838910947249,6.993760635280771,0.20419739081111743,0.6636415201361315,28.654066576941588,-21.345933423058412,-42.691866846116824
413403,Ezri Konsa,2937,2,0,0.0612870275791624,0.0,2025-05-30,35000000.0,1997-10-23,Defender,Aston Villa,GB1,27.685147159479808,35.0,ezri konsa,1997,1997.0,Defender,1.3,0.4,24,90,11,11,Aston Villa,Premier League,0.03983656792645557,0.012257405515832482,0.735444330949949,2.7579162410623086,0.33707865168539325,0.33707865168539325,13.640719616494618,-21.359280383505382,-61.02651538144394
973085,Carlos Baleba,2673,3,1,0.101010101010101,0.0336700336700336,2025-05-30,40000000.0,2004-01-03,Midfield,Brighton & Hove Albion,GB1,21.489390828199863,40.0,carlos baleba,2004,2004.0,Midfield,3.1,1.3,43,118,29,44,Brighton & Hove Albion,Premier League,0.10437710437710439,0.04377104377104377,1.4478114478114479,3.973063973063973,0.9764309764309763,1.4814814814814816,18.39936658711658,-21.60063341288342,-54.00158353220854
763079,Abdukodir Khusanov,1479,0,0,0.0,0.0,2025-05-30,35000000.0,2004-02-29,Defender,Manchester City,GB1,21.333333333333332,35.0,abdukodir khusanov,2004,2004.0,Defender,0.2,0.4,3,68,8,7,Manchester City,Premier League,0.012170385395537525,0.02434077079107505,0.18255578093306288,4.137931034482759,0.486815415821501,0.4259634888438134,13.310225228475227,-21.689774771524775,-61.970785061499356
315969,Scott McTominay,2958,12,6,0.3651115618661257,0.1825557809330628,2025-06-17,50000000.0,1996-12-08,Midfield,SSC Napoli,IT1,28.55852156057495,50.0,scott mctominay,1996,1996.0,Midfield,7.5,2.7,56,113,133,77,SSC Napoli,Serie A,0.2281947261663286,0.0821501014198783,1.7038539553752536,3.438133874239351,4.046653144016227,2.342799188640974,27.85898653198653,-22.14101346801347,-44.28202693602694
792380,Aleksandar Pavlovic,1458,1,0,0.0617283950617283,0.0,2025-06-05,55000000.0,2004-05-03,Midfield,Bayern Munich,L1,21.15811088295688,55.0,aleksandar pavlovic,2004,2004.0,Midfield,0.6,0.2,15,128,33,9,Bayern Munich,Bundesliga,0.037037037037037035,0.01234567901234568,0.9259259259259259,7.901234567901234,2.037037037037037,0.5555555555555556,32.81852249509748,-22.181477504902517,-40.32995909982276
420243,Jurriën Timber,2423,1,3,0.0371440363186132,0.1114321089558398,2025-05-30,55000000.0,2001-06-17,Defender,Arsenal FC,GB1,24.035592060232716,55.0,jurrien timber,2001,2001.0,Defender,1.2,0.8,57,146,104,14,Arsenal FC,Premier League,0.044572843582335944,0.029715229054890633,2.1172100701609575,5.4230293025175405,3.8629797771357817,0.520016508460586,32.62491426166428,-22.37508573833572,-40.68197406970131
344381,Christopher Nkunku,910,3,2,0.2967032967032967,0.1978021978021978,2025-05-30,35000000.0,1997-11-14,Attack,AC Milan,IT1,27.6249144421629,35.0,christopher nkunku,1997,1997.0,Attack,4.8,2.1,17,25,68,25,AC Milan,Serie A,0.4747252747252747,0.2076923076923077,1.6813186813186813,2.4725274725274726,6.725274725274725,2.4725274725274726,12.50301019443519,-22.49698980556481,-64.27711373018516
338424,Mikel Merino,1581,7,2,0.3984819734345351,0.1138519924098671,2025-05-30,35000000.0,1996-06-22,Midfield,Arsenal FC,GB1,29.021218343600275,35.0,mikel merino,1996,1996.0,Midfield,5.9,2.0,11,69,94,38,Arsenal FC,Premier League,0.33586337760910817,0.11385199240986718,0.6261859582542695,3.9278937381404173,5.351043643263757,2.163187855787476,12.284257992007992,-22.715742007992006,-64.9021200228343
314353,Trent Alexander-Arnold,2377,3,7,0.1135885570046276,0.2650399663441313,2025-05-30,75000000.0,1998-10-07,Defender,Real Madrid,ES1,26.729637234770703,75.0,trent alexanderarnold,1998,1998.0,Defender,1.9,7.3,51,232,94,45,Real Madrid,La Liga,0.0719394194362642,0.27639882204459404,1.9310054690786707,8.784181741691206,3.559108119478334,1.703828355069415,52.16660619935618,-22.83339380064382,-30.444525067525092
890721,Myles Lewis-Skelly,1371,1,0,0.0656455142231947,0.0,2025-05-30,45000000.0,2006-09-26,Defender,Arsenal FC,GB1,18.759753593429156,45.0,myles lewisskelly,2006,2006.0,Defender,0.2,0.4,37,71,37,3,Arsenal FC,Premier League,0.01312910284463895,0.0262582056892779,2.4288840262582054,4.660831509846827,2.4288840262582054,0.19693654266958424,22.1384161976912,-22.8615838023088,-50.803519560686226
198116,Federico Dimarco,2197,4,9,0.163859808830223,0.3686845698680018,2025-06-17,50000000.0,1997-11-10,Defender,Inter Milan,IT1,27.63586584531143,50.0,federico dimarco,1997,1997.0,Defender,3.3,6.1,47,83,232,55,Inter Milan,Serie A,0.135184342284934,0.2498862084660901,1.9253527537551205,3.400091033227128,9.503868912152937,2.2530723714155667,26.997934884559882,-23.002065115440118,-46.004130230880236
326330,Frenkie de Jong,1136,2,2,0.1584507042253521,0.1584507042253521,2025-06-09,45000000.0,1997-05-12,Midfield,FC Barcelona,ES1,28.13415468856947,45.0,frenkie de jong,1997,1997.0,Midfield,0.7,2.0,36,120,24,5,FC Barcelona,La Liga,0.055457746478873235,0.15845070422535212,2.852112676056338,9.507042253521126,1.9014084507042253,0.3961267605633803,21.888370310245303,-23.111629689754697,-51.35917708834376
435648,Joshua Zirkzee,1394,3,2,0.1936872309899569,0.1291248206599713,2025-05-30,30000000.0,2001-05-22,Attack,Manchester United,GB1,24.10677618069815,30.0,joshua zirkzee,2001,2001.0,Attack,4.8,1.5,14,44,69,28,Manchester United,Premier League,0.3098995695839311,0.09684361549497847,0.9038737446197991,2.840746054519369,4.45480631276901,1.8077474892395982,6.813320233470235,-23.186679766529764,-77.28893255509921
333241,Joelinton,2404,4,3,0.1497504159733777,0.1123128119800332,2025-05-30,35000000.0,1996-08-14,Midfield,Newcastle United,GB1,28.876112251882272,35.0,joelinton,1996,1996.0,Midfield,3.9,2.5,40,116,110,45,Newcastle United,Premier League,0.14600665557404324,0.09359400998336107,1.497504159733777,4.342762063227953,4.118136439267887,1.6846921797004992,11.773353499278493,-23.226646500721507,-66.3618471449186
321528,Denzel Dumfries,1951,7,3,0.3229113275243465,0.1383905689390056,2025-06-17,35000000.0,1996-04-18,Defender,Inter Milan,IT1,29.19917864476386,35.0,denzel dumfries,1996,1996.0,Defender,5.4,3.2,55,51,173,36,Inter Milan,Serie A,0.24910302409021018,0.1476166068682727,2.537160430548437,2.3526396719630958,7.9805228088159925,1.6606868272680677,11.72653571983573,-23.27346428016427,-66.49561222904077
132098,Harry Kane,2391,26,10,0.9786700125470514,0.3764115432873275,2025-06-05,75000000.0,1993-07-28,Attack,Bayern Munich,L1,31.923340177960306,75.0,harry kane,1993,1993.0,Attack,20.3,5.3,29,97,143,105,Bayern Munich,Bundesliga,0.7641154328732749,0.19949811794228356,1.0915934755332497,3.6511919698870767,5.382685069008783,3.9523212045169385,51.15300188885191,-23.84699811114809,-31.795997481530787
659813,Piero Hincapié,2670,2,2,0.0674157303370786,0.0674157303370786,2025-06-05,50000000.0,2002-01-09,Defender,Arsenal FC,GB1,23.471594798083505,50.0,piero hincapie,2002,2002.0,Defender,2.9,3.2,52,152,72,22,Arsenal FC,Premier League,0.09775280898876404,0.10786516853932585,1.752808988764045,5.123595505617978,2.4269662921348316,0.7415730337078652,26.008934336034326,-23.991065663965674,-47.98213132793135
557459,Micky van de Ven,1018,0,2,0.0,0.1768172888015717,2025-05-30,50000000.0,2001-04-19,Defender,Tottenham Hotspur,GB1,24.197125256673512,50.0,micky van de ven,2001,2001.0,Defender,0.6,1.2,8,51,1,6,Tottenham Hotspur,Premier League,0.05304518664047151,0.10609037328094302,0.7072691552062867,4.508840864440079,0.08840864440078584,0.5304518664047151,25.971424901024914,-24.028575098975086,-48.05715019795017
618472,Castello Lukeba,1578,0,0,0.0,0.0,2025-06-05,40000000.0,2002-12-17,Defender,RB Leipzig,L1,22.535249828884325,40.0,castello lukeba,2002,2002.0,Defender,0.4,0.2,18,80,23,4,RB Leipzig,Bundesliga,0.02281368821292776,0.01140684410646388,1.0266159695817492,4.562737642585551,1.311787072243346,0.22813688212927755,15.695716287416287,-24.30428371258371,-60.76070928145928
610442,Rasmus Højlund,2014,4,1,0.1787487586891757,0.0446871896722939,2025-05-30,35000000.0,2003-02-04,Attack,SSC Napoli,IT1,22.401095140314855,35.0,rasmus hjlund,2003,2003.0,Attack,5.3,1.8,28,18,101,32,SSC Napoli,Serie A,0.23684210526315788,0.0804369414101291,1.2512413108242304,0.804369414101291,4.513406156901689,1.429990069513406,9.990445808820807,-25.00955419117919,-71.45586911765484
810092,Warren Zaïre-Emery,2052,1,2,0.043859649122807,0.087719298245614,2025-06-03,55000000.0,2006-03-08,Midfield,Paris Saint-Germain,FR1,19.312799452429843,55.0,warren zaireemery,2006,2006.0,Midfield,1.7,1.4,49,135,92,17,Paris Saint-Germain,Ligue 1,0.07456140350877193,0.06140350877192982,2.1491228070175437,5.921052631578947,4.035087719298246,0.7456140350877193,29.94928784178784,-25.05071215821216,-45.54674937856756
744149,Adam Wharton,1327,0,2,0.0,0.1356443104747551,2025-05-30,45000000.0,2004-02-06,Midfield,Crystal Palace,GB1,21.39630390143737,45.0,adam wharton,2004,2004.0,Midfield,0.4,3.0,14,107,11,13,Crystal Palace,Premier League,0.02712886209495102,0.20346646571213264,0.9495101733232856,7.256970610399397,0.746043707611153,0.881688018085908,19.926695863395867,-25.073304136604133,-55.71845363689807
424204,Alphonso Davies,1562,1,2,0.057618437900128,0.115236875800256,2025-06-05,50000000.0,2000-11-02,Defender,Bayern Munich,L1,24.657084188911703,50.0,alphonso davies,2000,2000.0,Defender,1.2,1.6,81,120,140,17,Bayern Munich,Bundesliga,0.06914212548015365,0.09218950064020488,4.667093469910371,6.914212548015365,8.066581306017927,0.9795134443021767,24.849752451252453,-25.150247548747547,-50.30049509749509
286047,Guglielmo Vicario,2160,0,0,0.0,0.0,2025-05-30,32000000.0,1996-10-07,Goalkeeper,Tottenham Hotspur,GB1,28.72826830937714,32.0,guglielmo vicario,1996,1996.0,Goalkeeper,0.0,0.0,0,1,0,0,Tottenham Hotspur,Premier League,0.0,0.0,0.0,0.04166666666666667,0.0,0.0,6.72069892884893,-25.27930107115107,-78.9978158473471
316264,Martin Ødegaard,2332,3,8,0.1157804459691252,0.3087478559176672,2025-05-30,85000000.0,1998-12-17,Midfield,Arsenal FC,GB1,26.535249828884325,85.0,martin degaard,1998,1998.0,Midfield,4.8,5.4,92,258,154,48,Arsenal FC,Premier League,0.18524871355060035,0.2084048027444254,3.550600343053173,9.957118353344768,5.943396226415095,1.8524871355060035,59.67462253949754,-25.32537746050246,-29.79456171823819
394300,Davide Frattesi,1210,5,2,0.371900826446281,0.1487603305785124,2025-06-17,35000000.0,1999-09-22,Midfield,Inter Milan,IT1,25.77138945927447,35.0,davide frattesi,1999,1999.0,Midfield,4.0,0.8,23,31,50,26,Inter Milan,Serie A,0.2975206611570248,0.059504132231404966,1.7107438016528924,2.3057851239669422,3.71900826446281,1.9338842975206612,9.553154413179408,-25.446845586820594,-72.7052731052017
241641,Bernardo Silva,2668,4,4,0.1349325337331334,0.1349325337331334,2025-05-30,38000000.0,1994-08-10,Midfield,Manchester City,GB1,30.888432580424368,38.0,bernardo silva,1994,1994.0,Midfield,3.9,5.1,101,134,200,32,Manchester City,Premier League,0.1315592203898051,0.17203898050974512,3.407046476761619,4.52023988005997,6.746626686656672,1.0794602698650675,12.459215162615159,-25.54078483738484,-67.21259167732853
478573,Ryan Gravenberch,3169,0,4,0.0,0.1136005048911328,2025-05-30,75000000.0,2002-05-16,Midfield,Liverpool FC,GB1,23.123887748117728,75.0,ryan gravenberch,2002,2002.0,Midfield,1.1,3.1,70,181,55,20,Liverpool FC,Premier League,0.031240138845061535,0.08804039129062796,1.988008835594825,5.140422846323761,1.5620069422530767,0.5680025244556642,49.37683664021162,-25.62316335978838,-34.164217813051174
568177,Cole Palmer,3200,15,9,0.421875,0.253125,2025-05-30,120000000.0,2002-05-06,Midfield,Chelsea FC,GB1,23.15126625598905,120.0,cole palmer,2002,2002.0,Midfield,17.3,10.9,120,214,187,121,Chelsea FC,Premier League,0.48656250000000006,0.3065625,3.375,6.018750000000001,5.259375,3.4031249999999997,93.16174364524362,-26.838256354756382,-22.36521362896365
355915,Cristian Romero,1420,1,1,0.0633802816901408,0.0633802816901408,2025-05-30,50000000.0,1998-04-27,Defender,Tottenham Hotspur,GB1,27.17590691307324,50.0,cristian romero,1998,1998.0,Defender,1.6,0.6,12,71,3,16,Tottenham Hotspur,Premier League,0.10140845070422536,0.038028169014084505,0.76056338028169,4.5,0.1901408450704225,1.0140845070422535,22.55122146187146,-27.44877853812854,-54.89755707625707
1005649,Murillo,3191,2,0,0.05640864932623,0.0,2025-05-30,55000000.0,2002-07-04,Defender,Nottingham Forest,GB1,22.989733059548257,55.0,murillo,2002,2002.0,Defender,1.4,1.2,22,115,5,25,Nottingham Forest,Premier League,0.039486054528361014,0.03384518959573801,0.6204951425885302,3.2434973362582262,0.14102162331557505,0.7051081165778752,27.412422679172675,-27.587577320827325,-50.15923149241331
181767,Marquinhos,1725,2,0,0.1043478260869565,0.0,2025-06-03,35000000.0,1994-05-14,Defender,Paris Saint-Germain,FR1,31.129363449691994,35.0,marquinhos,1994,1994.0,Defender,1.1,0.8,29,151,4,8,Paris Saint-Germain,Ligue 1,0.05739130434782609,0.04173913043478261,1.5130434782608697,7.878260869565217,0.20869565217391303,0.41739130434782606,7.344447547822547,-27.655552452177453,-79.01586414907844
546543,Darwin Núñez,1118,5,3,0.4025044722719141,0.2415026833631484,2025-05-30,45000000.0,1999-06-24,Attack,Al-Hilal Saudi Football Club,SA1,26.01779603011636,45.0,darwin nunez,1999,1999.0,Attack,5.8,1.3,23,27,78,34,Al-Hilal Saudi Football Club,,0.46690518783542034,0.10465116279069767,1.851520572450805,2.173524150268336,6.27906976744186,2.737030411449016,17.221684462759466,-27.778315537240534,-61.729590082756744
503733,Anthony Gordon,2446,6,6,0.2207686017988552,0.2207686017988552,2025-05-30,65000000.0,2001-02-24,Attack,Newcastle United,GB1,24.34496919917865,65.0,anthony gordon,2001,2001.0,Attack,8.0,5.0,121,98,214,57,Newcastle United,Premier League,0.294358135731807,0.1839738348323794,4.452166802943581,3.605887162714636,7.8740801308258375,2.0973017170891253,37.06484048821547,-27.935159511784533,-42.977168479668514
257814,Gregor Kobel,2880,0,0,0.0,0.0,2025-06-05,40000000.0,1997-12-06,Goalkeeper,Borussia Dortmund,L1,27.564681724845997,40.0,gregor kobel,1997,1997.0,Goalkeeper,0.0,0.0,0,1,0,0,Borussia Dortmund,Bundesliga,0.0,0.0,0.0,0.03125,0.0,0.0,12.060813624338623,-27.93918637566138,-69.84796593915344
775605,Pablo Barrios,2337,1,4,0.0385109114249037,0.1540436456996149,2025-06-09,55000000.0,2003-06-15,Midfield,Atlético de Madrid,ES1,22.04243668720055,55.0,pablo barrios,2003,2003.0,Midfield,1.3,2.4,29,142,69,29,Atlético de Madrid,La Liga,0.05006418485237484,0.09242618741976893,1.116816431322208,5.468549422336329,2.657252888318357,1.116816431322208,26.379978102453087,-28.620021897546913,-52.0364034500853
543499,Mohammed Kudus,2603,5,3,0.1728774490971955,0.1037264694583173,2025-05-30,45000000.0,2000-08-02,Attack,Tottenham Hotspur,GB1,24.908966461327857,45.0,mohammed kudus,2000,2000.0,Attack,6.9,3.1,98,79,216,75,Tottenham Hotspur,Premier League,0.23857087975412988,0.10718401844026125,3.3883980023050326,2.7314636957356893,7.468305800998848,2.593161736457933,16.261905375180376,-28.738094624819624,-63.862432499599166
614258,Levi Colwill,3150,2,1,0.0571428571428571,0.0285714285714285,2025-05-30,55000000.0,2003-02-26,Defender,Chelsea FC,GB1,22.340862422997947,55.0,levi colwill,2003,2003.0,Defender,1.9,1.1,14,131,12,17,Chelsea FC,Premier League,0.054285714285714284,0.03142857142857143,0.4,3.742857142857143,0.34285714285714286,0.48571428571428577,26.070744713619714,-28.929255286380286,-52.59864597523688
488362,Conor Gallagher,1633,3,3,0.1653398652786283,0.1653398652786283,2025-06-09,40000000.0,2000-02-06,Midfield,Tottenham Hotspur,GB1,25.39630390143737,40.0,conor gallagher,2000,2000.0,Midfield,2.8,1.2,24,64,64,22,Tottenham Hotspur,Premier League,0.1543172075933864,0.06613594611145131,1.3227189222290263,3.5272504592774037,3.5272504592774037,1.2124923453766074,10.939485088060085,-29.060514911939915,-72.65128727984978
890290,Dean Huijsen,2422,3,2,0.111478117258464,0.074318744838976,2025-05-30,60000000.0,2005-04-14,Defender,Real Madrid,ES1,20.210814510609172,60.0,dean huijsen,2005,2005.0,Defender,1.9,2.0,41,132,10,18,Real Madrid,La Liga,0.07060280759702724,0.07431874483897605,1.523534269199009,4.905037159372419,0.37159372419488024,0.6688687035507844,30.776513717763713,-29.223486282236287,-48.705810470393814
262749,David Raya,3420,0,0,0.0,0.0,2025-05-30,40000000.0,1995-09-15,Goalkeeper,Arsenal FC,GB1,29.790554414784395,40.0,david raya,1995,1995.0,Goalkeeper,0.0,0.0,0,14,0,0,Arsenal FC,Premier League,0.0,0.0,0.0,0.368421052631579,0.0,0.0,10.221630483405487,-29.778369516594513,-74.44592379148628
935245,Raúl Asencio,1673,0,1,0.0,0.0537955768081291,2025-06-09,40000000.0,2003-02-13,Defender,Real Madrid,ES1,22.376454483230663,40.0,raul asencio,2003,2003.0,Defender,0.1,0.6,5,27,4,3,Real Madrid,La Liga,0.005379557680812911,0.032277346084877465,0.26897788404064554,1.452480573819486,0.2151823072325164,0.16138673042438734,9.82062596662597,-30.17937403337403,-75.44843508343509
161056,Joshua Kimmich,2847,3,7,0.0948366701791359,0.2212855637513171,2025-06-05,45000000.0,1995-02-08,Midfield,Bayern Munich,L1,30.390143737166323,45.0,joshua kimmich,1995,1995.0,Midfield,1.8,7.4,51,362,77,34,Bayern Munich,Bundesliga,0.056902002107481565,0.23393045310853533,1.612223393045311,11.443624868282402,2.434141201264489,1.0748155953635405,14.69933352573353,-30.30066647426647,-67.33481438725882
315858,Gianluigi Donnarumma,2092,0,0,0.0,0.0,2025-06-03,40000000.0,1999-02-25,Goalkeeper,Manchester City,GB1,26.34360027378508,40.0,gianluigi donnarumma,1999,1999.0,Goalkeeper,0.0,0.0,0,0,0,0,Manchester City,Premier League,0.0,0.0,0.0,0.0,0.0,0.0,8.592142383542384,-31.407857616457616,-78.51964404114405
520624,Bruno Guimarães,3287,5,6,0.1369029510191664,0.1642835412229997,2025-05-30,80000000.0,1997-11-16,Midfield,Newcastle United,GB1,27.61943874058864,80.0,bruno guimaraes,1997,1997.0,Midfield,4.3,6.1,64,271,96,45,Newcastle United,Premier League,0.11773653787648311,0.16702160024338303,1.75235777304533,7.4201399452388195,2.6285366595679953,1.2321265591724977,48.18994569134572,-31.81005430865428,-39.76256788581785
502670,Khvicha Kvaratskhelia,2107,9,6,0.3844328429046037,0.2562885619364025,2025-06-03,90000000.0,2001-02-12,Attack,Paris Saint-Germain,FR1,24.37782340862423,90.0,khvicha kvaratskhelia,2001,2001.0,Attack,7.4,8.600000000000001,124,100,220,83,Paris Saint-Germain,Ligue 1,0.3160892263882297,0.3673469387755102,5.296630280018984,4.271476032273374,9.397247271001424,3.5453251067869007,57.75566101491104,-32.24433898508896,-35.82704331676551
335721,Ben White,1198,0,2,0.0,0.1502504173622704,2025-05-30,45000000.0,1997-10-08,Defender,Arsenal FC,GB1,27.72621492128679,45.0,ben white,1997,1997.0,Defender,0.5,1.4,23,59,42,9,Arsenal FC,Premier League,0.037562604340567615,0.10517529215358931,1.7278797996661102,4.432387312186978,3.1552587646076793,0.6761268781302171,12.73634416879418,-32.263655831205824,-71.69701295823516
351809,Robin Le Normand,2149,1,0,0.0418799441600744,0.0,2025-06-09,40000000.0,1996-11-11,Defender,Atlético de Madrid,ES1,28.632443531827516,40.0,robin le normand,1996,1996.0,Defender,1.5,0.5,11,55,6,11,Atlético de Madrid,La Liga,0.06281991624011168,0.020939972080037228,0.46067938576081896,2.3033969288040947,0.25127966496044674,0.46067938576081896,7.447894923594922,-32.55210507640508,-81.38026269101269
485706,Amadou Onana,1624,3,0,0.1662561576354679,0.0,2025-05-30,50000000.0,2001-08-16,Midfield,Aston Villa,GB1,23.871321013004792,50.0,amadou onana,2001,2001.0,Midfield,2.1,0.7,29,75,16,17,Aston Villa,Premier League,0.11637931034482758,0.03879310344827586,1.607142857142857,4.156403940886699,0.8866995073891626,0.9421182266009852,17.173782080882066,-32.82621791911794,-65.65243583823587
670681,João Neves,1851,3,8,0.1458670988654781,0.3889789303079417,2025-06-03,80000000.0,2004-09-27,Midfield,Paris Saint-Germain,FR1,20.75564681724846,80.0,joao neves,2004,2004.0,Midfield,3.0,4.0,35,144,80,28,Paris Saint-Germain,Ligue 1,0.1458670988654781,0.19448946515397084,1.701782820097245,7.00162074554295,3.8897893030794166,1.3614262560777959,46.30462252562255,-33.69537747437745,-42.11922184297182
386446,Alessandro Buongiorno,1926,1,0,0.0467289719626168,0.0,2025-06-17,50000000.0,1999-06-06,Defender,SSC Napoli,IT1,26.067077344284737,50.0,alessandro buongiorno,1999,1999.0,Defender,0.8,0.6,27,82,8,8,SSC Napoli,Serie A,0.037383177570093455,0.028037383177570093,1.2616822429906542,3.8317757009345796,0.37383177570093457,0.37383177570093457,16.156022138047142,-33.84397786195286,-67.68795572390572
423440,Martín Zubimendi,2962,2,2,0.0607697501688048,0.0607697501688048,2025-06-09,60000000.0,1999-02-02,Midfield,Arsenal FC,GB1,26.406570841889117,60.0,martin zubimendi,1999,1999.0,Midfield,2.6,1.1,38,195,43,24,Arsenal FC,Premier League,0.07900067521944633,0.033423362592842676,1.1546252532072925,5.925050641458474,1.3065496286293046,0.7292370020256583,25.827058201058197,-34.17294179894181,-56.95490299823634
258923,Marcus Rashford,1426,6,4,0.3786816269284712,0.2524544179523141,2025-05-30,50000000.0,1997-10-31,Attack,FC Barcelona,ES1,27.66324435318275,50.0,marcus rashford,1997,1997.0,Attack,4.8,4.4,42,34,121,34,FC Barcelona,La Liga,0.302945301542777,0.27769985974754563,2.6507713884992987,2.14586255259467,7.636746143057503,2.14586255259467,15.308041690716685,-34.691958309283315,-69.38391661856663
709187,Nico Williams,1998,5,5,0.2252252252252252,0.2252252252252252,2025-06-09,70000000.0,2002-07-12,Attack,Athletic Bilbao,ES1,22.967830253251197,70.0,nico williams,2002,2002.0,Attack,4.2,3.5,118,69,254,54,Athletic Bilbao,La Liga,0.1891891891891892,0.15765765765765766,5.315315315315315,3.108108108108108,11.441441441441441,2.4324324324324325,34.58771338383837,-35.41228661616163,-50.588980880230906
646740,Gavi,1083,1,1,0.0831024930747922,0.0831024930747922,2025-06-09,60000000.0,2004-08-05,Midfield,FC Barcelona,ES1,20.90075290896646,60.0,gavi,2004,2004.0,Midfield,0.9,1.6,13,77,42,11,FC Barcelona,La Liga,0.07479224376731303,0.1329639889196676,1.080332409972299,6.3988919667590025,3.490304709141274,0.9141274238227147,24.499110750360757,-35.50088924963924,-59.16814874939874
640428,Eduardo Camavinga,1098,1,2,0.081967213114754,0.1639344262295081,2025-06-09,60000000.0,2002-11-10,Midfield,Real Madrid,ES1,22.636550308008218,60.0,eduardo camavinga,2002,2002.0,Midfield,0.4,0.8,26,61,31,8,Real Madrid,La Liga,0.03278688524590164,0.06557377049180328,2.1311475409836067,5.0,2.540983606557377,0.6557377049180327,23.590520679320694,-36.40947932067931,-60.682465534465514
412363,Rodrygo,1938,6,6,0.2786377708978328,0.2786377708978328,2025-06-09,90000000.0,2001-01-09,Attack,Real Madrid,ES1,24.470910335386723,90.0,rodrygo,2001,2001.0,Attack,4.0,3.0,113,108,253,54,Real Madrid,La Liga,0.18575851393188852,0.1393188854489164,5.247678018575852,5.015479876160991,11.74922600619195,2.5077399380804954,53.45180809005811,-36.54819190994189,-40.60910212215766
661053,Jarrad Branthwaite,2510,0,1,0.0,0.0358565737051792,2025-05-30,50000000.0,2002-06-27,Defender,Everton FC,GB1,23.00889801505818,50.0,jarrad branthwaite,2002,2002.0,Defender,1.2,0.7,10,66,2,10,Everton FC,Premier League,0.043027888446215135,0.025099601593625495,0.35856573705179284,2.366533864541833,0.07171314741035857,0.35856573705179284,12.56669660894661,-37.433303391053386,-74.86660678210677
636688,Alejandro Balde,2293,0,4,0.0,0.1569995638901003,2025-06-09,60000000.0,2003-10-18,Defender,FC Barcelona,ES1,21.700205338809035,60.0,alejandro balde,2003,2003.0,Defender,0.5,3.4,107,93,246,12,FC Barcelona,La Liga,0.01962494548626254,0.13344962930658527,4.199738334060183,3.6502398604448323,9.65547317924117,0.47099869167030095,22.273051948051933,-37.72694805194807,-62.87824675324678
820374,Kobbie Mainoo,1656,0,0,0.0,0.0,2025-05-30,50000000.0,2005-04-19,Midfield,Manchester United,GB1,20.197125256673512,50.0,kobbie mainoo,2005,2005.0,Midfield,0.7,1.6,22,65,47,15,Manchester United,Premier League,0.03804347826086956,0.08695652173913045,1.1956521739130435,3.532608695652174,2.5543478260869565,0.8152173913043479,11.853282319532317,-38.14671768046768,-76.29343536093536
451276,Dominik Szoboszlai,2497,6,7,0.2162595114136964,0.2523027633159792,2025-05-30,80000000.0,2000-10-25,Midfield,Liverpool FC,GB1,24.67898699520876,80.0,dominik szoboszlai,2000,2000.0,Midfield,7.3,7.4,72,131,127,67,Liverpool FC,Premier League,0.263115738886664,0.2667200640768923,2.5951141369643573,4.721665999199039,4.577492991589908,2.4148978774529435,41.7577662938913,-38.2422337061087,-47.80279213263587
357119,Ibrahima Konaté,2565,1,2,0.0350877192982456,0.0701754385964912,2025-05-30,60000000.0,1999-05-25,Defender,Liverpool FC,GB1,26.09993155373032,60.0,ibrahima konate,1999,1999.0,Defender,1.7,1.0,25,115,3,19,Liverpool FC,Premier League,0.059649122807017535,0.03508771929824561,0.8771929824561403,4.035087719298246,0.10526315789473685,0.6666666666666667,19.812389196914197,-40.1876108030858,-66.97935133847633
616341,Nuno Mendes,1676,2,3,0.107398568019093,0.1610978520286396,2025-06-03,70000000.0,2002-06-19,Defender,Paris Saint-Germain,FR1,23.030800821355236,70.0,nuno mendes,2002,2002.0,Defender,2.2,5.0,58,127,108,21,Paris Saint-Germain,Ligue 1,0.11813842482100238,0.26849642004773266,3.114558472553699,6.819809069212411,5.799522673031027,1.1276849642004774,29.78465997798495,-40.21534002201505,-57.45048574573578
923831,Leny Yoro,1164,0,0,0.0,0.0,2025-05-30,55000000.0,2005-11-13,Defender,Manchester United,GB1,19.627652292950035,55.0,leny yoro,2005,2005.0,Defender,0.7,0.1,19,52,4,5,Manchester United,Premier League,0.05412371134020618,0.007731958762886598,1.4690721649484537,4.020618556701031,0.30927835051546393,0.3865979381443299,14.644235863210865,-40.35576413678913,-73.37411661234387
255942,Nicolò Barella,2498,3,6,0.1080864691753402,0.2161729383506805,2025-06-17,75000000.0,1997-02-07,Midfield,Inter Milan,IT1,28.39151266255989,75.0,nicolo barella,1997,1997.0,Midfield,2.2,4.5,63,235,133,42,Inter Milan,Serie A,0.07926341072858287,0.16212970376301042,2.2698158526821457,8.466773418734988,4.791833466773419,1.5132105684547639,34.182809776334786,-40.817190223665214,-54.42292029822029
258004,Rúben Dias,2269,0,0,0.0,0.0,2025-05-30,65000000.0,1997-05-14,Defender,Manchester City,GB1,28.128678986995208,65.0,ruben dias,1997,1997.0,Defender,1.5,0.3,43,160,8,21,Manchester City,Premier League,0.059497576024680476,0.011899515204936094,1.7055971793741735,6.346408109299251,0.31732040546496254,0.8329660643455267,24.181746947877823,-40.818253052122174,-62.79731238788027
411975,Jules Koundé,2606,2,3,0.0690713737528779,0.1036070606293169,2025-06-09,65000000.0,1998-11-12,Defender,FC Barcelona,ES1,26.63107460643395,65.0,jules kounde,1998,1998.0,Defender,1.8,3.9,44,165,190,18,FC Barcelona,La Liga,0.06216423637759017,0.13468917881811204,1.5195702225633154,5.698388334612432,6.561780506523408,0.6216423637759018,24.029828535353527,-40.97017146464647,-63.03103302253304
315853,Alessandro Bastoni,2421,1,5,0.037174721189591,0.1858736059479553,2025-06-17,80000000.0,1999-04-13,Defender,Inter Milan,IT1,26.21492128678987,80.0,alessandro bastoni,1999,1999.0,Defender,0.8,2.3,62,162,83,12,Inter Milan,Serie A,0.029739776951672865,0.08550185873605948,2.3048327137546467,6.022304832713754,3.0855018587360594,0.44609665427509293,38.919344696969695,-41.080655303030305,-51.35081912878788
309400,Kai Havertz,1875,9,3,0.4319999999999999,0.144,2025-05-30,65000000.0,1999-06-11,Attack,Arsenal FC,GB1,26.05338809034908,65.0,kai havertz,1999,1999.0,Attack,9.5,2.4,35,61,113,53,Arsenal FC,Premier League,0.45599999999999996,0.1152,1.6800000000000002,2.928,5.424,2.544,22.146633602508604,-42.8533663974914,-65.92825599614062
318528,Marcus Thuram,2299,14,7,0.548064375815572,0.274032187907786,2025-06-17,75000000.0,1997-08-06,Attack,Inter Milan,IT1,27.89869952087611,75.0,marcus thuram,1997,1997.0,Attack,9.9,4.4,62,53,170,64,Inter Milan,Serie A,0.38755980861244016,0.1722488038277512,2.4271422357546757,2.0748151370160937,6.65506742061766,2.505437146585472,32.13834129204128,-42.86165870795872,-57.14887827727829
598577,Florian Wirtz,2356,10,13,0.3820033955857385,0.4966044142614601,2025-06-05,140000000.0,2003-05-03,Midfield,Liverpool FC,GB1,22.16016427104723,140.0,florian wirtz,2003,2003.0,Midfield,9.4,7.0,131,176,309,74,Liverpool FC,Premier League,0.35908319185059423,0.26740237691001695,5.004244482173174,6.723259762308998,11.803904923599319,2.826825127334465,97.06876524401522,-42.931234755984775,-30.665167682846267
627442,Benjamin Sesko,2398,13,5,0.48790658882402,0.1876563803169307,2025-06-05,70000000.0,2003-05-31,Attack,Manchester United,GB1,22.083504449007528,70.0,benjamin sesko,2003,2003.0,Attack,10.0,2.1,47,46,141,66,Manchester United,Premier League,0.37531276063386154,0.07881567973311093,1.7639699749791493,1.7264386989157632,5.291909924937448,2.4770642201834865,26.174972101972088,-43.82502789802791,-62.60718271146845
397033,Sandro Tonali,2629,4,2,0.1369341955116013,0.0684670977558006,2025-05-30,60000000.0,2000-05-08,Midfield,Newcastle United,GB1,25.144421629021217,60.0,sandro tonali,2000,2000.0,Midfield,4.4,2.2,37,128,53,35,Newcastle United,Premier League,0.1506276150627615,0.07531380753138076,1.2666413084823125,4.381894256371244,1.8143780905287181,1.198174210726512,16.000026755651767,-43.99997324434823,-73.3332887405804
487469,Vitinha,2035,5,1,0.2211302211302211,0.0442260442260442,2025-06-03,80000000.0,2000-02-13,Midfield,Paris Saint-Germain,FR1,25.377138945927445,80.0,vitinha,2000,2000.0,Midfield,3.4,2.6,53,224,57,25,Paris Saint-Germain,Ligue 1,0.15036855036855037,0.114987714987715,2.343980343980344,9.906633906633907,2.520884520884521,1.1056511056511056,33.92171748251749,-46.07828251748251,-57.59785314685314
687626,Moisés Caicedo,3356,1,4,0.0268176400476758,0.1072705601907032,2025-05-30,90000000.0,2001-11-02,Midfield,Chelsea FC,GB1,23.65776865160849,90.0,moises caicedo,2001,2001.0,Midfield,0.8,3.0,43,215,37,20,Chelsea FC,Premier League,0.021454112038140644,0.0804529201430274,1.1531585220500595,5.7657926102502985,0.9922526817640048,0.5363528009535161,43.695557118807145,-46.304442881192855,-51.449380979103175
962110,Pau Cubarsí,2621,0,3,0.0,0.1030141167493323,2025-06-09,80000000.0,2007-01-22,Defender,FC Barcelona,ES1,18.43668720054757,80.0,pau cubarsi,2007,2007.0,Defender,0.8,1.6,26,191,6,8,FC Barcelona,La Liga,0.027470431133155285,0.05494086226631057,0.8927890118275467,6.558565433040823,0.20602823349866461,0.2747043113315529,33.405800204425184,-46.594199795574816,-58.242749744468526
495666,William Saliba,3041,2,0,0.0591910555738244,0.0,2025-05-30,80000000.0,2001-03-24,Defender,Arsenal FC,GB1,24.268309377138944,80.0,william saliba,2001,2001.0,Defender,2.3,0.9,16,138,6,6,Arsenal FC,Premier League,0.06806971390989805,0.026635975008220982,0.47352844459059523,4.084182834593884,0.1775731667214732,0.1775731667214732,27.035796103896132,-52.96420389610387,-66.20525487012983
661171,Willian Pacho,2130,0,1,0.0,0.0422535211267605,2025-06-03,65000000.0,2001-10-16,Defender,Paris Saint-Germain,FR1,23.704312114989733,65.0,willian pacho,2001,2001.0,Defender,0.3,0.3,3,53,1,4,Paris Saint-Germain,Ligue 1,0.01267605633802817,0.01267605633802817,0.1267605633802817,2.23943661971831,0.04225352112676056,0.16901408450704225,9.192561641136642,-55.80743835886336,-85.8575974751744
406625,Lautaro Martínez,2580,12,5,0.4186046511627906,0.1744186046511628,2025-06-17,95000000.0,1997-08-22,Attack,Inter Milan,IT1,27.854893908282,95.0,lautaro martinez,1997,1997.0,Attack,13.5,4.3,34,68,197,99,Inter Milan,Serie A,0.47093023255813954,0.15,1.1860465116279069,2.3720930232558137,6.872093023255815,3.4534883720930236,35.59261087061085,-59.40738912938915,-62.53409382040963
534033,Alexis Mac Allister,2609,5,5,0.1724798773476427,0.1724798773476427,2025-05-30,100000000.0,1998-12-24,Midfield,Liverpool FC,GB1,26.5160848733744,100.0,alexis mac allister,1998,1998.0,Midfield,2.8,4.7,36,177,80,38,Liverpool FC,Premier League,0.09658873131467995,0.16213108470678422,1.2418551169030279,6.1057876581065536,2.7596780375622845,1.3108470678420852,40.551917968143,-59.448082031857,-59.448082031857
576024,Julián Alvarez,2519,17,4,0.6073838824930528,0.1429138547042477,2025-06-09,100000000.0,2000-01-31,Attack,Atlético de Madrid,ES1,25.412731006160165,100.0,julian alvarez,2000,2000.0,Attack,14.1,5.3,79,92,162,70,Atlético de Madrid,La Liga,0.5037713378324732,0.1893608574831282,2.822548630408892,3.2870186581976975,5.788011115522033,2.5009924573243354,39.40156607744105,-60.59843392255895,-60.59843392255895
406635,Phil Foden,1781,7,2,0.3537338573834924,0.1010668163952835,2025-05-30,100000000.0,2000-05-28,Midfield,Manchester City,GB1,25.089664613278575,100.0,phil foden,2000,2000.0,Midfield,5.2,4.8,50,103,128,54,Manchester City,Premier League,0.26277372262773724,0.2425603593486805,2.5266704098820885,5.204941044357103,6.468276249298148,2.728804042672656,35.46337474839977,-64.53662525160023,-64.53662525160023
349066,Alexander Isak,2774,23,6,0.7462148521989906,0.1946647440519106,2025-05-30,120000000.0,1999-09-21,Attack,Liverpool FC,GB1,25.7741273100616,120.0,alexander isak,1999,1999.0,Attack,20.3,4.3,83,88,217,95,Liverpool FC,Premier League,0.6586157173756308,0.1395097332372026,2.6928622927180963,2.8550829127613553,7.040374909877433,3.0821917808219177,49.14362272912271,-70.85637727087729,-59.04698105906441
357662,Declan Rice,2833,4,7,0.1270737733851041,0.2223791034239322,2025-05-30,120000000.0,1999-01-14,Midfield,Arsenal FC,GB1,26.458590006844627,120.0,declan rice,1999,1999.0,Midfield,3.5,6.6,90,192,94,48,Arsenal FC,Premier League,0.11118955171196611,0.2096717260854218,2.8591599011648428,6.0995411224849985,2.986233674549947,1.5248852806212496,44.60250583213084,-75.39749416786916,-62.83124513989097
580195,Jamal Musiala,1805,12,4,0.5983379501385041,0.1994459833795014,2025-06-05,140000000.0,2003-02-26,Midfield,Bayern Munich,L1,22.340862422997947,140.0,jamal musiala,2003,2003.0,Midfield,9.3,4.5,71,107,156,68,Bayern Munich,Bundesliga,0.46371191135734074,0.22437673130193905,3.5401662049861495,5.335180055401662,7.778393351800554,3.390581717451523,56.98668433418433,-83.01331566581567,-59.295225475582626
433177,Bukayo Saka,1736,6,11,0.3110599078341014,0.5702764976958525,2025-05-30,150000000.0,2001-09-05,Attack,Arsenal FC,GB1,23.81656399726215,150.0,bukayo saka,2001,2001.0,Attack,6.8,7.6,96,70,255,66,Arsenal FC,Premier League,0.3525345622119816,0.3940092165898617,4.976958525345623,3.629032258064516,13.220046082949308,3.421658986175115,65.76350336700341,-84.23649663299659,-56.15766442199773
369081,Federico Valverde,3034,6,4,0.1779828609096901,0.1186552406064601,2025-06-09,130000000.0,1998-07-22,Midfield,Real Madrid,ES1,26.94045174537988,130.0,federico valverde,1998,1998.0,Midfield,2.7,3.1,66,226,76,57,Real Madrid,La Liga,0.08009228740936059,0.09195781147000659,1.957811470006592,6.704021094264997,2.254449571522742,1.6908371786420566,44.48543804806304,-85.51456195193697,-65.78043227072075
683840,Pedri,2895,4,5,0.1243523316062176,0.155440414507772,2025-06-09,140000000.0,2002-11-25,Midfield,FC Barcelona,ES1,22.595482546201232,140.0,pedri,2002,2002.0,Midfield,2.2,7.4,92,360,136,25,FC Barcelona,La Liga,0.0683937823834197,0.2300518134715026,2.8601036269430047,11.191709844559586,4.227979274611399,0.7772020725388601,47.813986605986585,-92.18601339401341,-65.8471524242953
342229,Kylian Mbappé,2917,31,3,0.9564621186150154,0.0925608501885498,2025-06-09,180000000.0,1998-12-20,Attack,Real Madrid,ES1,26.527036276522928,180.0,kylian mbappe,1998,1998.0,Attack,25.9,7.7,150,140,386,152,Real Madrid,La Liga,0.7991086732944807,0.23757284881727803,4.628042509427494,4.319506342132328,11.909496057593417,4.689749742886527,75.36782777870282,-104.63217222129718,-58.12898456738732
371998,Vinicius Junior,2258,11,10,0.4384410983170947,0.3985828166519043,2025-06-09,170000000.0,2000-07-12,Attack,Real Madrid,ES1,24.966461327857633,170.0,vinicius junior,2000,2000.0,Attack,10.4,8.0,169,85,256,78,Real Madrid,La Liga,0.41452612931798055,0.31886625332152346,6.736049601417183,3.387953941541187,10.20372010628875,3.108945969884854,61.40224935249936,-108.59775064750065,-63.88102979264744
937958,Lamine Yamal,2864,9,15,0.2828212290502793,0.4713687150837988,2025-06-09,200000000.0,2007-07-13,Attack,FC Barcelona,ES1,17.965776865160848,200.0,lamine yamal,2007,2007.0,Attack,9.8,13.9,181,160,433,144,FC Barcelona,La Liga,0.3079608938547486,0.4368016759776536,5.687849162011174,5.027932960893854,13.606843575418996,4.5251396648044695,89.21804257779253,-110.78195742220747,-55.390978711103735
581678,Jude Bellingham,2493,9,9,0.3249097472924188,0.3249097472924188,2025-06-09,180000000.0,2003-06-29,Midfield,Real Madrid,ES1,22.0041067761807,180.0,jude bellingham,2003,2003.0,Midfield,11.4,3.9,74,199,143,60,Real Madrid,La Liga,0.41155234657039713,0.1407942238267148,2.6714801444043323,7.184115523465704,5.16245487364621,2.1660649819494586,64.63320682095684,-115.36679317904316,-64.0926628772462
418560,Erling Haaland,2743,22,3,0.7218374043018592,0.0984323733138899,2025-05-30,180000000.0,2000-07-21,Attack,Manchester City,GB1,24.94182067077344,180.0,erling haaland,2000,2000.0,Attack,22.0,3.0,24,20,124,104,Manchester City,Premier League,0.7218374043018592,0.0984323733138899,0.7874589865111192,0.6562158220925993,4.068538096974116,3.4123222748815167,36.346284271284276,-143.65371572871572,-79.80761984928651
